1780408455.8623,DeepSeek-R1-Distill-Qwen-7B-Q4_K_M.gguf,4586.39,13.0579,0.0,0.0
1780408456.367859,DeepSeek-R1-Distill-Qwen-7B-Q4_K_M.gguf,4586.39,13.3725,0.0,0.0
1780408456.8730052,DeepSeek-R1-Distill-Qwen-7B-Q4_K_M.gguf,4586.41,13.2343,0.0,0.0
1780408457.378432,DeepSeek-R1-Distill-Qwen-7B-Q4_K_M.gguf,4586.41,13.0144,0.0,0.0
1780408457.884715,DeepSeek-R1-Distill-Qwen-7B-Q4_K_M.gguf,4586.41,13.4865,0.0,0.0
1780408458.389369,DeepSeek-R1-Distill-Qwen-7B-Q4_K_M.gguf,4586.41,13.1315,0.0,0.0
1780408458.8947358,DeepSeek-R1-Distill-Qwen-7B-Q4_K_M.gguf,4586.41,13.158,0.0,0.0
1780408459.400797,DeepSeek-R1-Distill-Qwen-7B-Q4_K_M.gguf,4586.41,13.623299999999999,0.0,0.0
1780408459.906262,DeepSeek-R1-Distill-Qwen-7B-Q4_K_M.gguf,4586.39,13.2814,0.0,0.0
1780408460.411606,DeepSeek-R1-Distill-Qwen-7B-Q4_K_M.gguf,4586.39,13.2565,0.0,0.0
1780408460.917356,DeepSeek-R1-Distill-Qwen-7B-Q4_K_M.gguf,4586.39,13.689200000000001,0.0,0.0
1780408461.423209,DeepSeek-R1-Distill-Qwen-7B-Q4_K_M.gguf,4586.39,13.3252,0.0,0.0
1780408461.928919,DeepSeek-R1-Distill-Qwen-7B-Q4_K_M.gguf,4586.39,13.4981,0.0,0.0
1780408462.434193,DeepSeek-R1-Distill-Qwen-7B-Q4_K_M.gguf,4586.39,13.8835,0.0,0.0
1780408462.939472,DeepSeek-R1-Distill-Qwen-7B-Q4_K_M.gguf,4586.39,12.9003,0.0,0.0
1780408463.444881,DeepSeek-R1-Distill-Qwen-7B-Q4_K_M.gguf,4586.39,11.927299999999999,0.0,0.0
1780408463.9509141,DeepSeek-R1-Distill-Qwen-7B-Q4_K_M.gguf,96.7,12.0804,0.0,0.0
1780408466.0788648,DeepSeek-R1-Distill-Qwen-7B-Q4_K_M.gguf,4586.0,13.210899999999999,0.0,0.0
1780408466.584477,DeepSeek-R1-Distill-Qwen-7B-Q4_K_M.gguf,4586.0,13.9659,0.0,0.0
1780408467.090333,DeepSeek-R1-Distill-Qwen-7B-Q4_K_M.gguf,4586.0,13.8071,0.0,0.0
1780408467.595978,DeepSeek-R1-Distill-Qwen-7B-Q4_K_M.gguf,4586.02,13.53,0.0,0.0
1780408468.101171,DeepSeek-R1-Distill-Qwen-7B-Q4_K_M.gguf,4586.02,13.441600000000001,0.0,0.0
1780408468.6069,DeepSeek-R1-Distill-Qwen-7B-Q4_K_M.gguf,4586.02,12.69,0.0,0.0
1780408469.112094,DeepSeek-R1-Distill-Qwen-7B-Q4_K_M.gguf,4586.02,12.6232,0.0,0.0
1780408469.6173692,DeepSeek-R1-Distill-Qwen-7B-Q4_K_M.gguf,4586.02,12.7186,0.0,0.0
1780408470.1234581,DeepSeek-R1-Distill-Qwen-7B-Q4_K_M.gguf,4586.0,12.282200000000001,0.0,0.0
1780408470.628747,DeepSeek-R1-Distill-Qwen-7B-Q4_K_M.gguf,4586.0,12.1841,0.0,0.0
1780408471.134184,DeepSeek-R1-Distill-Qwen-7B-Q4_K_M.gguf,4586.0,12.5138,0.0,0.0
1780408471.640352,DeepSeek-R1-Distill-Qwen-7B-Q4_K_M.gguf,4586.0,11.8405,0.0,0.0
1780408472.158415,DeepSeek-R1-Distill-Qwen-7B-Q4_K_M.gguf,4586.52,12.2987,0.0,0.0
1780408472.6543171,DeepSeek-R1-Distill-Qwen-7B-Q4_K_M.gguf,4586.78,16.3886,0.0,0.0
1780408473.1672819,DeepSeek-R1-Distill-Qwen-7B-Q4_K_M.gguf,4586.92,12.9353,0.0,0.0
1780408473.674679,DeepSeek-R1-Distill-Qwen-7B-Q4_K_M.gguf,4586.98,14.0969,0.0,0.0
1780408474.177227,DeepSeek-R1-Distill-Qwen-7B-Q4_K_M.gguf,4586.98,13.9466,0.0,0.0
1780408474.688944,DeepSeek-R1-Distill-Qwen-7B-Q4_K_M.gguf,97.3,12.344299999999999,0.0,0.0
1780408476.862735,DeepSeek-R1-Distill-Qwen-7B-Q4_K_M.gguf,4604.73,10.492,0.0,0.0
1780408477.369042,DeepSeek-R1-Distill-Qwen-7B-Q4_K_M.gguf,4604.75,6.3871400000000005,0.0,0.0
1780408477.873586,DeepSeek-R1-Distill-Qwen-7B-Q4_K_M.gguf,4604.75,6.64459,0.0,0.0
1780408478.379168,DeepSeek-R1-Distill-Qwen-7B-Q4_K_M.gguf,4604.75,7.663930000000001,0.0,0.0
1780408478.884633,DeepSeek-R1-Distill-Qwen-7B-Q4_K_M.gguf,4604.75,8.0321,0.0,0.0
1780408479.3908072,DeepSeek-R1-Distill-Qwen-7B-Q4_K_M.gguf,4604.75,7.30131,0.0,0.0
1780408479.895709,DeepSeek-R1-Distill-Qwen-7B-Q4_K_M.gguf,4604.75,7.05839,0.0,0.0
1780408480.40198,DeepSeek-R1-Distill-Qwen-7B-Q4_K_M.gguf,4604.77,7.06699,0.0,0.0
1780408480.907564,DeepSeek-R1-Distill-Qwen-7B-Q4_K_M.gguf,4604.73,8.135060000000001,0.0,0.0
1780408481.413079,DeepSeek-R1-Distill-Qwen-7B-Q4_K_M.gguf,4604.73,6.51228,0.0,0.0
1780408481.918269,DeepSeek-R1-Distill-Qwen-7B-Q4_K_M.gguf,4604.73,5.42561,0.0,0.0
1780408482.424551,DeepSeek-R1-Distill-Qwen-7B-Q4_K_M.gguf,4604.73,6.4292,0.0,0.0
1780408482.9302511,DeepSeek-R1-Distill-Qwen-7B-Q4_K_M.gguf,4604.73,6.28406,0.0,0.0
1780408483.436123,DeepSeek-R1-Distill-Qwen-7B-Q4_K_M.gguf,4604.73,6.91854,0.0,0.0
1780408483.941914,DeepSeek-R1-Distill-Qwen-7B-Q4_K_M.gguf,4604.73,6.26767,0.0,0.0
1780408484.4473479,DeepSeek-R1-Distill-Qwen-7B-Q4_K_M.gguf,4604.73,6.81608,0.0,0.0
1780408484.952578,DeepSeek-R1-Distill-Qwen-7B-Q4_K_M.gguf,4604.75,7.648020000000001,0.0,0.0
1780408485.458643,DeepSeek-R1-Distill-Qwen-7B-Q4_K_M.gguf,4604.75,7.56312,0.0,0.0
1780408485.9799008,DeepSeek-R1-Distill-Qwen-7B-Q4_K_M.gguf,115.09,7.3655,0.0,0.0
1780408488.006669,DeepSeek-R1-Distill-Qwen-7B-Q4_K_M.gguf,4584.66,10.8316,0.0,0.0
1780408488.511765,DeepSeek-R1-Distill-Qwen-7B-Q4_K_M.gguf,4584.69,9.58808,0.0,0.0
1780408489.017097,DeepSeek-R1-Distill-Qwen-7B-Q4_K_M.gguf,4584.69,9.36293,0.0,0.0
1780408489.5226932,DeepSeek-R1-Distill-Qwen-7B-Q4_K_M.gguf,4584.69,7.92989,0.0,0.0
1780408490.0280828,DeepSeek-R1-Distill-Qwen-7B-Q4_K_M.gguf,4584.69,6.7053,0.0,0.0
1780408490.534061,DeepSeek-R1-Distill-Qwen-7B-Q4_K_M.gguf,4584.69,6.587020000000001,0.0,0.0
1780408491.039756,DeepSeek-R1-Distill-Qwen-7B-Q4_K_M.gguf,4584.7,5.97376,0.0,0.0
1780408491.5454059,DeepSeek-R1-Distill-Qwen-7B-Q4_K_M.gguf,4584.7,5.7005,0.0,0.0
1780408492.05053,DeepSeek-R1-Distill-Qwen-7B-Q4_K_M.gguf,4584.7,5.96737,0.0,0.0
1780408492.555866,DeepSeek-R1-Distill-Qwen-7B-Q4_K_M.gguf,4584.7,6.774,0.0,0.0
1780408493.062092,DeepSeek-R1-Distill-Qwen-7B-Q4_K_M.gguf,4584.7,7.05102,0.0,0.0
1780408493.567452,DeepSeek-R1-Distill-Qwen-7B-Q4_K_M.gguf,4584.7,6.3771,0.0,0.0
1780408494.072771,DeepSeek-R1-Distill-Qwen-7B-Q4_K_M.gguf,4584.69,6.72094,0.0,0.0
1780408494.578994,DeepSeek-R1-Distill-Qwen-7B-Q4_K_M.gguf,95.03,6.81092,0.0,0.0
1780408496.688278,DeepSeek-R1-Distill-Qwen-7B-Q4_K_M.gguf,4585.98,10.1735,0.0,0.0
1780408497.193635,DeepSeek-R1-Distill-Qwen-7B-Q4_K_M.gguf,4586.0,8.784180000000001,0.0,0.0
1780408497.70064,DeepSeek-R1-Distill-Qwen-7B-Q4_K_M.gguf,4586.02,7.59234,0.0,0.0
1780408498.2058592,DeepSeek-R1-Distill-Qwen-7B-Q4_K_M.gguf,4586.02,9.599120000000001,0.0,0.0
1780408498.711114,DeepSeek-R1-Distill-Qwen-7B-Q4_K_M.gguf,4586.02,5.87374,0.0,0.0
1780408499.217824,DeepSeek-R1-Distill-Qwen-7B-Q4_K_M.gguf,4586.02,4.72767,0.0,0.0
1780408499.72178,DeepSeek-R1-Distill-Qwen-7B-Q4_K_M.gguf,4586.02,5.11167,0.0,0.0
1780408500.22787,DeepSeek-R1-Distill-Qwen-7B-Q4_K_M.gguf,4586.02,5.5033900000000004,0.0,0.0
1780408500.7335522,DeepSeek-R1-Distill-Qwen-7B-Q4_K_M.gguf,4585.97,5.6019499999999995,0.0,0.0
1780408501.238355,DeepSeek-R1-Distill-Qwen-7B-Q4_K_M.gguf,4585.97,5.82728,0.0,0.0
1780408501.743646,DeepSeek-R1-Distill-Qwen-7B-Q4_K_M.gguf,4585.97,5.75863,0.0,0.0
1780408502.2497122,DeepSeek-R1-Distill-Qwen-7B-Q4_K_M.gguf,4585.97,5.65501,0.0,0.0
1780408502.754913,DeepSeek-R1-Distill-Qwen-7B-Q4_K_M.gguf,4585.97,5.74878,0.0,0.0
1780408503.260988,DeepSeek-R1-Distill-Qwen-7B-Q4_K_M.gguf,4585.97,5.19454,0.0,0.0
1780408503.766335,DeepSeek-R1-Distill-Qwen-7B-Q4_K_M.gguf,4585.97,5.79666,0.0,0.0
1780408504.272168,DeepSeek-R1-Distill-Qwen-7B-Q4_K_M.gguf,4585.97,4.78025,0.0,0.0
1780408504.7773151,DeepSeek-R1-Distill-Qwen-7B-Q4_K_M.gguf,4585.97,5.2005,0.0,0.0
1780408505.283377,DeepSeek-R1-Distill-Qwen-7B-Q4_K_M.gguf,4585.97,5.17509,0.0,0.0
1780408505.788509,DeepSeek-R1-Distill-Qwen-7B-Q4_K_M.gguf,4585.97,4.98707,0.0,0.0
1780408506.301398,DeepSeek-R1-Distill-Qwen-7B-Q4_K_M.gguf,96.31,4.94791,0.0,0.0
1780408508.415387,DeepSeek-R1-Distill-Qwen-7B-Q4_K_M.gguf,4607.88,7.7954300000000005,0.0,0.0
1780408508.920774,DeepSeek-R1-Distill-Qwen-7B-Q4_K_M.gguf,4607.88,7.08471,0.0,0.0
1780408509.4260218,DeepSeek-R1-Distill-Qwen-7B-Q4_K_M.gguf,4607.89,4.6062899999999996,0.0,0.0
1780408509.931208,DeepSeek-R1-Distill-Qwen-7B-Q4_K_M.gguf,4607.89,3.9693899999999998,0.0,0.0
1780408510.437273,DeepSeek-R1-Distill-Qwen-7B-Q4_K_M.gguf,4607.89,4.4204799999999995,0.0,0.0
1780408510.943155,DeepSeek-R1-Distill-Qwen-7B-Q4_K_M.gguf,4607.89,4.68049,0.0,0.0
1780408511.4484649,DeepSeek-R1-Distill-Qwen-7B-Q4_K_M.gguf,4607.89,3.94765,0.0,0.0
1780408511.9537332,DeepSeek-R1-Distill-Qwen-7B-Q4_K_M.gguf,4607.89,4.71666,0.0,0.0
1780408512.459052,DeepSeek-R1-Distill-Qwen-7B-Q4_K_M.gguf,4607.86,4.5009,0.0,0.0
1780408512.964759,DeepSeek-R1-Distill-Qwen-7B-Q4_K_M.gguf,4607.86,4.41275,0.0,0.0
1780408513.470614,DeepSeek-R1-Distill-Qwen-7B-Q4_K_M.gguf,4607.86,4.22268,0.0,0.0
1780408513.976529,DeepSeek-R1-Distill-Qwen-7B-Q4_K_M.gguf,4607.86,3.87664,0.0,0.0
1780408514.481817,DeepSeek-R1-Distill-Qwen-7B-Q4_K_M.gguf,4607.86,3.52029,0.0,0.0
1780408514.987776,DeepSeek-R1-Distill-Qwen-7B-Q4_K_M.gguf,4607.86,3.5064699999999998,0.0,0.0
1780408515.493812,DeepSeek-R1-Distill-Qwen-7B-Q4_K_M.gguf,4607.86,4.463439999999999,0.0,0.0
1780408515.99964,DeepSeek-R1-Distill-Qwen-7B-Q4_K_M.gguf,4607.86,3.7599099999999996,0.0,0.0
1780408516.5048268,DeepSeek-R1-Distill-Qwen-7B-Q4_K_M.gguf,4607.86,4.07204,0.0,0.0
1780408517.0100632,DeepSeek-R1-Distill-Qwen-7B-Q4_K_M.gguf,4607.86,4.18564,0.0,0.0
1780408517.516054,DeepSeek-R1-Distill-Qwen-7B-Q4_K_M.gguf,4607.86,4.19252,0.0,0.0
1780408518.0212789,DeepSeek-R1-Distill-Qwen-7B-Q4_K_M.gguf,4607.86,3.9776,0.0,0.0
1780408518.5273721,DeepSeek-R1-Distill-Qwen-7B-Q4_K_M.gguf,4607.86,3.54476,0.0,0.0
1780408519.033132,DeepSeek-R1-Distill-Qwen-7B-Q4_K_M.gguf,4607.86,3.47425,0.0,0.0
1780408519.538464,DeepSeek-R1-Distill-Qwen-7B-Q4_K_M.gguf,4607.86,3.28585,0.0,0.0
1780408520.058493,DeepSeek-R1-Distill-Qwen-7B-Q4_K_M.gguf,118.2,3.6021799999999997,0.0,0.0
1780408522.090702,DeepSeek-R1-Distill-Qwen-7B-Q4_K_M.gguf,4586.2,5.09796,0.0,0.0
1780408522.595572,DeepSeek-R1-Distill-Qwen-7B-Q4_K_M.gguf,4586.2,2.85302,0.0,0.0
1780408523.1010401,DeepSeek-R1-Distill-Qwen-7B-Q4_K_M.gguf,4586.2,3.01684,0.0,0.0
1780408523.606843,DeepSeek-R1-Distill-Qwen-7B-Q4_K_M.gguf,4586.2,3.22062,0.0,0.0
1780408524.1124742,DeepSeek-R1-Distill-Qwen-7B-Q4_K_M.gguf,4586.2,3.3018,0.0,0.0
1780408524.6186628,DeepSeek-R1-Distill-Qwen-7B-Q4_K_M.gguf,4586.2,4.23955,0.0,0.0
1780408525.124705,DeepSeek-R1-Distill-Qwen-7B-Q4_K_M.gguf,4586.2,5.21324,0.0,0.0
1780408525.631115,DeepSeek-R1-Distill-Qwen-7B-Q4_K_M.gguf,4586.2,2.4529099999999997,0.0,0.0
1780408526.137036,DeepSeek-R1-Distill-Qwen-7B-Q4_K_M.gguf,4586.16,3.3734,0.0,0.0
1780408526.6423109,DeepSeek-R1-Distill-Qwen-7B-Q4_K_M.gguf,4586.16,2.5116199999999997,0.0,0.0
1780408527.148334,DeepSeek-R1-Distill-Qwen-7B-Q4_K_M.gguf,4586.16,3.41603,0.0,0.0
1780408527.654182,DeepSeek-R1-Distill-Qwen-7B-Q4_K_M.gguf,4586.16,3.4582100000000002,0.0,0.0
1780408528.159553,DeepSeek-R1-Distill-Qwen-7B-Q4_K_M.gguf,4586.16,3.34685,0.0,0.0
1780408528.66525,DeepSeek-R1-Distill-Qwen-7B-Q4_K_M.gguf,4586.16,3.12523,0.0,0.0
1780408529.1715891,DeepSeek-R1-Distill-Qwen-7B-Q4_K_M.gguf,4586.16,3.2365399999999998,0.0,0.0
1780408529.677702,DeepSeek-R1-Distill-Qwen-7B-Q4_K_M.gguf,4586.16,3.03906,0.0,0.0
1780408530.184275,DeepSeek-R1-Distill-Qwen-7B-Q4_K_M.gguf,4586.16,2.85134,0.0,0.0
1780408530.6899421,DeepSeek-R1-Distill-Qwen-7B-Q4_K_M.gguf,4586.16,2.8731999999999998,0.0,0.0
1780408531.1961432,DeepSeek-R1-Distill-Qwen-7B-Q4_K_M.gguf,4586.16,2.1541,0.0,0.0
1780408531.702142,DeepSeek-R1-Distill-Qwen-7B-Q4_K_M.gguf,4586.16,2.46645,0.0,0.0
1780408532.2109451,DeepSeek-R1-Distill-Qwen-7B-Q4_K_M.gguf,4586.16,3.27511,0.0,0.0
1780408532.7143989,DeepSeek-R1-Distill-Qwen-7B-Q4_K_M.gguf,4586.16,3.84756,0.0,0.0
1780408533.219967,DeepSeek-R1-Distill-Qwen-7B-Q4_K_M.gguf,4586.16,3.1793899999999997,0.0,0.0
1780408533.725512,DeepSeek-R1-Distill-Qwen-7B-Q4_K_M.gguf,4586.16,2.83145,0.0,0.0
1780408534.238608,DeepSeek-R1-Distill-Qwen-7B-Q4_K_M.gguf,4586.16,2.49625,0.0,0.0
1780408534.740927,DeepSeek-R1-Distill-Qwen-7B-Q4_K_M.gguf,4586.53,2.7153899999999997,0.0,0.0
1780408535.246824,DeepSeek-R1-Distill-Qwen-7B-Q4_K_M.gguf,4586.53,2.4654000000000003,0.0,0.0
1780408535.764077,DeepSeek-R1-Distill-Qwen-7B-Q4_K_M.gguf,4586.56,3.32376,0.0,0.0
1780408536.264297,DeepSeek-R1-Distill-Qwen-7B-Q4_K_M.gguf,4586.7,3.3675100000000002,0.0,0.0
1780408536.771843,DeepSeek-R1-Distill-Qwen-7B-Q4_K_M.gguf,4586.7,2.60082,0.0,0.0
1780408537.2764502,DeepSeek-R1-Distill-Qwen-7B-Q4_K_M.gguf,4586.7,3.04819,0.0,0.0
1780408537.782207,DeepSeek-R1-Distill-Qwen-7B-Q4_K_M.gguf,4586.7,1.94248,0.0,0.0
1780408539.973716,DeepSeek-R1-Distill-Qwen-7B-Q4_K_M.gguf,4589.38,2.0746100000000003,0.0,0.0
1780408540.479869,DeepSeek-R1-Distill-Qwen-7B-Q4_K_M.gguf,4589.38,1.8043,0.0,0.0
1780408540.9860091,DeepSeek-R1-Distill-Qwen-7B-Q4_K_M.gguf,4589.41,2.37608,0.0,0.0
1780408541.49181,DeepSeek-R1-Distill-Qwen-7B-Q4_K_M.gguf,4589.42,2.48371,0.0,0.0
1780408541.9976058,DeepSeek-R1-Distill-Qwen-7B-Q4_K_M.gguf,4589.42,2.5212399999999997,0.0,0.0
1780408542.50382,DeepSeek-R1-Distill-Qwen-7B-Q4_K_M.gguf,4589.44,3.05521,0.0,0.0
1780408543.0094159,DeepSeek-R1-Distill-Qwen-7B-Q4_K_M.gguf,4589.44,2.85784,0.0,0.0
1780408543.514969,DeepSeek-R1-Distill-Qwen-7B-Q4_K_M.gguf,4589.44,2.42478,0.0,0.0
1780408544.026998,DeepSeek-R1-Distill-Qwen-7B-Q4_K_M.gguf,4589.91,2.4301999999999997,0.0,0.0
1780408544.529608,DeepSeek-R1-Distill-Qwen-7B-Q4_K_M.gguf,4589.91,2.57907,0.0,0.0
1780408545.036067,DeepSeek-R1-Distill-Qwen-7B-Q4_K_M.gguf,4589.91,2.13068,0.0,0.0
1780408545.542662,DeepSeek-R1-Distill-Qwen-7B-Q4_K_M.gguf,4589.91,2.1492600000000004,0.0,0.0
1780408546.04927,DeepSeek-R1-Distill-Qwen-7B-Q4_K_M.gguf,4589.91,2.61071,0.0,0.0
1780408546.555126,DeepSeek-R1-Distill-Qwen-7B-Q4_K_M.gguf,4589.91,2.44282,0.0,0.0
1780408547.061492,DeepSeek-R1-Distill-Qwen-7B-Q4_K_M.gguf,4589.91,2.5363,0.0,0.0
1780408547.5711591,DeepSeek-R1-Distill-Qwen-7B-Q4_K_M.gguf,4589.91,2.59634,0.0,0.0
1780408548.076222,DeepSeek-R1-Distill-Qwen-7B-Q4_K_M.gguf,4589.91,2.22759,0.0,0.0
1780408548.582121,DeepSeek-R1-Distill-Qwen-7B-Q4_K_M.gguf,4589.91,1.96525,0.0,0.0
1780408549.0893068,DeepSeek-R1-Distill-Qwen-7B-Q4_K_M.gguf,4589.91,2.5023299999999997,0.0,0.0
1780408549.595993,DeepSeek-R1-Distill-Qwen-7B-Q4_K_M.gguf,4589.91,2.88747,0.0,0.0
1780408550.10186,DeepSeek-R1-Distill-Qwen-7B-Q4_K_M.gguf,4589.91,2.37442,0.0,0.0
1780408550.60797,DeepSeek-R1-Distill-Qwen-7B-Q4_K_M.gguf,4589.91,2.12398,0.0,0.0
1780408551.114626,DeepSeek-R1-Distill-Qwen-7B-Q4_K_M.gguf,4589.91,1.73272,0.0,0.0
1780408551.6206589,DeepSeek-R1-Distill-Qwen-7B-Q4_K_M.gguf,4589.91,2.24107,0.0,0.0
1780408552.126401,DeepSeek-R1-Distill-Qwen-7B-Q4_K_M.gguf,4589.91,2.56671,0.0,0.0
1780408552.632094,DeepSeek-R1-Distill-Qwen-7B-Q4_K_M.gguf,4589.91,2.30019,0.0,0.0
1780408553.138745,DeepSeek-R1-Distill-Qwen-7B-Q4_K_M.gguf,4589.91,2.1881999999999997,0.0,0.0
1780408553.645289,DeepSeek-R1-Distill-Qwen-7B-Q4_K_M.gguf,4589.91,2.1205100000000003,0.0,0.0
1780408554.1511822,DeepSeek-R1-Distill-Qwen-7B-Q4_K_M.gguf,4589.91,2.03029,0.0,0.0
1780408554.656624,DeepSeek-R1-Distill-Qwen-7B-Q4_K_M.gguf,4589.91,2.03704,0.0,0.0
1780408555.162745,DeepSeek-R1-Distill-Qwen-7B-Q4_K_M.gguf,4589.91,2.20699,0.0,0.0
1780408555.6693408,DeepSeek-R1-Distill-Qwen-7B-Q4_K_M.gguf,4589.91,2.18567,0.0,0.0
1780408556.175238,DeepSeek-R1-Distill-Qwen-7B-Q4_K_M.gguf,4589.91,2.08501,0.0,0.0
1780408556.681022,DeepSeek-R1-Distill-Qwen-7B-Q4_K_M.gguf,4589.91,2.05566,0.0,0.0
1780408557.187268,DeepSeek-R1-Distill-Qwen-7B-Q4_K_M.gguf,4589.91,2.2231199999999998,0.0,0.0
1780408557.6934521,DeepSeek-R1-Distill-Qwen-7B-Q4_K_M.gguf,4589.91,2.00048,0.0,0.0
1780408558.1992269,DeepSeek-R1-Distill-Qwen-7B-Q4_K_M.gguf,4589.91,1.95223,0.0,0.0
1780408558.7049081,DeepSeek-R1-Distill-Qwen-7B-Q4_K_M.gguf,4589.91,2.1500100000000004,0.0,0.0
1780408559.212491,DeepSeek-R1-Distill-Qwen-7B-Q4_K_M.gguf,4589.91,2.1874499999999997,0.0,0.0
1780408559.716972,DeepSeek-R1-Distill-Qwen-7B-Q4_K_M.gguf,4589.91,2.06209,0.0,0.0
1780408560.23567,DeepSeek-R1-Distill-Qwen-7B-Q4_K_M.gguf,100.22,2.06427,0.0,0.0
1780408562.491528,DeepSeek-R1-Distill-Qwen-7B-Q4_K_M.gguf,4585.8,2.11812,0.0,0.0
1780408562.9965491,DeepSeek-R1-Distill-Qwen-7B-Q4_K_M.gguf,4585.8,1.8506300000000002,0.0,0.0
1780408563.503447,DeepSeek-R1-Distill-Qwen-7B-Q4_K_M.gguf,4585.8,2.01329,0.0,0.0
1780408564.009005,DeepSeek-R1-Distill-Qwen-7B-Q4_K_M.gguf,4585.8,2.03254,0.0,0.0
1780408564.515214,DeepSeek-R1-Distill-Qwen-7B-Q4_K_M.gguf,4585.8,2.02604,0.0,0.0
1780408565.021194,DeepSeek-R1-Distill-Qwen-7B-Q4_K_M.gguf,4585.8,2.04684,0.0,0.0
1780408565.5275478,DeepSeek-R1-Distill-Qwen-7B-Q4_K_M.gguf,4585.8,2.05938,0.0,0.0
1780408566.0336692,DeepSeek-R1-Distill-Qwen-7B-Q4_K_M.gguf,4585.78,1.9672100000000001,0.0,0.0
1780408566.539731,DeepSeek-R1-Distill-Qwen-7B-Q4_K_M.gguf,4585.78,2.0595700000000003,0.0,0.0
1780408567.04593,DeepSeek-R1-Distill-Qwen-7B-Q4_K_M.gguf,4585.78,1.9972,0.0,0.0
1780408567.552005,DeepSeek-R1-Distill-Qwen-7B-Q4_K_M.gguf,4585.78,2.00537,0.0,0.0
1780408568.05816,DeepSeek-R1-Distill-Qwen-7B-Q4_K_M.gguf,4585.78,1.91643,0.0,0.0
1780408568.56406,DeepSeek-R1-Distill-Qwen-7B-Q4_K_M.gguf,4585.78,1.82366,0.0,0.0
1780408569.0699232,DeepSeek-R1-Distill-Qwen-7B-Q4_K_M.gguf,4585.78,1.87664,0.0,0.0
1780408569.575456,DeepSeek-R1-Distill-Qwen-7B-Q4_K_M.gguf,4585.78,2.02337,0.0,0.0
1780408570.081665,DeepSeek-R1-Distill-Qwen-7B-Q4_K_M.gguf,4585.78,2.15435,0.0,0.0
1780408570.587287,DeepSeek-R1-Distill-Qwen-7B-Q4_K_M.gguf,4585.78,1.9403299999999999,0.0,0.0
1780408571.09277,DeepSeek-R1-Distill-Qwen-7B-Q4_K_M.gguf,4585.78,2.0313,0.0,0.0
1780408571.598558,DeepSeek-R1-Distill-Qwen-7B-Q4_K_M.gguf,4585.78,2.02431,0.0,0.0
1780408572.105377,DeepSeek-R1-Distill-Qwen-7B-Q4_K_M.gguf,4585.78,2.03964,0.0,0.0
1780408572.6106591,DeepSeek-R1-Distill-Qwen-7B-Q4_K_M.gguf,4585.78,1.88824,0.0,0.0
1780408573.1164858,DeepSeek-R1-Distill-Qwen-7B-Q4_K_M.gguf,4585.78,1.94303,0.0,0.0
1780408573.622238,DeepSeek-R1-Distill-Qwen-7B-Q4_K_M.gguf,4585.78,2.1004099999999997,0.0,0.0
1780408574.128503,DeepSeek-R1-Distill-Qwen-7B-Q4_K_M.gguf,4585.78,1.96506,0.0,0.0
1780408574.6343129,DeepSeek-R1-Distill-Qwen-7B-Q4_K_M.gguf,4585.78,1.9831400000000001,0.0,0.0
1780408575.1395772,DeepSeek-R1-Distill-Qwen-7B-Q4_K_M.gguf,4585.78,2.00569,0.0,0.0
1780408575.6452281,DeepSeek-R1-Distill-Qwen-7B-Q4_K_M.gguf,4585.78,2.06382,0.0,0.0
1780408576.150965,DeepSeek-R1-Distill-Qwen-7B-Q4_K_M.gguf,4585.78,2.08906,0.0,0.0
1780408576.656859,DeepSeek-R1-Distill-Qwen-7B-Q4_K_M.gguf,4585.78,2.00737,0.0,0.0
1780408577.1633458,DeepSeek-R1-Distill-Qwen-7B-Q4_K_M.gguf,4585.78,1.99322,0.0,0.0
1780408577.6692522,DeepSeek-R1-Distill-Qwen-7B-Q4_K_M.gguf,4585.78,1.85053,0.0,0.0
1780408578.174507,DeepSeek-R1-Distill-Qwen-7B-Q4_K_M.gguf,4585.78,2.07032,0.0,0.0
1780408578.680612,DeepSeek-R1-Distill-Qwen-7B-Q4_K_M.gguf,4585.78,2.0454,0.0,0.0
1780408579.186353,DeepSeek-R1-Distill-Qwen-7B-Q4_K_M.gguf,4585.78,1.97427,0.0,0.0
1780408579.691582,DeepSeek-R1-Distill-Qwen-7B-Q4_K_M.gguf,4585.78,2.00025,0.0,0.0
1780408580.1972659,DeepSeek-R1-Distill-Qwen-7B-Q4_K_M.gguf,4585.78,2.1035100000000004,0.0,0.0
1780408580.703671,DeepSeek-R1-Distill-Qwen-7B-Q4_K_M.gguf,4585.78,2.1113299999999997,0.0,0.0
1780408581.2086568,DeepSeek-R1-Distill-Qwen-7B-Q4_K_M.gguf,4585.78,2.0428699999999997,0.0,0.0
1780408581.7144582,DeepSeek-R1-Distill-Qwen-7B-Q4_K_M.gguf,4585.78,2.02183,0.0,0.0
1780408582.220187,DeepSeek-R1-Distill-Qwen-7B-Q4_K_M.gguf,4585.78,2.15471,0.0,0.0
1780408582.7258189,DeepSeek-R1-Distill-Qwen-7B-Q4_K_M.gguf,4585.78,2.03632,0.0,0.0
1780408583.231446,DeepSeek-R1-Distill-Qwen-7B-Q4_K_M.gguf,4585.78,1.97547,0.0,0.0
1780408585.579456,DeepSeek-R1-Distill-Qwen-7B-Q4_K_M.gguf,4586.03,1.37152,0.0,0.0
1780408586.084658,DeepSeek-R1-Distill-Qwen-7B-Q4_K_M.gguf,4586.06,1.22706,0.0,0.0
1780408586.590382,DeepSeek-R1-Distill-Qwen-7B-Q4_K_M.gguf,4586.06,1.90901,0.0,0.0
1780408587.096938,DeepSeek-R1-Distill-Qwen-7B-Q4_K_M.gguf,4586.08,2.39332,0.0,0.0
1780408587.602941,DeepSeek-R1-Distill-Qwen-7B-Q4_K_M.gguf,4586.08,2.37171,0.0,0.0
1780408588.1087518,DeepSeek-R1-Distill-Qwen-7B-Q4_K_M.gguf,4586.08,2.1099200000000002,0.0,0.0
1780408588.6145642,DeepSeek-R1-Distill-Qwen-7B-Q4_K_M.gguf,4586.08,2.1110100000000003,0.0,0.0
1780408589.120672,DeepSeek-R1-Distill-Qwen-7B-Q4_K_M.gguf,4586.08,2.117,0.0,0.0
1780408589.6268559,DeepSeek-R1-Distill-Qwen-7B-Q4_K_M.gguf,4586.03,2.02553,0.0,0.0
1780408590.1336918,DeepSeek-R1-Distill-Qwen-7B-Q4_K_M.gguf,4586.03,1.93251,0.0,0.0
1780408590.639968,DeepSeek-R1-Distill-Qwen-7B-Q4_K_M.gguf,4586.03,2.05698,0.0,0.0
1780408591.145568,DeepSeek-R1-Distill-Qwen-7B-Q4_K_M.gguf,4586.03,3.14391,0.0,0.0
1780408591.6517591,DeepSeek-R1-Distill-Qwen-7B-Q4_K_M.gguf,4586.03,1.83277,0.0,0.0
1780408592.157259,DeepSeek-R1-Distill-Qwen-7B-Q4_K_M.gguf,4586.03,2.16439,0.0,0.0
1780408592.662973,DeepSeek-R1-Distill-Qwen-7B-Q4_K_M.gguf,4586.03,2.19745,0.0,0.0
1780408593.1687481,DeepSeek-R1-Distill-Qwen-7B-Q4_K_M.gguf,4586.03,2.27966,0.0,0.0
1780408593.674334,DeepSeek-R1-Distill-Qwen-7B-Q4_K_M.gguf,4586.03,2.09025,0.0,0.0
1780408594.180096,DeepSeek-R1-Distill-Qwen-7B-Q4_K_M.gguf,4586.03,2.03837,0.0,0.0
1780408594.685819,DeepSeek-R1-Distill-Qwen-7B-Q4_K_M.gguf,4586.03,2.2193,0.0,0.0
1780408595.191636,DeepSeek-R1-Distill-Qwen-7B-Q4_K_M.gguf,4586.03,2.13135,0.0,0.0
1780408595.69767,DeepSeek-R1-Distill-Qwen-7B-Q4_K_M.gguf,4586.03,2.02867,0.0,0.0
1780408596.20314,DeepSeek-R1-Distill-Qwen-7B-Q4_K_M.gguf,4586.05,2.0303299999999997,0.0,0.0
1780408596.709991,DeepSeek-R1-Distill-Qwen-7B-Q4_K_M.gguf,4586.05,2.25538,0.0,0.0
1780408597.214302,DeepSeek-R1-Distill-Qwen-7B-Q4_K_M.gguf,4586.05,2.3262899999999997,0.0,0.0
1780408597.720475,DeepSeek-R1-Distill-Qwen-7B-Q4_K_M.gguf,4586.05,2.24185,0.0,0.0
1780408598.225729,DeepSeek-R1-Distill-Qwen-7B-Q4_K_M.gguf,4586.05,2.0483800000000003,0.0,0.0
1780408598.731333,DeepSeek-R1-Distill-Qwen-7B-Q4_K_M.gguf,4586.05,2.15825,0.0,0.0
1780408599.236684,DeepSeek-R1-Distill-Qwen-7B-Q4_K_M.gguf,4586.06,2.31471,0.0,0.0
1780408599.742233,DeepSeek-R1-Distill-Qwen-7B-Q4_K_M.gguf,4586.06,2.17935,0.0,0.0
1780408600.248048,DeepSeek-R1-Distill-Qwen-7B-Q4_K_M.gguf,4586.06,2.11355,0.0,0.0
1780408600.7537742,DeepSeek-R1-Distill-Qwen-7B-Q4_K_M.gguf,4586.06,2.28091,0.0,0.0
1780408601.259161,DeepSeek-R1-Distill-Qwen-7B-Q4_K_M.gguf,4586.06,2.2148600000000003,0.0,0.0
1780408601.765043,DeepSeek-R1-Distill-Qwen-7B-Q4_K_M.gguf,4586.06,2.11644,0.0,0.0
1780408602.273391,DeepSeek-R1-Distill-Qwen-7B-Q4_K_M.gguf,4586.06,2.2232399999999997,0.0,0.0
1780408602.776138,DeepSeek-R1-Distill-Qwen-7B-Q4_K_M.gguf,4586.06,2.2570300000000003,0.0,0.0
1780408603.281889,DeepSeek-R1-Distill-Qwen-7B-Q4_K_M.gguf,4586.06,2.4095999999999997,0.0,0.0
1780408603.787821,DeepSeek-R1-Distill-Qwen-7B-Q4_K_M.gguf,4586.06,2.2248099999999997,0.0,0.0
1780408604.2931259,DeepSeek-R1-Distill-Qwen-7B-Q4_K_M.gguf,4586.06,2.21041,0.0,0.0
1780408604.798848,DeepSeek-R1-Distill-Qwen-7B-Q4_K_M.gguf,4586.06,2.17275,0.0,0.0
1780408605.304327,DeepSeek-R1-Distill-Qwen-7B-Q4_K_M.gguf,4586.06,2.38021,0.0,0.0
1780408605.809684,DeepSeek-R1-Distill-Qwen-7B-Q4_K_M.gguf,4586.06,2.258,0.0,0.0
1780408686.3814871,DeepSeek-R1-Distill-Qwen-7B-Q4_K_M.gguf,4683.12,6.21411,0.0,0.0
1780408686.887868,DeepSeek-R1-Distill-Qwen-7B-Q4_K_M.gguf,4683.12,4.20766,0.0,0.0
1780408687.3934011,DeepSeek-R1-Distill-Qwen-7B-Q4_K_M.gguf,4683.12,2.66128,0.0,0.0
1780408687.899124,DeepSeek-R1-Distill-Qwen-7B-Q4_K_M.gguf,4683.12,2.20543,0.0,0.0
1780408688.404563,DeepSeek-R1-Distill-Qwen-7B-Q4_K_M.gguf,4683.14,2.63324,0.0,0.0
1780408688.910392,DeepSeek-R1-Distill-Qwen-7B-Q4_K_M.gguf,4683.14,2.8169299999999997,0.0,0.0
1780408689.41655,DeepSeek-R1-Distill-Qwen-7B-Q4_K_M.gguf,4683.14,2.69553,0.0,0.0
1780408689.9219131,DeepSeek-R1-Distill-Qwen-7B-Q4_K_M.gguf,4683.14,2.77754,0.0,0.0
1780408690.4272199,DeepSeek-R1-Distill-Qwen-7B-Q4_K_M.gguf,4683.09,3.11637,0.0,0.0
1780408690.932914,DeepSeek-R1-Distill-Qwen-7B-Q4_K_M.gguf,4683.09,3.2041500000000003,0.0,0.0
1780408691.4383402,DeepSeek-R1-Distill-Qwen-7B-Q4_K_M.gguf,4683.09,3.05728,0.0,0.0
1780408691.944273,DeepSeek-R1-Distill-Qwen-7B-Q4_K_M.gguf,4683.09,2.92733,0.0,0.0
1780408692.450068,DeepSeek-R1-Distill-Qwen-7B-Q4_K_M.gguf,4683.09,2.63525,0.0,0.0
1780408692.95593,DeepSeek-R1-Distill-Qwen-7B-Q4_K_M.gguf,4683.09,2.98001,0.0,0.0
1780408693.461684,DeepSeek-R1-Distill-Qwen-7B-Q4_K_M.gguf,4683.09,2.75539,0.0,0.0
1780408693.967629,DeepSeek-R1-Distill-Qwen-7B-Q4_K_M.gguf,4683.09,2.84919,0.0,0.0
1780408694.4733372,DeepSeek-R1-Distill-Qwen-7B-Q4_K_M.gguf,4683.09,2.91142,0.0,0.0
1780408694.9787252,DeepSeek-R1-Distill-Qwen-7B-Q4_K_M.gguf,4683.09,3.21093,0.0,0.0
1780408695.484799,DeepSeek-R1-Distill-Qwen-7B-Q4_K_M.gguf,4683.09,3.17606,0.0,0.0
1780408695.9905229,DeepSeek-R1-Distill-Qwen-7B-Q4_K_M.gguf,4683.09,3.11948,0.0,0.0
1780408696.495914,DeepSeek-R1-Distill-Qwen-7B-Q4_K_M.gguf,4683.09,2.893,0.0,0.0
1780408697.001488,DeepSeek-R1-Distill-Qwen-7B-Q4_K_M.gguf,4683.09,2.8873800000000003,0.0,0.0
1780408697.507338,DeepSeek-R1-Distill-Qwen-7B-Q4_K_M.gguf,4683.11,2.78738,0.0,0.0
1780408698.012714,DeepSeek-R1-Distill-Qwen-7B-Q4_K_M.gguf,4683.11,2.9373400000000003,0.0,0.0
1780408698.5190341,DeepSeek-R1-Distill-Qwen-7B-Q4_K_M.gguf,4683.11,2.9244899999999996,0.0,0.0
1780408699.024789,DeepSeek-R1-Distill-Qwen-7B-Q4_K_M.gguf,4683.11,2.64148,0.0,0.0
1780408699.530566,DeepSeek-R1-Distill-Qwen-7B-Q4_K_M.gguf,4683.11,2.7829800000000002,0.0,0.0
1780408700.036148,DeepSeek-R1-Distill-Qwen-7B-Q4_K_M.gguf,4683.11,3.2177800000000003,0.0,0.0
1780408700.5419369,DeepSeek-R1-Distill-Qwen-7B-Q4_K_M.gguf,4683.11,2.82642,0.0,0.0
1780408702.692182,DeepSeek-R1-Distill-Qwen-7B-Q4_K_M.gguf,4668.66,3.46252,0.0,0.0
1780408703.19745,DeepSeek-R1-Distill-Qwen-7B-Q4_K_M.gguf,4668.66,2.6580700000000004,0.0,0.0
1780408703.7035751,DeepSeek-R1-Distill-Qwen-7B-Q4_K_M.gguf,4668.66,2.79263,0.0,0.0
1780408704.2092512,DeepSeek-R1-Distill-Qwen-7B-Q4_K_M.gguf,4668.66,2.8010900000000003,0.0,0.0
1780408704.714627,DeepSeek-R1-Distill-Qwen-7B-Q4_K_M.gguf,4668.66,2.7700500000000003,0.0,0.0
1780408705.220444,DeepSeek-R1-Distill-Qwen-7B-Q4_K_M.gguf,4668.66,3.0974299999999997,0.0,0.0
1780408705.726699,DeepSeek-R1-Distill-Qwen-7B-Q4_K_M.gguf,4668.66,3.01325,0.0,0.0
1780408706.232307,DeepSeek-R1-Distill-Qwen-7B-Q4_K_M.gguf,4668.64,2.86943,0.0,0.0
1780408706.738351,DeepSeek-R1-Distill-Qwen-7B-Q4_K_M.gguf,4668.64,2.5988800000000003,0.0,0.0
1780408707.243881,DeepSeek-R1-Distill-Qwen-7B-Q4_K_M.gguf,4668.64,2.80847,0.0,0.0
1780408707.749218,DeepSeek-R1-Distill-Qwen-7B-Q4_K_M.gguf,4668.64,2.89604,0.0,0.0
1780408708.254975,DeepSeek-R1-Distill-Qwen-7B-Q4_K_M.gguf,4668.64,3.32411,0.0,0.0
1780408708.760341,DeepSeek-R1-Distill-Qwen-7B-Q4_K_M.gguf,4668.64,3.33082,0.0,0.0
1780408709.265905,DeepSeek-R1-Distill-Qwen-7B-Q4_K_M.gguf,4668.64,3.16416,0.0,0.0
1780408709.771559,DeepSeek-R1-Distill-Qwen-7B-Q4_K_M.gguf,4668.64,3.0878,0.0,0.0
1780408710.2772312,DeepSeek-R1-Distill-Qwen-7B-Q4_K_M.gguf,4668.64,2.9211199999999997,0.0,0.0
1780408710.7826948,DeepSeek-R1-Distill-Qwen-7B-Q4_K_M.gguf,4668.64,2.74527,0.0,0.0
1780408711.289093,DeepSeek-R1-Distill-Qwen-7B-Q4_K_M.gguf,4668.64,2.96855,0.0,0.0
1780408711.795279,DeepSeek-R1-Distill-Qwen-7B-Q4_K_M.gguf,4668.64,2.84078,0.0,0.0
1780408712.300839,DeepSeek-R1-Distill-Qwen-7B-Q4_K_M.gguf,4668.64,2.66055,0.0,0.0
1780408712.80625,DeepSeek-R1-Distill-Qwen-7B-Q4_K_M.gguf,4668.64,2.82392,0.0,0.0
1780408713.312567,DeepSeek-R1-Distill-Qwen-7B-Q4_K_M.gguf,4668.64,3.10869,0.0,0.0
1780408713.8186681,DeepSeek-R1-Distill-Qwen-7B-Q4_K_M.gguf,4668.64,3.43832,0.0,0.0
1780408714.324714,DeepSeek-R1-Distill-Qwen-7B-Q4_K_M.gguf,4668.64,2.6648400000000003,0.0,0.0
1780408714.8298,DeepSeek-R1-Distill-Qwen-7B-Q4_K_M.gguf,4668.64,2.7438800000000003,0.0,0.0
1780408715.335327,DeepSeek-R1-Distill-Qwen-7B-Q4_K_M.gguf,4668.64,3.06391,0.0,0.0
1780408715.840877,DeepSeek-R1-Distill-Qwen-7B-Q4_K_M.gguf,4668.64,2.9677,0.0,0.0
1780408716.346873,DeepSeek-R1-Distill-Qwen-7B-Q4_K_M.gguf,4668.64,2.8874899999999997,0.0,0.0
1780408716.852126,DeepSeek-R1-Distill-Qwen-7B-Q4_K_M.gguf,4668.64,2.91946,0.0,0.0
1780408717.367855,DeepSeek-R1-Distill-Qwen-7B-Q4_K_M.gguf,94.95,2.77331,0.0,0.0
1780408719.265146,DeepSeek-R1-Distill-Qwen-7B-Q4_K_M.gguf,4679.64,2.97985,0.0,0.0
1780408719.770427,DeepSeek-R1-Distill-Qwen-7B-Q4_K_M.gguf,4679.67,2.46307,0.0,0.0
1780408720.2757602,DeepSeek-R1-Distill-Qwen-7B-Q4_K_M.gguf,4679.69,2.5520500000000004,0.0,0.0
1780408720.781285,DeepSeek-R1-Distill-Qwen-7B-Q4_K_M.gguf,4679.7,2.9770100000000004,0.0,0.0
1780408721.2867641,DeepSeek-R1-Distill-Qwen-7B-Q4_K_M.gguf,4679.7,2.97721,0.0,0.0
1780408721.79246,DeepSeek-R1-Distill-Qwen-7B-Q4_K_M.gguf,4679.7,2.9427600000000003,0.0,0.0
1780408722.298041,DeepSeek-R1-Distill-Qwen-7B-Q4_K_M.gguf,4679.7,2.98218,0.0,0.0
1780408722.803614,DeepSeek-R1-Distill-Qwen-7B-Q4_K_M.gguf,4679.7,2.99731,0.0,0.0
1780408723.309168,DeepSeek-R1-Distill-Qwen-7B-Q4_K_M.gguf,4679.69,2.65103,0.0,0.0
1780408723.814523,DeepSeek-R1-Distill-Qwen-7B-Q4_K_M.gguf,4679.69,2.8344,0.0,0.0
1780408724.319956,DeepSeek-R1-Distill-Qwen-7B-Q4_K_M.gguf,4679.69,2.94334,0.0,0.0
1780408724.825856,DeepSeek-R1-Distill-Qwen-7B-Q4_K_M.gguf,4679.69,2.82529,0.0,0.0
1780408725.331695,DeepSeek-R1-Distill-Qwen-7B-Q4_K_M.gguf,4679.69,2.79942,0.0,0.0
1780408725.8372931,DeepSeek-R1-Distill-Qwen-7B-Q4_K_M.gguf,4679.69,2.7648099999999998,0.0,0.0
1780408726.342771,DeepSeek-R1-Distill-Qwen-7B-Q4_K_M.gguf,4679.69,2.78078,0.0,0.0
1780408726.8481941,DeepSeek-R1-Distill-Qwen-7B-Q4_K_M.gguf,4679.69,2.9705100000000004,0.0,0.0
1780408727.353885,DeepSeek-R1-Distill-Qwen-7B-Q4_K_M.gguf,4679.69,2.96959,0.0,0.0
1780408727.859412,DeepSeek-R1-Distill-Qwen-7B-Q4_K_M.gguf,4679.69,2.65496,0.0,0.0
1780408728.364845,DeepSeek-R1-Distill-Qwen-7B-Q4_K_M.gguf,4679.69,2.8461399999999997,0.0,0.0
1780408728.87026,DeepSeek-R1-Distill-Qwen-7B-Q4_K_M.gguf,4679.69,2.9475,0.0,0.0
1780408729.376171,DeepSeek-R1-Distill-Qwen-7B-Q4_K_M.gguf,4679.69,2.8505599999999998,0.0,0.0
1780408729.88158,DeepSeek-R1-Distill-Qwen-7B-Q4_K_M.gguf,4679.69,2.7223699999999997,0.0,0.0
1780408730.3870878,DeepSeek-R1-Distill-Qwen-7B-Q4_K_M.gguf,4679.69,2.9227,0.0,0.0
1780408730.89268,DeepSeek-R1-Distill-Qwen-7B-Q4_K_M.gguf,4679.69,2.75739,0.0,0.0
1780408731.399332,DeepSeek-R1-Distill-Qwen-7B-Q4_K_M.gguf,4679.69,2.84449,0.0,0.0
1780408731.905004,DeepSeek-R1-Distill-Qwen-7B-Q4_K_M.gguf,4679.69,3.30713,0.0,0.0
1780408732.410205,DeepSeek-R1-Distill-Qwen-7B-Q4_K_M.gguf,4679.69,2.21867,0.0,0.0
1780408732.9155881,DeepSeek-R1-Distill-Qwen-7B-Q4_K_M.gguf,4679.69,3.05228,0.0,0.0
1780408733.421976,DeepSeek-R1-Distill-Qwen-7B-Q4_K_M.gguf,4679.69,3.28908,0.0,0.0
1780408733.9283772,DeepSeek-R1-Distill-Qwen-7B-Q4_K_M.gguf,4679.69,3.2601799999999996,0.0,0.0
1780408734.433467,DeepSeek-R1-Distill-Qwen-7B-Q4_K_M.gguf,4679.69,2.7090300000000003,0.0,0.0
1780408736.562288,DeepSeek-R1-Distill-Qwen-7B-Q4_K_M.gguf,4670.06,2.9280399999999998,0.0,0.0
1780408737.067567,DeepSeek-R1-Distill-Qwen-7B-Q4_K_M.gguf,4670.06,2.33388,0.0,0.0
1780408737.573596,DeepSeek-R1-Distill-Qwen-7B-Q4_K_M.gguf,4670.06,2.56556,0.0,0.0
1780408738.0786822,DeepSeek-R1-Distill-Qwen-7B-Q4_K_M.gguf,4670.06,3.0107,0.0,0.0
1780408738.5841548,DeepSeek-R1-Distill-Qwen-7B-Q4_K_M.gguf,4670.06,2.49231,0.0,0.0
1780408739.089735,DeepSeek-R1-Distill-Qwen-7B-Q4_K_M.gguf,4670.06,3.23776,0.0,0.0
1780408739.5951319,DeepSeek-R1-Distill-Qwen-7B-Q4_K_M.gguf,4670.06,3.1983699999999997,0.0,0.0
1780408740.100833,DeepSeek-R1-Distill-Qwen-7B-Q4_K_M.gguf,4670.06,3.04401,0.0,0.0
1780408740.6064792,DeepSeek-R1-Distill-Qwen-7B-Q4_K_M.gguf,4670.05,2.76317,0.0,0.0
1780408741.1120582,DeepSeek-R1-Distill-Qwen-7B-Q4_K_M.gguf,4670.05,2.5425,0.0,0.0
1780408741.6175601,DeepSeek-R1-Distill-Qwen-7B-Q4_K_M.gguf,4670.05,2.85579,0.0,0.0
1780408742.124243,DeepSeek-R1-Distill-Qwen-7B-Q4_K_M.gguf,4670.05,2.8141100000000003,0.0,0.0
1780408742.630498,DeepSeek-R1-Distill-Qwen-7B-Q4_K_M.gguf,4670.05,2.62469,0.0,0.0
1780408743.136718,DeepSeek-R1-Distill-Qwen-7B-Q4_K_M.gguf,4670.06,2.68199,0.0,0.0
1780408743.6428878,DeepSeek-R1-Distill-Qwen-7B-Q4_K_M.gguf,4670.08,2.88709,0.0,0.0
1780408744.149197,DeepSeek-R1-Distill-Qwen-7B-Q4_K_M.gguf,4670.08,3.00531,0.0,0.0
1780408744.655017,DeepSeek-R1-Distill-Qwen-7B-Q4_K_M.gguf,4670.08,3.04735,0.0,0.0
1780408745.161011,DeepSeek-R1-Distill-Qwen-7B-Q4_K_M.gguf,4670.08,3.0348800000000002,0.0,0.0
1780408745.667201,DeepSeek-R1-Distill-Qwen-7B-Q4_K_M.gguf,4670.08,2.99832,0.0,0.0
1780408746.173544,DeepSeek-R1-Distill-Qwen-7B-Q4_K_M.gguf,4670.08,3.28166,0.0,0.0
1780408746.679839,DeepSeek-R1-Distill-Qwen-7B-Q4_K_M.gguf,4670.08,2.97722,0.0,0.0
1780408747.186014,DeepSeek-R1-Distill-Qwen-7B-Q4_K_M.gguf,4670.08,3.03031,0.0,0.0
1780408747.692021,DeepSeek-R1-Distill-Qwen-7B-Q4_K_M.gguf,4670.08,3.089,0.0,0.0
1780408748.1985831,DeepSeek-R1-Distill-Qwen-7B-Q4_K_M.gguf,4670.08,2.91148,0.0,0.0
1780408748.704405,DeepSeek-R1-Distill-Qwen-7B-Q4_K_M.gguf,4670.08,2.96658,0.0,0.0
1780408749.2105012,DeepSeek-R1-Distill-Qwen-7B-Q4_K_M.gguf,4670.08,3.07994,0.0,0.0
1780408749.716553,DeepSeek-R1-Distill-Qwen-7B-Q4_K_M.gguf,4670.09,3.04173,0.0,0.0
1780408750.222139,DeepSeek-R1-Distill-Qwen-7B-Q4_K_M.gguf,4670.09,3.3206700000000002,0.0,0.0
1780408750.72802,DeepSeek-R1-Distill-Qwen-7B-Q4_K_M.gguf,4670.09,2.89676,0.0,0.0
1780408751.233276,DeepSeek-R1-Distill-Qwen-7B-Q4_K_M.gguf,4670.09,2.73433,0.0,0.0
1780408751.7392151,DeepSeek-R1-Distill-Qwen-7B-Q4_K_M.gguf,4670.09,2.87146,0.0,0.0
1780408752.245535,DeepSeek-R1-Distill-Qwen-7B-Q4_K_M.gguf,4670.09,2.7318800000000003,0.0,0.0
1780408752.764468,DeepSeek-R1-Distill-Qwen-7B-Q4_K_M.gguf,96.42,2.9733899999999998,0.0,0.0
1780408754.819616,DeepSeek-R1-Distill-Qwen-7B-Q4_K_M.gguf,4679.39,4.10612,0.0,0.0
1780408755.324897,DeepSeek-R1-Distill-Qwen-7B-Q4_K_M.gguf,4679.44,2.75301,0.0,0.0
1780408755.830726,DeepSeek-R1-Distill-Qwen-7B-Q4_K_M.gguf,4679.45,2.60714,0.0,0.0
1780408756.3361769,DeepSeek-R1-Distill-Qwen-7B-Q4_K_M.gguf,4679.47,2.59138,0.0,0.0
1780408756.8418188,DeepSeek-R1-Distill-Qwen-7B-Q4_K_M.gguf,4679.47,2.50767,0.0,0.0
1780408757.347331,DeepSeek-R1-Distill-Qwen-7B-Q4_K_M.gguf,4679.47,2.67597,0.0,0.0
1780408757.85264,DeepSeek-R1-Distill-Qwen-7B-Q4_K_M.gguf,4679.47,3.02586,0.0,0.0
1780408758.358639,DeepSeek-R1-Distill-Qwen-7B-Q4_K_M.gguf,4679.47,2.88014,0.0,0.0
1780408758.8649049,DeepSeek-R1-Distill-Qwen-7B-Q4_K_M.gguf,4679.47,2.66118,0.0,0.0
1780408759.370317,DeepSeek-R1-Distill-Qwen-7B-Q4_K_M.gguf,4679.47,2.57658,0.0,0.0
1780408759.8759308,DeepSeek-R1-Distill-Qwen-7B-Q4_K_M.gguf,4679.47,2.52109,0.0,0.0
1780408760.382268,DeepSeek-R1-Distill-Qwen-7B-Q4_K_M.gguf,4679.47,2.89367,0.0,0.0
1780408760.8878138,DeepSeek-R1-Distill-Qwen-7B-Q4_K_M.gguf,4679.47,3.04345,0.0,0.0
1780408761.3933609,DeepSeek-R1-Distill-Qwen-7B-Q4_K_M.gguf,4679.47,2.96909,0.0,0.0
1780408761.899285,DeepSeek-R1-Distill-Qwen-7B-Q4_K_M.gguf,4679.47,2.92103,0.0,0.0
1780408762.404371,DeepSeek-R1-Distill-Qwen-7B-Q4_K_M.gguf,4679.47,2.84438,0.0,0.0
1780408762.909824,DeepSeek-R1-Distill-Qwen-7B-Q4_K_M.gguf,4679.47,2.98094,0.0,0.0
1780408763.415286,DeepSeek-R1-Distill-Qwen-7B-Q4_K_M.gguf,4679.47,2.7380999999999998,0.0,0.0
1780408763.920752,DeepSeek-R1-Distill-Qwen-7B-Q4_K_M.gguf,4679.47,2.9175,0.0,0.0
1780408764.426254,DeepSeek-R1-Distill-Qwen-7B-Q4_K_M.gguf,4679.47,2.8527199999999997,0.0,0.0
1780408764.932422,DeepSeek-R1-Distill-Qwen-7B-Q4_K_M.gguf,4679.47,2.7000900000000003,0.0,0.0
1780408765.437749,DeepSeek-R1-Distill-Qwen-7B-Q4_K_M.gguf,4679.47,2.8507800000000003,0.0,0.0
1780408765.9441159,DeepSeek-R1-Distill-Qwen-7B-Q4_K_M.gguf,4679.47,2.71127,0.0,0.0
1780408766.449635,DeepSeek-R1-Distill-Qwen-7B-Q4_K_M.gguf,4679.47,2.76956,0.0,0.0
1780408766.9550478,DeepSeek-R1-Distill-Qwen-7B-Q4_K_M.gguf,4679.47,2.71946,0.0,0.0
1780408767.460856,DeepSeek-R1-Distill-Qwen-7B-Q4_K_M.gguf,4679.47,2.6854,0.0,0.0
1780408767.967049,DeepSeek-R1-Distill-Qwen-7B-Q4_K_M.gguf,4679.47,2.55789,0.0,0.0
1780408768.472297,DeepSeek-R1-Distill-Qwen-7B-Q4_K_M.gguf,4679.47,2.77447,0.0,0.0
1780408768.97781,DeepSeek-R1-Distill-Qwen-7B-Q4_K_M.gguf,4679.47,2.73302,0.0,0.0
1780408769.4834719,DeepSeek-R1-Distill-Qwen-7B-Q4_K_M.gguf,4679.47,2.93561,0.0,0.0
1780408769.988889,DeepSeek-R1-Distill-Qwen-7B-Q4_K_M.gguf,4679.47,2.8662199999999998,0.0,0.0
1780408772.0835469,DeepSeek-R1-Distill-Qwen-7B-Q4_K_M.gguf,4670.14,2.7970300000000003,0.0,0.0
1780408772.588974,DeepSeek-R1-Distill-Qwen-7B-Q4_K_M.gguf,4670.16,2.3331500000000003,0.0,0.0
1780408773.0946078,DeepSeek-R1-Distill-Qwen-7B-Q4_K_M.gguf,4670.16,2.6012399999999998,0.0,0.0
1780408773.6004841,DeepSeek-R1-Distill-Qwen-7B-Q4_K_M.gguf,4670.16,2.8284499999999997,0.0,0.0
1780408774.105982,DeepSeek-R1-Distill-Qwen-7B-Q4_K_M.gguf,4670.16,2.5504000000000002,0.0,0.0
1780408774.611514,DeepSeek-R1-Distill-Qwen-7B-Q4_K_M.gguf,4670.16,2.81229,0.0,0.0
1780408775.116862,DeepSeek-R1-Distill-Qwen-7B-Q4_K_M.gguf,4670.16,3.0097600000000004,0.0,0.0
1780408775.623198,DeepSeek-R1-Distill-Qwen-7B-Q4_K_M.gguf,4670.16,2.84405,0.0,0.0
1780408776.129384,DeepSeek-R1-Distill-Qwen-7B-Q4_K_M.gguf,4670.14,2.63914,0.0,0.0
1780408776.634859,DeepSeek-R1-Distill-Qwen-7B-Q4_K_M.gguf,4670.14,2.65973,0.0,0.0
1780408777.14031,DeepSeek-R1-Distill-Qwen-7B-Q4_K_M.gguf,4670.14,2.74994,0.0,0.0
1780408777.646091,DeepSeek-R1-Distill-Qwen-7B-Q4_K_M.gguf,4670.14,2.87995,0.0,0.0
1780408778.151562,DeepSeek-R1-Distill-Qwen-7B-Q4_K_M.gguf,4670.14,2.7319899999999997,0.0,0.0
1780408778.657034,DeepSeek-R1-Distill-Qwen-7B-Q4_K_M.gguf,4670.14,2.75283,0.0,0.0
1780408779.162818,DeepSeek-R1-Distill-Qwen-7B-Q4_K_M.gguf,4670.14,2.72566,0.0,0.0
1780408779.668111,DeepSeek-R1-Distill-Qwen-7B-Q4_K_M.gguf,4670.14,2.79323,0.0,0.0
1780408780.173662,DeepSeek-R1-Distill-Qwen-7B-Q4_K_M.gguf,4670.14,2.75668,0.0,0.0
1780408780.67922,DeepSeek-R1-Distill-Qwen-7B-Q4_K_M.gguf,4670.14,2.64927,0.0,0.0
1780408781.184635,DeepSeek-R1-Distill-Qwen-7B-Q4_K_M.gguf,4670.14,2.92758,0.0,0.0
1780408781.689995,DeepSeek-R1-Distill-Qwen-7B-Q4_K_M.gguf,4670.14,2.77332,0.0,0.0
1780408782.19695,DeepSeek-R1-Distill-Qwen-7B-Q4_K_M.gguf,4670.14,2.75007,0.0,0.0
1780408782.7024362,DeepSeek-R1-Distill-Qwen-7B-Q4_K_M.gguf,4670.14,2.566,0.0,0.0
1780408783.207669,DeepSeek-R1-Distill-Qwen-7B-Q4_K_M.gguf,4670.14,2.30354,0.0,0.0
1780408783.7130518,DeepSeek-R1-Distill-Qwen-7B-Q4_K_M.gguf,4670.14,2.83349,0.0,0.0
1780408784.219146,DeepSeek-R1-Distill-Qwen-7B-Q4_K_M.gguf,4670.14,3.2513400000000003,0.0,0.0
1780408784.7248151,DeepSeek-R1-Distill-Qwen-7B-Q4_K_M.gguf,4670.14,2.8159,0.0,0.0
1780408785.231354,DeepSeek-R1-Distill-Qwen-7B-Q4_K_M.gguf,4670.17,2.53355,0.0,0.0
1780408785.736468,DeepSeek-R1-Distill-Qwen-7B-Q4_K_M.gguf,4670.17,2.5490999999999997,0.0,0.0
1780408786.241917,DeepSeek-R1-Distill-Qwen-7B-Q4_K_M.gguf,4670.17,2.74478,0.0,0.0
1780408786.74802,DeepSeek-R1-Distill-Qwen-7B-Q4_K_M.gguf,4670.17,2.8978699999999997,0.0,0.0
1780408787.253823,DeepSeek-R1-Distill-Qwen-7B-Q4_K_M.gguf,4670.17,3.01127,0.0,0.0
1780408787.759809,DeepSeek-R1-Distill-Qwen-7B-Q4_K_M.gguf,4670.17,2.84811,0.0,0.0
1780408790.0050502,DeepSeek-R1-Distill-Qwen-7B-Q4_K_M.gguf,4670.16,2.8984099999999997,0.0,0.0
1780408790.510252,DeepSeek-R1-Distill-Qwen-7B-Q4_K_M.gguf,4670.17,2.46551,0.0,0.0
1780408791.0164769,DeepSeek-R1-Distill-Qwen-7B-Q4_K_M.gguf,4670.17,2.58725,0.0,0.0
1780408791.521861,DeepSeek-R1-Distill-Qwen-7B-Q4_K_M.gguf,4670.17,2.65451,0.0,0.0
1780408792.027592,DeepSeek-R1-Distill-Qwen-7B-Q4_K_M.gguf,4670.17,2.65455,0.0,0.0
1780408792.533529,DeepSeek-R1-Distill-Qwen-7B-Q4_K_M.gguf,4670.17,2.67135,0.0,0.0
1780408793.0390148,DeepSeek-R1-Distill-Qwen-7B-Q4_K_M.gguf,4670.17,2.95952,0.0,0.0
1780408793.545088,DeepSeek-R1-Distill-Qwen-7B-Q4_K_M.gguf,4670.17,3.06507,0.0,0.0
1780408794.0504231,DeepSeek-R1-Distill-Qwen-7B-Q4_K_M.gguf,4670.16,2.7180500000000003,0.0,0.0
1780408794.555933,DeepSeek-R1-Distill-Qwen-7B-Q4_K_M.gguf,4670.16,2.89623,0.0,0.0
1780408795.0617118,DeepSeek-R1-Distill-Qwen-7B-Q4_K_M.gguf,4670.16,2.7613499999999997,0.0,0.0
1780408795.568297,DeepSeek-R1-Distill-Qwen-7B-Q4_K_M.gguf,4670.16,2.84086,0.0,0.0
1780408796.074118,DeepSeek-R1-Distill-Qwen-7B-Q4_K_M.gguf,4670.17,2.66519,0.0,0.0
1780408796.5798101,DeepSeek-R1-Distill-Qwen-7B-Q4_K_M.gguf,4670.17,2.40943,0.0,0.0
1780408797.085402,DeepSeek-R1-Distill-Qwen-7B-Q4_K_M.gguf,4670.17,2.7402800000000003,0.0,0.0
1780408797.590892,DeepSeek-R1-Distill-Qwen-7B-Q4_K_M.gguf,4670.17,2.84073,0.0,0.0
1780408798.096479,DeepSeek-R1-Distill-Qwen-7B-Q4_K_M.gguf,4670.17,2.88935,0.0,0.0
1780408798.6020951,DeepSeek-R1-Distill-Qwen-7B-Q4_K_M.gguf,4670.17,2.8845300000000003,0.0,0.0
1780408799.108099,DeepSeek-R1-Distill-Qwen-7B-Q4_K_M.gguf,4670.17,2.58048,0.0,0.0
1780408799.613635,DeepSeek-R1-Distill-Qwen-7B-Q4_K_M.gguf,4670.17,2.34821,0.0,0.0
1780408800.119405,DeepSeek-R1-Distill-Qwen-7B-Q4_K_M.gguf,4670.17,3.04033,0.0,0.0
1780408800.625387,DeepSeek-R1-Distill-Qwen-7B-Q4_K_M.gguf,4670.17,2.99203,0.0,0.0
1780408801.131222,DeepSeek-R1-Distill-Qwen-7B-Q4_K_M.gguf,4670.17,2.6339200000000003,0.0,0.0
1780408801.636665,DeepSeek-R1-Distill-Qwen-7B-Q4_K_M.gguf,4670.17,2.76171,0.0,0.0
1780408802.1425338,DeepSeek-R1-Distill-Qwen-7B-Q4_K_M.gguf,4670.17,2.84607,0.0,0.0
1780408802.647943,DeepSeek-R1-Distill-Qwen-7B-Q4_K_M.gguf,4670.17,2.85638,0.0,0.0
1780408803.153932,DeepSeek-R1-Distill-Qwen-7B-Q4_K_M.gguf,4670.17,2.8189499999999996,0.0,0.0
1780408803.659391,DeepSeek-R1-Distill-Qwen-7B-Q4_K_M.gguf,4670.17,2.63371,0.0,0.0
1780408804.165648,DeepSeek-R1-Distill-Qwen-7B-Q4_K_M.gguf,4670.17,2.65823,0.0,0.0
1780408804.671116,DeepSeek-R1-Distill-Qwen-7B-Q4_K_M.gguf,4670.17,2.9,0.0,0.0
1780408805.177301,DeepSeek-R1-Distill-Qwen-7B-Q4_K_M.gguf,4670.17,2.53131,0.0,0.0
1780408805.692668,DeepSeek-R1-Distill-Qwen-7B-Q4_K_M.gguf,96.48,2.68609,0.0,0.0
1780408807.688106,DeepSeek-R1-Distill-Qwen-7B-Q4_K_M.gguf,4680.88,3.23619,0.0,0.0
1780408808.192506,DeepSeek-R1-Distill-Qwen-7B-Q4_K_M.gguf,4680.88,2.38991,0.0,0.0
1780408808.698399,DeepSeek-R1-Distill-Qwen-7B-Q4_K_M.gguf,4680.89,2.5221799999999996,0.0,0.0
1780408809.204384,DeepSeek-R1-Distill-Qwen-7B-Q4_K_M.gguf,4680.89,2.8059600000000002,0.0,0.0
1780408809.710504,DeepSeek-R1-Distill-Qwen-7B-Q4_K_M.gguf,4680.89,3.1906999999999996,0.0,0.0
1780408810.2164218,DeepSeek-R1-Distill-Qwen-7B-Q4_K_M.gguf,4680.89,2.87573,0.0,0.0
1780408810.7224698,DeepSeek-R1-Distill-Qwen-7B-Q4_K_M.gguf,4680.89,3.7789699999999997,0.0,0.0
1780408811.2282119,DeepSeek-R1-Distill-Qwen-7B-Q4_K_M.gguf,4680.89,3.1290500000000003,0.0,0.0
1780408811.734078,DeepSeek-R1-Distill-Qwen-7B-Q4_K_M.gguf,4680.84,2.8591100000000003,0.0,0.0
1780408812.2396731,DeepSeek-R1-Distill-Qwen-7B-Q4_K_M.gguf,4680.84,3.29069,0.0,0.0
1780408812.7453928,DeepSeek-R1-Distill-Qwen-7B-Q4_K_M.gguf,4680.84,2.98156,0.0,0.0
1780408813.2506711,DeepSeek-R1-Distill-Qwen-7B-Q4_K_M.gguf,4680.84,2.85771,0.0,0.0
1780408813.75647,DeepSeek-R1-Distill-Qwen-7B-Q4_K_M.gguf,4680.84,2.66563,0.0,0.0
1780408814.2622368,DeepSeek-R1-Distill-Qwen-7B-Q4_K_M.gguf,4680.84,2.7165500000000002,0.0,0.0
1780408814.768246,DeepSeek-R1-Distill-Qwen-7B-Q4_K_M.gguf,4680.84,2.7014299999999998,0.0,0.0
1780408815.273404,DeepSeek-R1-Distill-Qwen-7B-Q4_K_M.gguf,4680.84,2.624,0.0,0.0
1780408815.7789912,DeepSeek-R1-Distill-Qwen-7B-Q4_K_M.gguf,4680.84,2.7512600000000003,0.0,0.0
1780408816.28486,DeepSeek-R1-Distill-Qwen-7B-Q4_K_M.gguf,4680.84,2.9003400000000004,0.0,0.0
1780408816.790095,DeepSeek-R1-Distill-Qwen-7B-Q4_K_M.gguf,4680.84,2.84087,0.0,0.0
1780408817.2962072,DeepSeek-R1-Distill-Qwen-7B-Q4_K_M.gguf,4680.84,2.7498899999999997,0.0,0.0
1780408817.802418,DeepSeek-R1-Distill-Qwen-7B-Q4_K_M.gguf,4680.84,2.65942,0.0,0.0
1780408818.307977,DeepSeek-R1-Distill-Qwen-7B-Q4_K_M.gguf,4680.84,2.75387,0.0,0.0
1780408818.814214,DeepSeek-R1-Distill-Qwen-7B-Q4_K_M.gguf,4680.84,2.6846900000000002,0.0,0.0
1780408819.3196,DeepSeek-R1-Distill-Qwen-7B-Q4_K_M.gguf,4680.84,2.9585500000000002,0.0,0.0
1780408819.825145,DeepSeek-R1-Distill-Qwen-7B-Q4_K_M.gguf,4680.84,2.8788899999999997,0.0,0.0
1780408820.331193,DeepSeek-R1-Distill-Qwen-7B-Q4_K_M.gguf,4680.84,2.8425,0.0,0.0
1780408820.836832,DeepSeek-R1-Distill-Qwen-7B-Q4_K_M.gguf,4680.84,2.9175999999999997,0.0,0.0
1780408821.342199,DeepSeek-R1-Distill-Qwen-7B-Q4_K_M.gguf,4680.84,2.69418,0.0,0.0
1780408821.8482041,DeepSeek-R1-Distill-Qwen-7B-Q4_K_M.gguf,4680.84,2.64933,0.0,0.0
1780408822.353981,DeepSeek-R1-Distill-Qwen-7B-Q4_K_M.gguf,4680.84,2.8584899999999998,0.0,0.0
1780408822.859089,DeepSeek-R1-Distill-Qwen-7B-Q4_K_M.gguf,4680.84,2.74395,0.0,0.0
1780408823.3646069,DeepSeek-R1-Distill-Qwen-7B-Q4_K_M.gguf,4680.84,2.80889,0.0,0.0
1780408823.8828921,DeepSeek-R1-Distill-Qwen-7B-Q4_K_M.gguf,107.19,2.8904699999999997,0.0,0.0
1780408825.880749,DeepSeek-R1-Distill-Qwen-7B-Q4_K_M.gguf,4668.75,3.34064,0.0,0.0
1780408826.386391,DeepSeek-R1-Distill-Qwen-7B-Q4_K_M.gguf,4668.81,2.4665700000000004,0.0,0.0
1780408826.891663,DeepSeek-R1-Distill-Qwen-7B-Q4_K_M.gguf,4668.83,2.54946,0.0,0.0
1780408827.3976781,DeepSeek-R1-Distill-Qwen-7B-Q4_K_M.gguf,4668.84,2.55874,0.0,0.0
1780408827.904129,DeepSeek-R1-Distill-Qwen-7B-Q4_K_M.gguf,4668.84,2.67583,0.0,0.0
1780408828.41008,DeepSeek-R1-Distill-Qwen-7B-Q4_K_M.gguf,4668.84,2.8441799999999997,0.0,0.0
1780408828.915825,DeepSeek-R1-Distill-Qwen-7B-Q4_K_M.gguf,4668.84,3.34519,0.0,0.0
1780408829.421602,DeepSeek-R1-Distill-Qwen-7B-Q4_K_M.gguf,4668.84,4.13168,0.0,0.0
1780408829.927199,DeepSeek-R1-Distill-Qwen-7B-Q4_K_M.gguf,4668.8,3.54896,0.0,0.0
1780408830.433322,DeepSeek-R1-Distill-Qwen-7B-Q4_K_M.gguf,4668.8,2.9109499999999997,0.0,0.0
1780408830.93946,DeepSeek-R1-Distill-Qwen-7B-Q4_K_M.gguf,4668.8,3.7729299999999997,0.0,0.0
1780408831.446202,DeepSeek-R1-Distill-Qwen-7B-Q4_K_M.gguf,4668.8,3.60609,0.0,0.0
1780408831.951728,DeepSeek-R1-Distill-Qwen-7B-Q4_K_M.gguf,4668.8,3.0567399999999996,0.0,0.0
1780408832.457744,DeepSeek-R1-Distill-Qwen-7B-Q4_K_M.gguf,4668.8,3.27845,0.0,0.0
1780408832.964056,DeepSeek-R1-Distill-Qwen-7B-Q4_K_M.gguf,4668.8,4.19416,0.0,0.0
1780408833.470486,DeepSeek-R1-Distill-Qwen-7B-Q4_K_M.gguf,4668.8,3.83026,0.0,0.0
1780408833.9760268,DeepSeek-R1-Distill-Qwen-7B-Q4_K_M.gguf,4668.8,3.54321,0.0,0.0
1780408834.482294,DeepSeek-R1-Distill-Qwen-7B-Q4_K_M.gguf,4668.8,3.75938,0.0,0.0
1780408834.9879382,DeepSeek-R1-Distill-Qwen-7B-Q4_K_M.gguf,4668.8,3.5890999999999997,0.0,0.0
1780408835.493908,DeepSeek-R1-Distill-Qwen-7B-Q4_K_M.gguf,4668.8,3.29013,0.0,0.0
1780408835.99976,DeepSeek-R1-Distill-Qwen-7B-Q4_K_M.gguf,4668.83,3.62469,0.0,0.0
1780408836.5058692,DeepSeek-R1-Distill-Qwen-7B-Q4_K_M.gguf,4668.83,3.53573,0.0,0.0
1780408837.011771,DeepSeek-R1-Distill-Qwen-7B-Q4_K_M.gguf,4668.83,3.19591,0.0,0.0
1780408837.517184,DeepSeek-R1-Distill-Qwen-7B-Q4_K_M.gguf,4668.83,2.67564,0.0,0.0
1780408838.023386,DeepSeek-R1-Distill-Qwen-7B-Q4_K_M.gguf,4668.83,3.08192,0.0,0.0
1780408838.5292192,DeepSeek-R1-Distill-Qwen-7B-Q4_K_M.gguf,4668.83,2.7441199999999997,0.0,0.0
1780408839.0353038,DeepSeek-R1-Distill-Qwen-7B-Q4_K_M.gguf,4668.97,2.68606,0.0,0.0
1780408839.540639,DeepSeek-R1-Distill-Qwen-7B-Q4_K_M.gguf,4668.97,2.96935,0.0,0.0
1780408840.046023,DeepSeek-R1-Distill-Qwen-7B-Q4_K_M.gguf,4668.97,3.00823,0.0,0.0
1780408840.551556,DeepSeek-R1-Distill-Qwen-7B-Q4_K_M.gguf,4668.97,2.98867,0.0,0.0
1780408841.057375,DeepSeek-R1-Distill-Qwen-7B-Q4_K_M.gguf,4668.97,2.87269,0.0,0.0
1780408841.562769,DeepSeek-R1-Distill-Qwen-7B-Q4_K_M.gguf,4668.97,2.59162,0.0,0.0
1780408842.068605,DeepSeek-R1-Distill-Qwen-7B-Q4_K_M.gguf,4668.97,2.75439,0.0,0.0
1780408842.573782,DeepSeek-R1-Distill-Qwen-7B-Q4_K_M.gguf,4668.97,2.8327199999999997,0.0,0.0
1780408843.080352,DeepSeek-R1-Distill-Qwen-7B-Q4_K_M.gguf,4668.97,2.74013,0.0,0.0
1780408843.5992472,DeepSeek-R1-Distill-Qwen-7B-Q4_K_M.gguf,95.31,2.63087,0.0,0.0
1780408845.635961,DeepSeek-R1-Distill-Qwen-7B-Q4_K_M.gguf,4679.11,4.1449,0.0,0.0
1780408846.142414,DeepSeek-R1-Distill-Qwen-7B-Q4_K_M.gguf,4679.12,2.66208,0.0,0.0
1780408846.6477492,DeepSeek-R1-Distill-Qwen-7B-Q4_K_M.gguf,4679.12,2.52835,0.0,0.0
1780408847.1532228,DeepSeek-R1-Distill-Qwen-7B-Q4_K_M.gguf,4679.12,2.26448,0.0,0.0
1780408847.658575,DeepSeek-R1-Distill-Qwen-7B-Q4_K_M.gguf,4679.12,2.87485,0.0,0.0
1780408848.164109,DeepSeek-R1-Distill-Qwen-7B-Q4_K_M.gguf,4679.12,3.0141199999999997,0.0,0.0
1780408848.669455,DeepSeek-R1-Distill-Qwen-7B-Q4_K_M.gguf,4679.12,3.20097,0.0,0.0
1780408849.174999,DeepSeek-R1-Distill-Qwen-7B-Q4_K_M.gguf,4679.12,2.8886,0.0,0.0
1780408849.681082,DeepSeek-R1-Distill-Qwen-7B-Q4_K_M.gguf,4679.11,2.6786999999999996,0.0,0.0
1780408850.186408,DeepSeek-R1-Distill-Qwen-7B-Q4_K_M.gguf,4679.11,2.8001199999999997,0.0,0.0
1780408850.6918259,DeepSeek-R1-Distill-Qwen-7B-Q4_K_M.gguf,4679.11,2.672,0.0,0.0
1780408851.1973739,DeepSeek-R1-Distill-Qwen-7B-Q4_K_M.gguf,4679.11,2.7971500000000002,0.0,0.0
1780408851.7030149,DeepSeek-R1-Distill-Qwen-7B-Q4_K_M.gguf,4679.11,2.95731,0.0,0.0
1780408852.2085629,DeepSeek-R1-Distill-Qwen-7B-Q4_K_M.gguf,4679.11,2.827,0.0,0.0
1780408852.714323,DeepSeek-R1-Distill-Qwen-7B-Q4_K_M.gguf,4679.11,2.83819,0.0,0.0
1780408853.219666,DeepSeek-R1-Distill-Qwen-7B-Q4_K_M.gguf,4679.11,2.84242,0.0,0.0
1780408853.725268,DeepSeek-R1-Distill-Qwen-7B-Q4_K_M.gguf,4679.11,2.64384,0.0,0.0
1780408854.2318132,DeepSeek-R1-Distill-Qwen-7B-Q4_K_M.gguf,4679.11,2.7559299999999998,0.0,0.0
1780408854.738322,DeepSeek-R1-Distill-Qwen-7B-Q4_K_M.gguf,4679.11,2.90812,0.0,0.0
1780408855.2449222,DeepSeek-R1-Distill-Qwen-7B-Q4_K_M.gguf,4679.12,2.843,0.0,0.0
1780408855.76194,DeepSeek-R1-Distill-Qwen-7B-Q4_K_M.gguf,4679.12,2.76742,0.0,0.0
1780408856.26863,DeepSeek-R1-Distill-Qwen-7B-Q4_K_M.gguf,4679.12,3.22537,0.0,0.0
1780408856.776509,DeepSeek-R1-Distill-Qwen-7B-Q4_K_M.gguf,4679.12,2.52718,0.0,0.0
1780408857.2836149,DeepSeek-R1-Distill-Qwen-7B-Q4_K_M.gguf,4679.16,2.40466,0.0,0.0
1780408857.78943,DeepSeek-R1-Distill-Qwen-7B-Q4_K_M.gguf,4679.16,2.74521,0.0,0.0
1780408858.2962382,DeepSeek-R1-Distill-Qwen-7B-Q4_K_M.gguf,4679.17,2.88447,0.0,0.0
1780408858.803474,DeepSeek-R1-Distill-Qwen-7B-Q4_K_M.gguf,4679.17,2.81993,0.0,0.0
1780408859.310276,DeepSeek-R1-Distill-Qwen-7B-Q4_K_M.gguf,4679.17,3.18614,0.0,0.0
1780408859.817301,DeepSeek-R1-Distill-Qwen-7B-Q4_K_M.gguf,4679.17,2.69755,0.0,0.0
1780408860.3258219,DeepSeek-R1-Distill-Qwen-7B-Q4_K_M.gguf,4679.17,2.80865,0.0,0.0
1780408860.830466,DeepSeek-R1-Distill-Qwen-7B-Q4_K_M.gguf,4679.17,2.78559,0.0,0.0
1780409215.277672,DeepSeek-R1-Distill-Qwen-7B-Q4_K_M.gguf,5005.33,4.82475,0.0,0.0
1780409215.785752,DeepSeek-R1-Distill-Qwen-7B-Q4_K_M.gguf,5005.34,2.6369000000000002,0.0,0.0
1780409216.291845,DeepSeek-R1-Distill-Qwen-7B-Q4_K_M.gguf,5005.36,2.9561599999999997,0.0,0.0
1780409216.7987251,DeepSeek-R1-Distill-Qwen-7B-Q4_K_M.gguf,5005.38,2.6378600000000003,0.0,0.0
1780409217.30597,DeepSeek-R1-Distill-Qwen-7B-Q4_K_M.gguf,5005.38,2.8515,0.0,0.0
1780409217.812845,DeepSeek-R1-Distill-Qwen-7B-Q4_K_M.gguf,5005.38,2.97779,0.0,0.0
1780409218.319815,DeepSeek-R1-Distill-Qwen-7B-Q4_K_M.gguf,5005.38,3.4352199999999997,0.0,0.0
1780409218.826724,DeepSeek-R1-Distill-Qwen-7B-Q4_K_M.gguf,5005.38,3.61016,0.0,0.0
1780409219.333694,DeepSeek-R1-Distill-Qwen-7B-Q4_K_M.gguf,5005.38,3.3521799999999997,0.0,0.0
1780409219.838565,DeepSeek-R1-Distill-Qwen-7B-Q4_K_M.gguf,5005.38,3.8125,0.0,0.0
1780409220.346178,DeepSeek-R1-Distill-Qwen-7B-Q4_K_M.gguf,5005.38,3.4898800000000003,0.0,0.0
1780409220.8534908,DeepSeek-R1-Distill-Qwen-7B-Q4_K_M.gguf,5005.38,2.8684000000000003,0.0,0.0
1780409221.3607512,DeepSeek-R1-Distill-Qwen-7B-Q4_K_M.gguf,5005.38,3.4214,0.0,0.0
1780409221.8676531,DeepSeek-R1-Distill-Qwen-7B-Q4_K_M.gguf,5005.38,3.2396100000000003,0.0,0.0
1780409222.37483,DeepSeek-R1-Distill-Qwen-7B-Q4_K_M.gguf,5005.39,3.16098,0.0,0.0
1780409222.8828769,DeepSeek-R1-Distill-Qwen-7B-Q4_K_M.gguf,5005.39,3.22898,0.0,0.0
1780409223.390624,DeepSeek-R1-Distill-Qwen-7B-Q4_K_M.gguf,5005.39,3.13714,0.0,0.0
1780409223.8974211,DeepSeek-R1-Distill-Qwen-7B-Q4_K_M.gguf,5005.39,2.96262,0.0,0.0
1780409224.4042408,DeepSeek-R1-Distill-Qwen-7B-Q4_K_M.gguf,5005.39,3.43367,0.0,0.0
1780409224.911407,DeepSeek-R1-Distill-Qwen-7B-Q4_K_M.gguf,5005.39,3.3731799999999996,0.0,0.0
1780409225.4189582,DeepSeek-R1-Distill-Qwen-7B-Q4_K_M.gguf,5005.39,3.35833,0.0,0.0
1780409225.9257221,DeepSeek-R1-Distill-Qwen-7B-Q4_K_M.gguf,5005.39,3.3067399999999996,0.0,0.0
1780409226.43278,DeepSeek-R1-Distill-Qwen-7B-Q4_K_M.gguf,5005.39,3.31246,0.0,0.0
1780409226.9397812,DeepSeek-R1-Distill-Qwen-7B-Q4_K_M.gguf,5005.39,3.59442,0.0,0.0
1780409227.446653,DeepSeek-R1-Distill-Qwen-7B-Q4_K_M.gguf,5005.39,2.99061,0.0,0.0
1780409227.953606,DeepSeek-R1-Distill-Qwen-7B-Q4_K_M.gguf,5005.39,3.26198,0.0,0.0
1780409228.461003,DeepSeek-R1-Distill-Qwen-7B-Q4_K_M.gguf,5005.39,3.51971,0.0,0.0
1780409228.96794,DeepSeek-R1-Distill-Qwen-7B-Q4_K_M.gguf,5005.39,3.15526,0.0,0.0
1780409229.47508,DeepSeek-R1-Distill-Qwen-7B-Q4_K_M.gguf,5005.39,3.18048,0.0,0.0
1780409229.982827,DeepSeek-R1-Distill-Qwen-7B-Q4_K_M.gguf,5005.39,3.28928,0.0,0.0
1780409230.4895098,DeepSeek-R1-Distill-Qwen-7B-Q4_K_M.gguf,5005.39,3.57918,0.0,0.0
1780409230.996537,DeepSeek-R1-Distill-Qwen-7B-Q4_K_M.gguf,5005.39,4.43863,0.0,0.0
1780409231.503065,DeepSeek-R1-Distill-Qwen-7B-Q4_K_M.gguf,5005.39,3.06555,0.0,0.0
1780409232.010153,DeepSeek-R1-Distill-Qwen-7B-Q4_K_M.gguf,5005.39,2.9581399999999998,0.0,0.0
1780409232.517243,DeepSeek-R1-Distill-Qwen-7B-Q4_K_M.gguf,95.7,2.82774,0.0,0.0
1780409234.6200068,DeepSeek-R1-Distill-Qwen-7B-Q4_K_M.gguf,5004.77,3.46683,0.0,0.0
1780409235.126558,DeepSeek-R1-Distill-Qwen-7B-Q4_K_M.gguf,5004.77,2.71418,0.0,0.0
1780409235.6337228,DeepSeek-R1-Distill-Qwen-7B-Q4_K_M.gguf,5004.77,2.45138,0.0,0.0
1780409236.141408,DeepSeek-R1-Distill-Qwen-7B-Q4_K_M.gguf,5004.78,2.67817,0.0,0.0
1780409236.648075,DeepSeek-R1-Distill-Qwen-7B-Q4_K_M.gguf,5004.8,3.29735,0.0,0.0
1780409237.154919,DeepSeek-R1-Distill-Qwen-7B-Q4_K_M.gguf,5004.81,3.3925500000000004,0.0,0.0
1780409237.662517,DeepSeek-R1-Distill-Qwen-7B-Q4_K_M.gguf,5004.83,3.41972,0.0,0.0
1780409238.169281,DeepSeek-R1-Distill-Qwen-7B-Q4_K_M.gguf,5004.84,2.90596,0.0,0.0
1780409238.6760929,DeepSeek-R1-Distill-Qwen-7B-Q4_K_M.gguf,5004.8,3.29984,0.0,0.0
1780409239.183337,DeepSeek-R1-Distill-Qwen-7B-Q4_K_M.gguf,5004.8,3.2266500000000002,0.0,0.0
1780409239.690379,DeepSeek-R1-Distill-Qwen-7B-Q4_K_M.gguf,5004.8,3.2256,0.0,0.0
1780409240.1973,DeepSeek-R1-Distill-Qwen-7B-Q4_K_M.gguf,5004.81,3.0042,0.0,0.0
1780409240.704285,DeepSeek-R1-Distill-Qwen-7B-Q4_K_M.gguf,5004.81,3.28317,0.0,0.0
1780409241.211175,DeepSeek-R1-Distill-Qwen-7B-Q4_K_M.gguf,5004.81,3.51997,0.0,0.0
1780409241.7184,DeepSeek-R1-Distill-Qwen-7B-Q4_K_M.gguf,5004.81,3.02312,0.0,0.0
1780409242.225763,DeepSeek-R1-Distill-Qwen-7B-Q4_K_M.gguf,5004.81,3.1546,0.0,0.0
1780409242.7335649,DeepSeek-R1-Distill-Qwen-7B-Q4_K_M.gguf,5004.81,3.21035,0.0,0.0
1780409243.240574,DeepSeek-R1-Distill-Qwen-7B-Q4_K_M.gguf,5004.84,3.29674,0.0,0.0
1780409243.748066,DeepSeek-R1-Distill-Qwen-7B-Q4_K_M.gguf,5004.84,3.21654,0.0,0.0
1780409244.254734,DeepSeek-R1-Distill-Qwen-7B-Q4_K_M.gguf,5004.84,3.42157,0.0,0.0
1780409244.7621691,DeepSeek-R1-Distill-Qwen-7B-Q4_K_M.gguf,5004.84,3.50348,0.0,0.0
1780409245.269401,DeepSeek-R1-Distill-Qwen-7B-Q4_K_M.gguf,5004.84,3.04988,0.0,0.0
1780409245.776577,DeepSeek-R1-Distill-Qwen-7B-Q4_K_M.gguf,5004.84,3.1064000000000003,0.0,0.0
1780409246.28429,DeepSeek-R1-Distill-Qwen-7B-Q4_K_M.gguf,5004.84,3.5620700000000003,0.0,0.0
1780409246.7910888,DeepSeek-R1-Distill-Qwen-7B-Q4_K_M.gguf,5004.84,3.1472800000000003,0.0,0.0
1780409247.298773,DeepSeek-R1-Distill-Qwen-7B-Q4_K_M.gguf,5004.84,3.13369,0.0,0.0
1780409247.8053482,DeepSeek-R1-Distill-Qwen-7B-Q4_K_M.gguf,5004.84,3.1784,0.0,0.0
1780409248.3128011,DeepSeek-R1-Distill-Qwen-7B-Q4_K_M.gguf,5004.84,3.1189400000000003,0.0,0.0
1780409248.8197482,DeepSeek-R1-Distill-Qwen-7B-Q4_K_M.gguf,5004.84,3.18848,0.0,0.0
1780409249.3272681,DeepSeek-R1-Distill-Qwen-7B-Q4_K_M.gguf,5004.84,3.3561300000000003,0.0,0.0
1780409249.8342469,DeepSeek-R1-Distill-Qwen-7B-Q4_K_M.gguf,5004.84,2.91593,0.0,0.0
1780409250.341216,DeepSeek-R1-Distill-Qwen-7B-Q4_K_M.gguf,5004.84,3.07047,0.0,0.0
1780409250.84866,DeepSeek-R1-Distill-Qwen-7B-Q4_K_M.gguf,5004.84,3.1792399999999996,0.0,0.0
1780409251.3556411,DeepSeek-R1-Distill-Qwen-7B-Q4_K_M.gguf,5004.84,3.37158,0.0,0.0
1780409251.862609,DeepSeek-R1-Distill-Qwen-7B-Q4_K_M.gguf,5004.84,3.23574,0.0,0.0
1780409254.1111019,DeepSeek-R1-Distill-Qwen-7B-Q4_K_M.gguf,5025.78,2.7251,0.0,0.0
1780409254.617622,DeepSeek-R1-Distill-Qwen-7B-Q4_K_M.gguf,5025.78,2.01112,0.0,0.0
1780409255.123355,DeepSeek-R1-Distill-Qwen-7B-Q4_K_M.gguf,5025.8,2.78382,0.0,0.0
1780409255.63083,DeepSeek-R1-Distill-Qwen-7B-Q4_K_M.gguf,5025.81,2.8924499999999997,0.0,0.0
1780409256.137582,DeepSeek-R1-Distill-Qwen-7B-Q4_K_M.gguf,5025.81,3.25667,0.0,0.0
1780409256.6450508,DeepSeek-R1-Distill-Qwen-7B-Q4_K_M.gguf,5025.83,3.4919000000000002,0.0,0.0
1780409257.151464,DeepSeek-R1-Distill-Qwen-7B-Q4_K_M.gguf,5025.83,3.4096599999999997,0.0,0.0
1780409257.6585238,DeepSeek-R1-Distill-Qwen-7B-Q4_K_M.gguf,5025.83,3.50067,0.0,0.0
1780409258.165716,DeepSeek-R1-Distill-Qwen-7B-Q4_K_M.gguf,5025.83,2.88532,0.0,0.0
1780409258.6726751,DeepSeek-R1-Distill-Qwen-7B-Q4_K_M.gguf,5025.83,3.4453899999999997,0.0,0.0
1780409259.179877,DeepSeek-R1-Distill-Qwen-7B-Q4_K_M.gguf,5025.83,3.10465,0.0,0.0
1780409259.6871018,DeepSeek-R1-Distill-Qwen-7B-Q4_K_M.gguf,5025.83,3.25925,0.0,0.0
1780409260.194286,DeepSeek-R1-Distill-Qwen-7B-Q4_K_M.gguf,5025.83,3.17104,0.0,0.0
1780409260.701646,DeepSeek-R1-Distill-Qwen-7B-Q4_K_M.gguf,5025.83,3.1804200000000002,0.0,0.0
1780409261.208716,DeepSeek-R1-Distill-Qwen-7B-Q4_K_M.gguf,5025.83,2.92985,0.0,0.0
1780409261.716054,DeepSeek-R1-Distill-Qwen-7B-Q4_K_M.gguf,5025.83,3.09336,0.0,0.0
1780409262.223038,DeepSeek-R1-Distill-Qwen-7B-Q4_K_M.gguf,5025.83,3.20924,0.0,0.0
1780409262.730371,DeepSeek-R1-Distill-Qwen-7B-Q4_K_M.gguf,5025.83,3.0618000000000003,0.0,0.0
1780409263.23743,DeepSeek-R1-Distill-Qwen-7B-Q4_K_M.gguf,5025.83,3.21694,0.0,0.0
1780409263.7450619,DeepSeek-R1-Distill-Qwen-7B-Q4_K_M.gguf,5025.83,3.2586999999999997,0.0,0.0
1780409264.251581,DeepSeek-R1-Distill-Qwen-7B-Q4_K_M.gguf,5025.83,3.21933,0.0,0.0
1780409264.758531,DeepSeek-R1-Distill-Qwen-7B-Q4_K_M.gguf,5025.83,3.30373,0.0,0.0
1780409265.265897,DeepSeek-R1-Distill-Qwen-7B-Q4_K_M.gguf,5025.84,3.05025,0.0,0.0
1780409265.772898,DeepSeek-R1-Distill-Qwen-7B-Q4_K_M.gguf,5025.84,3.05155,0.0,0.0
1780409266.280502,DeepSeek-R1-Distill-Qwen-7B-Q4_K_M.gguf,5025.84,3.16254,0.0,0.0
1780409266.787276,DeepSeek-R1-Distill-Qwen-7B-Q4_K_M.gguf,5025.84,3.2754899999999996,0.0,0.0
1780409267.294843,DeepSeek-R1-Distill-Qwen-7B-Q4_K_M.gguf,5025.84,3.51934,0.0,0.0
1780409267.801292,DeepSeek-R1-Distill-Qwen-7B-Q4_K_M.gguf,5025.84,2.96102,0.0,0.0
1780409268.308203,DeepSeek-R1-Distill-Qwen-7B-Q4_K_M.gguf,5025.84,2.9780100000000003,0.0,0.0
1780409268.815549,DeepSeek-R1-Distill-Qwen-7B-Q4_K_M.gguf,5025.84,2.9648600000000003,0.0,0.0
1780409269.322751,DeepSeek-R1-Distill-Qwen-7B-Q4_K_M.gguf,5025.84,2.9598299999999997,0.0,0.0
1780409269.829791,DeepSeek-R1-Distill-Qwen-7B-Q4_K_M.gguf,5025.84,3.1455300000000004,0.0,0.0
1780409270.33703,DeepSeek-R1-Distill-Qwen-7B-Q4_K_M.gguf,5025.84,3.68703,0.0,0.0
1780409270.844105,DeepSeek-R1-Distill-Qwen-7B-Q4_K_M.gguf,5025.84,3.0453200000000002,0.0,0.0
1780409271.351116,DeepSeek-R1-Distill-Qwen-7B-Q4_K_M.gguf,5025.84,3.03986,0.0,0.0
1780409271.858037,DeepSeek-R1-Distill-Qwen-7B-Q4_K_M.gguf,5025.84,3.20453,0.0,0.0
1780409274.049199,DeepSeek-R1-Distill-Qwen-7B-Q4_K_M.gguf,5010.98,2.71904,0.0,0.0
1780409274.5552819,DeepSeek-R1-Distill-Qwen-7B-Q4_K_M.gguf,5010.98,2.25148,0.0,0.0
1780409275.063002,DeepSeek-R1-Distill-Qwen-7B-Q4_K_M.gguf,5011.02,2.7488099999999998,0.0,0.0
1780409275.569498,DeepSeek-R1-Distill-Qwen-7B-Q4_K_M.gguf,5011.03,2.8534200000000003,0.0,0.0
1780409276.07664,DeepSeek-R1-Distill-Qwen-7B-Q4_K_M.gguf,5011.03,3.39552,0.0,0.0
1780409276.5842078,DeepSeek-R1-Distill-Qwen-7B-Q4_K_M.gguf,5011.03,3.3399699999999997,0.0,0.0
1780409277.090739,DeepSeek-R1-Distill-Qwen-7B-Q4_K_M.gguf,5011.03,3.18402,0.0,0.0
1780409277.5977652,DeepSeek-R1-Distill-Qwen-7B-Q4_K_M.gguf,5011.03,3.1678,0.0,0.0
1780409278.104904,DeepSeek-R1-Distill-Qwen-7B-Q4_K_M.gguf,5011.03,3.17152,0.0,0.0
1780409278.6123211,DeepSeek-R1-Distill-Qwen-7B-Q4_K_M.gguf,5011.05,2.96061,0.0,0.0
1780409279.1195872,DeepSeek-R1-Distill-Qwen-7B-Q4_K_M.gguf,5011.05,3.24142,0.0,0.0
1780409279.6263208,DeepSeek-R1-Distill-Qwen-7B-Q4_K_M.gguf,5011.05,3.39102,0.0,0.0
1780409280.133993,DeepSeek-R1-Distill-Qwen-7B-Q4_K_M.gguf,5011.05,3.19419,0.0,0.0
1780409280.640805,DeepSeek-R1-Distill-Qwen-7B-Q4_K_M.gguf,5011.05,3.15087,0.0,0.0
1780409281.147956,DeepSeek-R1-Distill-Qwen-7B-Q4_K_M.gguf,5011.05,3.06296,0.0,0.0
1780409281.6548018,DeepSeek-R1-Distill-Qwen-7B-Q4_K_M.gguf,5011.06,3.10481,0.0,0.0
1780409282.161877,DeepSeek-R1-Distill-Qwen-7B-Q4_K_M.gguf,5011.06,3.6173,0.0,0.0
1780409282.6692228,DeepSeek-R1-Distill-Qwen-7B-Q4_K_M.gguf,5011.06,3.09708,0.0,0.0
1780409283.176053,DeepSeek-R1-Distill-Qwen-7B-Q4_K_M.gguf,5011.06,3.19654,0.0,0.0
1780409283.683264,DeepSeek-R1-Distill-Qwen-7B-Q4_K_M.gguf,5011.06,3.16397,0.0,0.0
1780409284.189962,DeepSeek-R1-Distill-Qwen-7B-Q4_K_M.gguf,5011.05,3.42953,0.0,0.0
1780409284.697255,DeepSeek-R1-Distill-Qwen-7B-Q4_K_M.gguf,5011.05,2.92062,0.0,0.0
1780409285.2040021,DeepSeek-R1-Distill-Qwen-7B-Q4_K_M.gguf,5011.05,3.1704,0.0,0.0
1780409285.7114189,DeepSeek-R1-Distill-Qwen-7B-Q4_K_M.gguf,5011.06,3.11189,0.0,0.0
1780409286.2181609,DeepSeek-R1-Distill-Qwen-7B-Q4_K_M.gguf,5011.06,3.0098000000000003,0.0,0.0
1780409286.725261,DeepSeek-R1-Distill-Qwen-7B-Q4_K_M.gguf,5011.06,3.43936,0.0,0.0
1780409287.233104,DeepSeek-R1-Distill-Qwen-7B-Q4_K_M.gguf,5011.06,3.32383,0.0,0.0
1780409287.7400682,DeepSeek-R1-Distill-Qwen-7B-Q4_K_M.gguf,5011.06,3.2216,0.0,0.0
1780409288.247058,DeepSeek-R1-Distill-Qwen-7B-Q4_K_M.gguf,5011.22,2.8866199999999997,0.0,0.0
1780409288.7537658,DeepSeek-R1-Distill-Qwen-7B-Q4_K_M.gguf,5011.22,2.9704800000000002,0.0,0.0
1780409289.261128,DeepSeek-R1-Distill-Qwen-7B-Q4_K_M.gguf,5011.22,3.2650300000000003,0.0,0.0
1780409289.767692,DeepSeek-R1-Distill-Qwen-7B-Q4_K_M.gguf,5011.22,2.91534,0.0,0.0
1780409290.2745569,DeepSeek-R1-Distill-Qwen-7B-Q4_K_M.gguf,5011.22,3.13368,0.0,0.0
1780409290.781776,DeepSeek-R1-Distill-Qwen-7B-Q4_K_M.gguf,5011.22,3.27929,0.0,0.0
1780409291.288502,DeepSeek-R1-Distill-Qwen-7B-Q4_K_M.gguf,5011.22,3.3820300000000003,0.0,0.0
1780409291.795839,DeepSeek-R1-Distill-Qwen-7B-Q4_K_M.gguf,5011.22,2.9093400000000003,0.0,0.0
1780409292.303723,DeepSeek-R1-Distill-Qwen-7B-Q4_K_M.gguf,101.56,3.20711,0.0,0.0
1780409294.4839392,DeepSeek-R1-Distill-Qwen-7B-Q4_K_M.gguf,5011.92,3.6133200000000003,0.0,0.0
1780409294.991494,DeepSeek-R1-Distill-Qwen-7B-Q4_K_M.gguf,5011.94,2.6191,0.0,0.0
1780409295.499031,DeepSeek-R1-Distill-Qwen-7B-Q4_K_M.gguf,5011.94,2.2377800000000003,0.0,0.0
1780409296.005813,DeepSeek-R1-Distill-Qwen-7B-Q4_K_M.gguf,5011.95,2.84895,0.0,0.0
1780409296.513143,DeepSeek-R1-Distill-Qwen-7B-Q4_K_M.gguf,5011.97,3.1054299999999997,0.0,0.0
1780409297.020948,DeepSeek-R1-Distill-Qwen-7B-Q4_K_M.gguf,5011.97,3.4131,0.0,0.0
1780409297.527547,DeepSeek-R1-Distill-Qwen-7B-Q4_K_M.gguf,5011.97,3.50565,0.0,0.0
1780409298.033236,DeepSeek-R1-Distill-Qwen-7B-Q4_K_M.gguf,5011.97,3.13666,0.0,0.0
1780409298.539967,DeepSeek-R1-Distill-Qwen-7B-Q4_K_M.gguf,5011.92,3.09562,0.0,0.0
1780409299.0472388,DeepSeek-R1-Distill-Qwen-7B-Q4_K_M.gguf,5011.92,3.0034099999999997,0.0,0.0
1780409299.554423,DeepSeek-R1-Distill-Qwen-7B-Q4_K_M.gguf,5011.92,3.3621999999999996,0.0,0.0
1780409300.061604,DeepSeek-R1-Distill-Qwen-7B-Q4_K_M.gguf,5011.92,2.96739,0.0,0.0
1780409300.5683389,DeepSeek-R1-Distill-Qwen-7B-Q4_K_M.gguf,5011.92,3.06146,0.0,0.0
1780409301.0754979,DeepSeek-R1-Distill-Qwen-7B-Q4_K_M.gguf,5011.92,2.95254,0.0,0.0
1780409301.582437,DeepSeek-R1-Distill-Qwen-7B-Q4_K_M.gguf,5011.92,3.26479,0.0,0.0
1780409302.089244,DeepSeek-R1-Distill-Qwen-7B-Q4_K_M.gguf,5011.92,3.26971,0.0,0.0
1780409302.59644,DeepSeek-R1-Distill-Qwen-7B-Q4_K_M.gguf,5011.92,2.8269499999999996,0.0,0.0
1780409303.103412,DeepSeek-R1-Distill-Qwen-7B-Q4_K_M.gguf,5011.92,3.27066,0.0,0.0
1780409303.610204,DeepSeek-R1-Distill-Qwen-7B-Q4_K_M.gguf,5011.92,3.43353,0.0,0.0
1780409304.117134,DeepSeek-R1-Distill-Qwen-7B-Q4_K_M.gguf,5011.92,3.1750700000000003,0.0,0.0
1780409304.62389,DeepSeek-R1-Distill-Qwen-7B-Q4_K_M.gguf,5011.94,3.30294,0.0,0.0
1780409305.13126,DeepSeek-R1-Distill-Qwen-7B-Q4_K_M.gguf,5011.94,3.21189,0.0,0.0
1780409305.638381,DeepSeek-R1-Distill-Qwen-7B-Q4_K_M.gguf,5011.94,2.85079,0.0,0.0
1780409306.145654,DeepSeek-R1-Distill-Qwen-7B-Q4_K_M.gguf,5011.95,3.36922,0.0,0.0
1780409306.6506848,DeepSeek-R1-Distill-Qwen-7B-Q4_K_M.gguf,5011.95,2.93773,0.0,0.0
1780409307.1576161,DeepSeek-R1-Distill-Qwen-7B-Q4_K_M.gguf,5011.95,3.1649499999999997,0.0,0.0
1780409307.6652532,DeepSeek-R1-Distill-Qwen-7B-Q4_K_M.gguf,5011.95,3.42201,0.0,0.0
1780409308.171913,DeepSeek-R1-Distill-Qwen-7B-Q4_K_M.gguf,5011.97,3.00344,0.0,0.0
1780409308.679297,DeepSeek-R1-Distill-Qwen-7B-Q4_K_M.gguf,5011.97,3.45254,0.0,0.0
1780409309.1863208,DeepSeek-R1-Distill-Qwen-7B-Q4_K_M.gguf,5011.97,3.43985,0.0,0.0
1780409309.6932878,DeepSeek-R1-Distill-Qwen-7B-Q4_K_M.gguf,5011.97,3.1218000000000004,0.0,0.0
1780409310.200611,DeepSeek-R1-Distill-Qwen-7B-Q4_K_M.gguf,5011.98,2.95783,0.0,0.0
1780409310.707744,DeepSeek-R1-Distill-Qwen-7B-Q4_K_M.gguf,5011.98,3.23407,0.0,0.0
1780409311.214893,DeepSeek-R1-Distill-Qwen-7B-Q4_K_M.gguf,5011.98,3.2263699999999997,0.0,0.0
1780409311.722063,DeepSeek-R1-Distill-Qwen-7B-Q4_K_M.gguf,5011.98,3.12136,0.0,0.0
1780409312.228941,DeepSeek-R1-Distill-Qwen-7B-Q4_K_M.gguf,5011.98,3.15946,0.0,0.0
1780409312.735847,DeepSeek-R1-Distill-Qwen-7B-Q4_K_M.gguf,5011.98,2.91792,0.0,0.0
1780409314.97312,DeepSeek-R1-Distill-Qwen-7B-Q4_K_M.gguf,5022.33,3.5023299999999997,0.0,0.0
1780409315.4804852,DeepSeek-R1-Distill-Qwen-7B-Q4_K_M.gguf,5022.34,2.3837800000000002,0.0,0.0
1780409315.987731,DeepSeek-R1-Distill-Qwen-7B-Q4_K_M.gguf,5022.39,2.59873,0.0,0.0
1780409316.494882,DeepSeek-R1-Distill-Qwen-7B-Q4_K_M.gguf,5022.42,2.92202,0.0,0.0
1780409317.0015302,DeepSeek-R1-Distill-Qwen-7B-Q4_K_M.gguf,5022.44,2.7984,0.0,0.0
1780409317.509401,DeepSeek-R1-Distill-Qwen-7B-Q4_K_M.gguf,5022.45,3.49411,0.0,0.0
1780409318.014983,DeepSeek-R1-Distill-Qwen-7B-Q4_K_M.gguf,5022.45,3.0276199999999998,0.0,0.0
1780409318.521588,DeepSeek-R1-Distill-Qwen-7B-Q4_K_M.gguf,5022.45,3.15114,0.0,0.0
1780409319.027532,DeepSeek-R1-Distill-Qwen-7B-Q4_K_M.gguf,5022.45,3.29755,0.0,0.0
1780409319.5342321,DeepSeek-R1-Distill-Qwen-7B-Q4_K_M.gguf,5022.45,2.8426199999999997,0.0,0.0
1780409320.040947,DeepSeek-R1-Distill-Qwen-7B-Q4_K_M.gguf,5022.45,3.05919,0.0,0.0
1780409320.5476758,DeepSeek-R1-Distill-Qwen-7B-Q4_K_M.gguf,5022.45,3.05938,0.0,0.0
1780409321.054402,DeepSeek-R1-Distill-Qwen-7B-Q4_K_M.gguf,5022.45,2.93025,0.0,0.0
1780409321.5608802,DeepSeek-R1-Distill-Qwen-7B-Q4_K_M.gguf,5022.45,2.83229,0.0,0.0
1780409322.068789,DeepSeek-R1-Distill-Qwen-7B-Q4_K_M.gguf,5022.41,2.95227,0.0,0.0
1780409322.575697,DeepSeek-R1-Distill-Qwen-7B-Q4_K_M.gguf,5022.41,3.2273400000000003,0.0,0.0
1780409323.0825632,DeepSeek-R1-Distill-Qwen-7B-Q4_K_M.gguf,5022.41,2.897,0.0,0.0
1780409323.5896761,DeepSeek-R1-Distill-Qwen-7B-Q4_K_M.gguf,5022.41,3.06593,0.0,0.0
1780409324.096905,DeepSeek-R1-Distill-Qwen-7B-Q4_K_M.gguf,5022.41,2.90649,0.0,0.0
1780409324.60382,DeepSeek-R1-Distill-Qwen-7B-Q4_K_M.gguf,5022.41,3.2721799999999996,0.0,0.0
1780409325.111019,DeepSeek-R1-Distill-Qwen-7B-Q4_K_M.gguf,5022.41,3.33226,0.0,0.0
1780409325.618336,DeepSeek-R1-Distill-Qwen-7B-Q4_K_M.gguf,5022.41,2.94407,0.0,0.0
1780409326.1253052,DeepSeek-R1-Distill-Qwen-7B-Q4_K_M.gguf,5022.41,3.1906399999999997,0.0,0.0
1780409326.6322,DeepSeek-R1-Distill-Qwen-7B-Q4_K_M.gguf,5022.41,3.19602,0.0,0.0
1780409327.139094,DeepSeek-R1-Distill-Qwen-7B-Q4_K_M.gguf,5022.41,2.98592,0.0,0.0
1780409327.645844,DeepSeek-R1-Distill-Qwen-7B-Q4_K_M.gguf,5022.41,4.71083,0.0,0.0
1780409328.153096,DeepSeek-R1-Distill-Qwen-7B-Q4_K_M.gguf,5022.41,3.9747,0.0,0.0
1780409328.6598709,DeepSeek-R1-Distill-Qwen-7B-Q4_K_M.gguf,5022.41,4.08322,0.0,0.0
1780409329.1672802,DeepSeek-R1-Distill-Qwen-7B-Q4_K_M.gguf,5022.42,2.58956,0.0,0.0
1780409329.673024,DeepSeek-R1-Distill-Qwen-7B-Q4_K_M.gguf,5022.42,2.46051,0.0,0.0
1780409330.1801448,DeepSeek-R1-Distill-Qwen-7B-Q4_K_M.gguf,5022.42,3.06901,0.0,0.0
1780409330.686507,DeepSeek-R1-Distill-Qwen-7B-Q4_K_M.gguf,5022.42,3.19419,0.0,0.0
1780409331.1937711,DeepSeek-R1-Distill-Qwen-7B-Q4_K_M.gguf,5022.42,2.8626799999999997,0.0,0.0
1780409331.700873,DeepSeek-R1-Distill-Qwen-7B-Q4_K_M.gguf,5022.42,2.64542,0.0,0.0
1780409332.2071092,DeepSeek-R1-Distill-Qwen-7B-Q4_K_M.gguf,5022.42,3.05325,0.0,0.0
1780409334.444148,DeepSeek-R1-Distill-Qwen-7B-Q4_K_M.gguf,5016.59,3.63951,0.0,0.0
1780409334.9506729,DeepSeek-R1-Distill-Qwen-7B-Q4_K_M.gguf,5016.62,2.38318,0.0,0.0
1780409335.458581,DeepSeek-R1-Distill-Qwen-7B-Q4_K_M.gguf,5016.62,2.46338,0.0,0.0
1780409335.96662,DeepSeek-R1-Distill-Qwen-7B-Q4_K_M.gguf,5016.64,3.51377,0.0,0.0
1780409336.4723048,DeepSeek-R1-Distill-Qwen-7B-Q4_K_M.gguf,5016.66,3.06644,0.0,0.0
1780409336.9794922,DeepSeek-R1-Distill-Qwen-7B-Q4_K_M.gguf,5016.66,2.92379,0.0,0.0
1780409337.4866161,DeepSeek-R1-Distill-Qwen-7B-Q4_K_M.gguf,5016.66,3.15693,0.0,0.0
1780409337.9933481,DeepSeek-R1-Distill-Qwen-7B-Q4_K_M.gguf,5016.66,3.16183,0.0,0.0
1780409338.500372,DeepSeek-R1-Distill-Qwen-7B-Q4_K_M.gguf,5016.64,3.1875,0.0,0.0
1780409339.007543,DeepSeek-R1-Distill-Qwen-7B-Q4_K_M.gguf,5016.64,3.31216,0.0,0.0
1780409339.5140219,DeepSeek-R1-Distill-Qwen-7B-Q4_K_M.gguf,5016.64,3.29328,0.0,0.0
1780409340.0210922,DeepSeek-R1-Distill-Qwen-7B-Q4_K_M.gguf,5016.66,3.5378600000000002,0.0,0.0
1780409340.5281851,DeepSeek-R1-Distill-Qwen-7B-Q4_K_M.gguf,5016.66,3.31579,0.0,0.0
1780409341.035318,DeepSeek-R1-Distill-Qwen-7B-Q4_K_M.gguf,5016.66,2.97489,0.0,0.0
1780409341.5418198,DeepSeek-R1-Distill-Qwen-7B-Q4_K_M.gguf,5016.66,3.098,0.0,0.0
1780409342.049273,DeepSeek-R1-Distill-Qwen-7B-Q4_K_M.gguf,5016.66,2.80614,0.0,0.0
1780409342.5559711,DeepSeek-R1-Distill-Qwen-7B-Q4_K_M.gguf,5016.66,3.27523,0.0,0.0
1780409343.062827,DeepSeek-R1-Distill-Qwen-7B-Q4_K_M.gguf,5016.66,3.3493600000000003,0.0,0.0
1780409343.5698931,DeepSeek-R1-Distill-Qwen-7B-Q4_K_M.gguf,5016.66,3.1108000000000002,0.0,0.0
1780409344.076847,DeepSeek-R1-Distill-Qwen-7B-Q4_K_M.gguf,5016.66,3.3534699999999997,0.0,0.0
1780409344.5839229,DeepSeek-R1-Distill-Qwen-7B-Q4_K_M.gguf,5016.66,3.29727,0.0,0.0
1780409345.0908349,DeepSeek-R1-Distill-Qwen-7B-Q4_K_M.gguf,5016.66,2.64006,0.0,0.0
1780409345.598421,DeepSeek-R1-Distill-Qwen-7B-Q4_K_M.gguf,5016.66,2.90258,0.0,0.0
1780409346.10531,DeepSeek-R1-Distill-Qwen-7B-Q4_K_M.gguf,5016.66,2.99408,0.0,0.0
1780409346.612017,DeepSeek-R1-Distill-Qwen-7B-Q4_K_M.gguf,5016.66,3.06054,0.0,0.0
1780409347.11985,DeepSeek-R1-Distill-Qwen-7B-Q4_K_M.gguf,5016.66,3.09399,0.0,0.0
1780409347.6264498,DeepSeek-R1-Distill-Qwen-7B-Q4_K_M.gguf,5016.66,3.38095,0.0,0.0
1780409348.134175,DeepSeek-R1-Distill-Qwen-7B-Q4_K_M.gguf,5016.66,2.61965,0.0,0.0
1780409348.640407,DeepSeek-R1-Distill-Qwen-7B-Q4_K_M.gguf,5016.66,2.62232,0.0,0.0
1780409349.151123,DeepSeek-R1-Distill-Qwen-7B-Q4_K_M.gguf,5016.66,2.91652,0.0,0.0
1780409349.6582148,DeepSeek-R1-Distill-Qwen-7B-Q4_K_M.gguf,5016.66,3.8719099999999997,0.0,0.0
1780409350.164547,DeepSeek-R1-Distill-Qwen-7B-Q4_K_M.gguf,5016.66,2.55736,0.0,0.0
1780409350.6718001,DeepSeek-R1-Distill-Qwen-7B-Q4_K_M.gguf,5016.66,2.79521,0.0,0.0
1780409351.178575,DeepSeek-R1-Distill-Qwen-7B-Q4_K_M.gguf,5016.66,2.88568,0.0,0.0
1780409351.685725,DeepSeek-R1-Distill-Qwen-7B-Q4_K_M.gguf,5016.66,2.66055,0.0,0.0
1780409353.914358,DeepSeek-R1-Distill-Qwen-7B-Q4_K_M.gguf,5006.39,3.9471999999999996,0.0,0.0
1780409354.421918,DeepSeek-R1-Distill-Qwen-7B-Q4_K_M.gguf,5006.42,2.24576,0.0,0.0
1780409354.928659,DeepSeek-R1-Distill-Qwen-7B-Q4_K_M.gguf,5006.45,2.5481,0.0,0.0
1780409355.435241,DeepSeek-R1-Distill-Qwen-7B-Q4_K_M.gguf,5006.47,2.52835,0.0,0.0
1780409355.942438,DeepSeek-R1-Distill-Qwen-7B-Q4_K_M.gguf,5006.72,2.7638000000000003,0.0,0.0
1780409356.450135,DeepSeek-R1-Distill-Qwen-7B-Q4_K_M.gguf,5006.72,3.72008,0.0,0.0
1780409356.956397,DeepSeek-R1-Distill-Qwen-7B-Q4_K_M.gguf,5006.73,3.05892,0.0,0.0
1780409357.463619,DeepSeek-R1-Distill-Qwen-7B-Q4_K_M.gguf,5006.73,3.1344600000000002,0.0,0.0
1780409357.9709811,DeepSeek-R1-Distill-Qwen-7B-Q4_K_M.gguf,5006.72,3.43716,0.0,0.0
1780409358.4781241,DeepSeek-R1-Distill-Qwen-7B-Q4_K_M.gguf,5006.72,4.41671,0.0,0.0
1780409358.987185,DeepSeek-R1-Distill-Qwen-7B-Q4_K_M.gguf,5006.72,6.7983,0.0,0.0
1780409359.49763,DeepSeek-R1-Distill-Qwen-7B-Q4_K_M.gguf,5006.72,4.48896,0.0,0.0
1780409360.005808,DeepSeek-R1-Distill-Qwen-7B-Q4_K_M.gguf,5006.72,3.4519499999999996,0.0,0.0
1780409360.513133,DeepSeek-R1-Distill-Qwen-7B-Q4_K_M.gguf,5006.72,1.93663,0.0,0.0
1780409361.019839,DeepSeek-R1-Distill-Qwen-7B-Q4_K_M.gguf,5006.72,2.1449499999999997,0.0,0.0
1780409361.526874,DeepSeek-R1-Distill-Qwen-7B-Q4_K_M.gguf,5006.72,2.82259,0.0,0.0
1780409362.033515,DeepSeek-R1-Distill-Qwen-7B-Q4_K_M.gguf,5006.72,3.09126,0.0,0.0
1780409362.540672,DeepSeek-R1-Distill-Qwen-7B-Q4_K_M.gguf,5006.72,3.422,0.0,0.0
1780409363.047743,DeepSeek-R1-Distill-Qwen-7B-Q4_K_M.gguf,5006.72,3.44331,0.0,0.0
1780409363.554323,DeepSeek-R1-Distill-Qwen-7B-Q4_K_M.gguf,5006.72,3.26134,0.0,0.0
1780409364.061377,DeepSeek-R1-Distill-Qwen-7B-Q4_K_M.gguf,5006.72,3.3217600000000003,0.0,0.0
1780409364.568598,DeepSeek-R1-Distill-Qwen-7B-Q4_K_M.gguf,5006.72,3.1231799999999996,0.0,0.0
1780409365.075403,DeepSeek-R1-Distill-Qwen-7B-Q4_K_M.gguf,5006.72,3.33473,0.0,0.0
1780409365.58267,DeepSeek-R1-Distill-Qwen-7B-Q4_K_M.gguf,5006.72,2.91313,0.0,0.0
1780409366.089379,DeepSeek-R1-Distill-Qwen-7B-Q4_K_M.gguf,5006.72,3.57372,0.0,0.0
1780409366.59659,DeepSeek-R1-Distill-Qwen-7B-Q4_K_M.gguf,5006.72,2.8726100000000003,0.0,0.0
1780409367.1053078,DeepSeek-R1-Distill-Qwen-7B-Q4_K_M.gguf,5006.72,3.26523,0.0,0.0
1780409367.611866,DeepSeek-R1-Distill-Qwen-7B-Q4_K_M.gguf,5006.72,3.11984,0.0,0.0
1780409368.117148,DeepSeek-R1-Distill-Qwen-7B-Q4_K_M.gguf,5006.72,3.06974,0.0,0.0
1780409368.623938,DeepSeek-R1-Distill-Qwen-7B-Q4_K_M.gguf,5006.72,3.11862,0.0,0.0
1780409369.1314409,DeepSeek-R1-Distill-Qwen-7B-Q4_K_M.gguf,5006.72,3.31481,0.0,0.0
1780409369.638156,DeepSeek-R1-Distill-Qwen-7B-Q4_K_M.gguf,5006.72,3.3423000000000003,0.0,0.0
1780409370.1444108,DeepSeek-R1-Distill-Qwen-7B-Q4_K_M.gguf,5006.72,3.1589099999999997,0.0,0.0
1780409370.6516008,DeepSeek-R1-Distill-Qwen-7B-Q4_K_M.gguf,5006.72,3.1823699999999997,0.0,0.0
1780409371.158292,DeepSeek-R1-Distill-Qwen-7B-Q4_K_M.gguf,5006.72,2.83903,0.0,0.0
1780409371.665695,DeepSeek-R1-Distill-Qwen-7B-Q4_K_M.gguf,5006.72,3.18202,0.0,0.0
1780409372.172468,DeepSeek-R1-Distill-Qwen-7B-Q4_K_M.gguf,5006.72,3.17502,0.0,0.0
1780409372.684042,DeepSeek-R1-Distill-Qwen-7B-Q4_K_M.gguf,97.05,3.16927,0.0,0.0
1780409374.8842392,DeepSeek-R1-Distill-Qwen-7B-Q4_K_M.gguf,5010.78,3.9973400000000003,0.0,0.0
1780409375.390489,DeepSeek-R1-Distill-Qwen-7B-Q4_K_M.gguf,5010.8,2.8290300000000004,0.0,0.0
1780409375.8979142,DeepSeek-R1-Distill-Qwen-7B-Q4_K_M.gguf,5010.81,2.7704400000000002,0.0,0.0
1780409376.4050481,DeepSeek-R1-Distill-Qwen-7B-Q4_K_M.gguf,5010.83,2.893,0.0,0.0
1780409376.912441,DeepSeek-R1-Distill-Qwen-7B-Q4_K_M.gguf,5010.83,2.97523,0.0,0.0
1780409377.420799,DeepSeek-R1-Distill-Qwen-7B-Q4_K_M.gguf,5010.83,2.90121,0.0,0.0
1780409377.92655,DeepSeek-R1-Distill-Qwen-7B-Q4_K_M.gguf,5010.84,3.3908899999999997,0.0,0.0
1780409378.433376,DeepSeek-R1-Distill-Qwen-7B-Q4_K_M.gguf,5010.84,3.19521,0.0,0.0
1780409378.940376,DeepSeek-R1-Distill-Qwen-7B-Q4_K_M.gguf,5010.8,3.194,0.0,0.0
1780409379.447637,DeepSeek-R1-Distill-Qwen-7B-Q4_K_M.gguf,5010.8,3.31319,0.0,0.0
1780409379.954543,DeepSeek-R1-Distill-Qwen-7B-Q4_K_M.gguf,5010.8,3.38645,0.0,0.0
1780409380.461761,DeepSeek-R1-Distill-Qwen-7B-Q4_K_M.gguf,5010.8,2.95254,0.0,0.0
1780409380.967537,DeepSeek-R1-Distill-Qwen-7B-Q4_K_M.gguf,5010.8,3.04468,0.0,0.0
1780409381.474605,DeepSeek-R1-Distill-Qwen-7B-Q4_K_M.gguf,5010.8,3.47532,0.0,0.0
1780409381.981905,DeepSeek-R1-Distill-Qwen-7B-Q4_K_M.gguf,5010.8,3.16384,0.0,0.0
1780409382.488918,DeepSeek-R1-Distill-Qwen-7B-Q4_K_M.gguf,5010.8,3.13165,0.0,0.0
1780409382.996125,DeepSeek-R1-Distill-Qwen-7B-Q4_K_M.gguf,5010.81,3.40439,0.0,0.0
1780409383.5041761,DeepSeek-R1-Distill-Qwen-7B-Q4_K_M.gguf,5010.81,3.31364,0.0,0.0
1780409384.011638,DeepSeek-R1-Distill-Qwen-7B-Q4_K_M.gguf,5010.81,3.2807399999999998,0.0,0.0
1780409384.518369,DeepSeek-R1-Distill-Qwen-7B-Q4_K_M.gguf,5010.81,2.83837,0.0,0.0
1780409385.0250208,DeepSeek-R1-Distill-Qwen-7B-Q4_K_M.gguf,5010.81,2.97795,0.0,0.0
1780409385.532484,DeepSeek-R1-Distill-Qwen-7B-Q4_K_M.gguf,5010.81,3.02012,0.0,0.0
1780409386.039191,DeepSeek-R1-Distill-Qwen-7B-Q4_K_M.gguf,5010.81,3.116,0.0,0.0
1780409386.546061,DeepSeek-R1-Distill-Qwen-7B-Q4_K_M.gguf,5010.81,3.30101,0.0,0.0
1780409387.0533981,DeepSeek-R1-Distill-Qwen-7B-Q4_K_M.gguf,5010.81,2.9459,0.0,0.0
1780409387.56074,DeepSeek-R1-Distill-Qwen-7B-Q4_K_M.gguf,5010.81,3.3246700000000002,0.0,0.0
1780409388.0681548,DeepSeek-R1-Distill-Qwen-7B-Q4_K_M.gguf,5010.81,3.13691,0.0,0.0
1780409388.575677,DeepSeek-R1-Distill-Qwen-7B-Q4_K_M.gguf,5010.81,3.3046100000000003,0.0,0.0
1780409389.082454,DeepSeek-R1-Distill-Qwen-7B-Q4_K_M.gguf,5010.84,3.06551,0.0,0.0
1780409389.5895932,DeepSeek-R1-Distill-Qwen-7B-Q4_K_M.gguf,5010.84,3.32953,0.0,0.0
1780409390.096925,DeepSeek-R1-Distill-Qwen-7B-Q4_K_M.gguf,5010.84,3.01851,0.0,0.0
1780409390.603874,DeepSeek-R1-Distill-Qwen-7B-Q4_K_M.gguf,5010.84,3.2250199999999998,0.0,0.0
1780409391.1109262,DeepSeek-R1-Distill-Qwen-7B-Q4_K_M.gguf,5010.84,3.1614400000000002,0.0,0.0
1780409391.6181371,DeepSeek-R1-Distill-Qwen-7B-Q4_K_M.gguf,5010.84,3.42286,0.0,0.0
1780409392.12468,DeepSeek-R1-Distill-Qwen-7B-Q4_K_M.gguf,5010.84,3.45845,0.0,0.0
1780409392.63165,DeepSeek-R1-Distill-Qwen-7B-Q4_K_M.gguf,101.17,3.13059,0.0,0.0
1780409394.845248,DeepSeek-R1-Distill-Qwen-7B-Q4_K_M.gguf,5023.84,3.65748,0.0,0.0
1780409395.352067,DeepSeek-R1-Distill-Qwen-7B-Q4_K_M.gguf,5023.88,2.25361,0.0,0.0
1780409395.858565,DeepSeek-R1-Distill-Qwen-7B-Q4_K_M.gguf,5023.94,2.69546,0.0,0.0
1780409396.3659708,DeepSeek-R1-Distill-Qwen-7B-Q4_K_M.gguf,5023.97,3.1549099999999997,0.0,0.0
1780409396.872452,DeepSeek-R1-Distill-Qwen-7B-Q4_K_M.gguf,5024.0,3.23562,0.0,0.0
1780409397.379762,DeepSeek-R1-Distill-Qwen-7B-Q4_K_M.gguf,5024.03,3.1807800000000004,0.0,0.0
1780409397.887349,DeepSeek-R1-Distill-Qwen-7B-Q4_K_M.gguf,5024.03,3.1193299999999997,0.0,0.0
1780409398.393634,DeepSeek-R1-Distill-Qwen-7B-Q4_K_M.gguf,5024.03,3.47,0.0,0.0
1780409398.900784,DeepSeek-R1-Distill-Qwen-7B-Q4_K_M.gguf,5024.03,3.02056,0.0,0.0
1780409399.407829,DeepSeek-R1-Distill-Qwen-7B-Q4_K_M.gguf,5024.03,3.3695399999999998,0.0,0.0
1780409399.9155369,DeepSeek-R1-Distill-Qwen-7B-Q4_K_M.gguf,5024.03,3.18142,0.0,0.0
1780409400.4225202,DeepSeek-R1-Distill-Qwen-7B-Q4_K_M.gguf,5024.03,3.2993200000000003,0.0,0.0
1780409400.929645,DeepSeek-R1-Distill-Qwen-7B-Q4_K_M.gguf,5024.03,3.0499699999999996,0.0,0.0
1780409401.4368682,DeepSeek-R1-Distill-Qwen-7B-Q4_K_M.gguf,5024.03,3.26336,0.0,0.0
1780409401.943678,DeepSeek-R1-Distill-Qwen-7B-Q4_K_M.gguf,5023.98,3.30446,0.0,0.0
1780409402.450884,DeepSeek-R1-Distill-Qwen-7B-Q4_K_M.gguf,5023.98,3.2361,0.0,0.0
1780409402.957634,DeepSeek-R1-Distill-Qwen-7B-Q4_K_M.gguf,5023.98,3.5337899999999998,0.0,0.0
1780409403.464898,DeepSeek-R1-Distill-Qwen-7B-Q4_K_M.gguf,5023.98,2.80416,0.0,0.0
1780409403.9720051,DeepSeek-R1-Distill-Qwen-7B-Q4_K_M.gguf,5023.98,3.3266999999999998,0.0,0.0
1780409404.479372,DeepSeek-R1-Distill-Qwen-7B-Q4_K_M.gguf,5024.0,3.11079,0.0,0.0
1780409404.986809,DeepSeek-R1-Distill-Qwen-7B-Q4_K_M.gguf,5024.0,3.1294299999999997,0.0,0.0
1780409405.493471,DeepSeek-R1-Distill-Qwen-7B-Q4_K_M.gguf,5024.0,3.43633,0.0,0.0
1780409406.0008278,DeepSeek-R1-Distill-Qwen-7B-Q4_K_M.gguf,5024.0,3.4916799999999997,0.0,0.0
1780409406.507422,DeepSeek-R1-Distill-Qwen-7B-Q4_K_M.gguf,5024.0,3.25369,0.0,0.0
1780409407.014713,DeepSeek-R1-Distill-Qwen-7B-Q4_K_M.gguf,5024.0,3.23656,0.0,0.0
1780409407.5218408,DeepSeek-R1-Distill-Qwen-7B-Q4_K_M.gguf,5024.0,2.9116999999999997,0.0,0.0
1780409408.029073,DeepSeek-R1-Distill-Qwen-7B-Q4_K_M.gguf,5024.0,3.0786700000000002,0.0,0.0
1780409408.535881,DeepSeek-R1-Distill-Qwen-7B-Q4_K_M.gguf,5024.0,3.06361,0.0,0.0
1780409409.04263,DeepSeek-R1-Distill-Qwen-7B-Q4_K_M.gguf,5024.02,3.43901,0.0,0.0
1780409409.549672,DeepSeek-R1-Distill-Qwen-7B-Q4_K_M.gguf,5024.02,3.31183,0.0,0.0
1780409410.0566359,DeepSeek-R1-Distill-Qwen-7B-Q4_K_M.gguf,5024.02,3.31977,0.0,0.0
1780409410.563792,DeepSeek-R1-Distill-Qwen-7B-Q4_K_M.gguf,5024.02,2.97412,0.0,0.0
1780409411.0690198,DeepSeek-R1-Distill-Qwen-7B-Q4_K_M.gguf,5024.02,3.28097,0.0,0.0
1780409411.5762,DeepSeek-R1-Distill-Qwen-7B-Q4_K_M.gguf,5024.02,3.06389,0.0,0.0
1780409412.083168,DeepSeek-R1-Distill-Qwen-7B-Q4_K_M.gguf,5024.02,3.14583,0.0,0.0
1780409412.590019,DeepSeek-R1-Distill-Qwen-7B-Q4_K_M.gguf,5024.02,3.31677,0.0,0.0
1780409451.95423,falcon-11B-Q4_K_M.gguf,6727.78,4.4654,0.0,0.0
1780409452.460426,falcon-11B-Q4_K_M.gguf,6727.8,2.65531,0.0,0.0
1780409452.9682932,falcon-11B-Q4_K_M.gguf,6727.8,2.76057,0.0,0.0
1780409453.4757318,falcon-11B-Q4_K_M.gguf,6727.81,3.1958,0.0,0.0
1780409453.9831622,falcon-11B-Q4_K_M.gguf,6727.83,3.27791,0.0,0.0
1780409454.4901161,falcon-11B-Q4_K_M.gguf,6727.83,3.32745,0.0,0.0
1780409454.997658,falcon-11B-Q4_K_M.gguf,6727.83,3.3469499999999996,0.0,0.0
1780409455.504138,falcon-11B-Q4_K_M.gguf,6727.83,3.3827399999999996,0.0,0.0
1780409456.011018,falcon-11B-Q4_K_M.gguf,6727.81,3.8048,0.0,0.0
1780409456.5180402,falcon-11B-Q4_K_M.gguf,6727.81,3.35664,0.0,0.0
1780409457.024998,falcon-11B-Q4_K_M.gguf,6727.81,3.3885500000000004,0.0,0.0
1780409457.532711,falcon-11B-Q4_K_M.gguf,6727.81,3.08289,0.0,0.0
1780409458.039561,falcon-11B-Q4_K_M.gguf,6727.81,3.4394299999999998,0.0,0.0
1780409458.547154,falcon-11B-Q4_K_M.gguf,6727.81,3.32354,0.0,0.0
1780409459.0532238,falcon-11B-Q4_K_M.gguf,6727.81,3.29219,0.0,0.0
1780409459.560566,falcon-11B-Q4_K_M.gguf,6727.81,3.20999,0.0,0.0
1780409460.067892,falcon-11B-Q4_K_M.gguf,6727.81,3.34796,0.0,0.0
1780409460.575307,falcon-11B-Q4_K_M.gguf,6727.81,3.4782100000000002,0.0,0.0
1780409461.08234,falcon-11B-Q4_K_M.gguf,6727.81,3.14275,0.0,0.0
1780409461.5890088,falcon-11B-Q4_K_M.gguf,6727.81,3.40436,0.0,0.0
1780409462.095934,falcon-11B-Q4_K_M.gguf,6727.81,3.55447,0.0,0.0
1780409462.603297,falcon-11B-Q4_K_M.gguf,6727.81,3.51932,0.0,0.0
1780409463.110338,falcon-11B-Q4_K_M.gguf,6727.83,3.00893,0.0,0.0
1780409463.618046,falcon-11B-Q4_K_M.gguf,6727.83,3.2915300000000003,0.0,0.0
1780409464.1248472,falcon-11B-Q4_K_M.gguf,6727.83,3.40624,0.0,0.0
1780409464.632319,falcon-11B-Q4_K_M.gguf,6727.83,3.2284699999999997,0.0,0.0
1780409465.138828,falcon-11B-Q4_K_M.gguf,6727.83,3.26329,0.0,0.0
1780409465.646144,falcon-11B-Q4_K_M.gguf,6727.83,3.3112600000000003,0.0,0.0
1780409466.153443,falcon-11B-Q4_K_M.gguf,6727.83,3.47841,0.0,0.0
1780409466.660206,falcon-11B-Q4_K_M.gguf,6727.83,3.4057399999999998,0.0,0.0
1780409467.167469,falcon-11B-Q4_K_M.gguf,6727.83,3.49569,0.0,0.0
1780409467.674228,falcon-11B-Q4_K_M.gguf,6727.83,3.9396,0.0,0.0
1780409468.181542,falcon-11B-Q4_K_M.gguf,6727.83,3.33506,0.0,0.0
1780409468.68887,falcon-11B-Q4_K_M.gguf,6727.83,3.01404,0.0,0.0
1780409469.195976,falcon-11B-Q4_K_M.gguf,6727.83,3.20559,0.0,0.0
1780409469.703409,falcon-11B-Q4_K_M.gguf,6727.83,3.41575,0.0,0.0
1780409470.2105012,falcon-11B-Q4_K_M.gguf,6727.83,3.27969,0.0,0.0
1780409470.7178218,falcon-11B-Q4_K_M.gguf,6727.83,3.24504,0.0,0.0
1780409471.224598,falcon-11B-Q4_K_M.gguf,6727.83,3.27573,0.0,0.0
1780409471.7318919,falcon-11B-Q4_K_M.gguf,6727.83,3.3418699999999997,0.0,0.0
1780409472.238888,falcon-11B-Q4_K_M.gguf,6727.83,3.3657600000000003,0.0,0.0
1780409472.7466528,falcon-11B-Q4_K_M.gguf,6727.83,3.29712,0.0,0.0
1780409473.2535481,falcon-11B-Q4_K_M.gguf,6727.83,3.20229,0.0,0.0
1780409473.7599459,falcon-11B-Q4_K_M.gguf,6727.83,3.34617,0.0,0.0
1780409474.2666938,falcon-11B-Q4_K_M.gguf,6727.83,3.4103600000000003,0.0,0.0
1780409474.7737951,falcon-11B-Q4_K_M.gguf,6727.83,3.55346,0.0,0.0
1780409475.281079,falcon-11B-Q4_K_M.gguf,6727.83,3.18483,0.0,0.0
1780409475.787715,falcon-11B-Q4_K_M.gguf,6727.83,3.14798,0.0,0.0
1780409476.2949498,falcon-11B-Q4_K_M.gguf,6727.83,3.23521,0.0,0.0
1780409476.801652,falcon-11B-Q4_K_M.gguf,6727.83,3.52594,0.0,0.0
1780409477.3091168,falcon-11B-Q4_K_M.gguf,6727.83,3.96969,0.0,0.0
1780409477.816449,falcon-11B-Q4_K_M.gguf,6727.83,3.7552600000000003,0.0,0.0
1780409478.323034,falcon-11B-Q4_K_M.gguf,6727.83,3.1078,0.0,0.0
1780409478.8306491,falcon-11B-Q4_K_M.gguf,6727.83,3.1167,0.0,0.0
1780409479.337982,falcon-11B-Q4_K_M.gguf,6727.83,3.1075399999999997,0.0,0.0
1780409479.844853,falcon-11B-Q4_K_M.gguf,6727.83,3.42403,0.0,0.0
1780409480.351499,falcon-11B-Q4_K_M.gguf,6727.83,3.09822,0.0,0.0
1780409480.858871,falcon-11B-Q4_K_M.gguf,6727.83,3.28367,0.0,0.0
1780409481.366261,falcon-11B-Q4_K_M.gguf,6727.83,3.1783099999999997,0.0,0.0
1780409483.645987,falcon-11B-Q4_K_M.gguf,6732.42,3.24878,0.0,0.0
1780409484.153514,falcon-11B-Q4_K_M.gguf,6732.47,2.3461,0.0,0.0
1780409484.660156,falcon-11B-Q4_K_M.gguf,6732.47,2.7655100000000004,0.0,0.0
1780409485.167128,falcon-11B-Q4_K_M.gguf,6732.47,3.4184699999999997,0.0,0.0
1780409485.674283,falcon-11B-Q4_K_M.gguf,6732.47,3.75815,0.0,0.0
1780409486.18155,falcon-11B-Q4_K_M.gguf,6732.47,3.48719,0.0,0.0
1780409486.6881778,falcon-11B-Q4_K_M.gguf,6732.47,3.66563,0.0,0.0
1780409487.1956322,falcon-11B-Q4_K_M.gguf,6732.47,3.44675,0.0,0.0
1780409487.702945,falcon-11B-Q4_K_M.gguf,6732.45,2.92488,0.0,0.0
1780409488.2096598,falcon-11B-Q4_K_M.gguf,6732.45,3.35265,0.0,0.0
1780409488.717422,falcon-11B-Q4_K_M.gguf,6732.45,3.0434699999999997,0.0,0.0
1780409489.2238941,falcon-11B-Q4_K_M.gguf,6732.45,3.12944,0.0,0.0
1780409489.731477,falcon-11B-Q4_K_M.gguf,6732.45,3.67421,0.0,0.0
1780409490.238288,falcon-11B-Q4_K_M.gguf,6732.45,3.19675,0.0,0.0
1780409490.7455208,falcon-11B-Q4_K_M.gguf,6732.45,3.44183,0.0,0.0
1780409491.252921,falcon-11B-Q4_K_M.gguf,6732.45,3.0605900000000004,0.0,0.0
1780409491.7596228,falcon-11B-Q4_K_M.gguf,6732.45,3.14915,0.0,0.0
1780409492.2669609,falcon-11B-Q4_K_M.gguf,6732.45,3.0943899999999998,0.0,0.0
1780409492.7733471,falcon-11B-Q4_K_M.gguf,6732.45,3.33885,0.0,0.0
1780409493.2809799,falcon-11B-Q4_K_M.gguf,6732.47,3.3966999999999996,0.0,0.0
1780409493.7875981,falcon-11B-Q4_K_M.gguf,6732.47,3.49022,0.0,0.0
1780409494.294771,falcon-11B-Q4_K_M.gguf,6732.47,3.49019,0.0,0.0
1780409494.8024871,falcon-11B-Q4_K_M.gguf,6732.47,3.16373,0.0,0.0
1780409495.309302,falcon-11B-Q4_K_M.gguf,6732.47,3.49116,0.0,0.0
1780409495.816546,falcon-11B-Q4_K_M.gguf,6732.47,3.2635,0.0,0.0
1780409496.325495,falcon-11B-Q4_K_M.gguf,6732.47,3.12695,0.0,0.0
1780409496.831723,falcon-11B-Q4_K_M.gguf,6732.47,3.44951,0.0,0.0
1780409497.339179,falcon-11B-Q4_K_M.gguf,6732.47,3.14157,0.0,0.0
1780409497.8465762,falcon-11B-Q4_K_M.gguf,6732.48,3.1350700000000002,0.0,0.0
1780409498.354238,falcon-11B-Q4_K_M.gguf,6732.48,3.0451799999999998,0.0,0.0
1780409498.861203,falcon-11B-Q4_K_M.gguf,6732.48,3.14577,0.0,0.0
1780409499.367925,falcon-11B-Q4_K_M.gguf,6732.48,2.88931,0.0,0.0
1780409499.874704,falcon-11B-Q4_K_M.gguf,6732.48,3.51137,0.0,0.0
1780409500.3818612,falcon-11B-Q4_K_M.gguf,6732.48,3.4018800000000002,0.0,0.0
1780409500.89046,falcon-11B-Q4_K_M.gguf,6732.48,3.11131,0.0,0.0
1780409501.397286,falcon-11B-Q4_K_M.gguf,6732.48,2.93676,0.0,0.0
1780409501.9046001,falcon-11B-Q4_K_M.gguf,6732.48,2.45757,0.0,0.0
1780409502.4115121,falcon-11B-Q4_K_M.gguf,6732.48,3.04833,0.0,0.0
1780409502.918876,falcon-11B-Q4_K_M.gguf,6732.48,3.05918,0.0,0.0
1780409503.4262578,falcon-11B-Q4_K_M.gguf,6732.48,2.86756,0.0,0.0
1780409503.933741,falcon-11B-Q4_K_M.gguf,6732.48,2.78746,0.0,0.0
1780409504.440788,falcon-11B-Q4_K_M.gguf,6732.48,2.95223,0.0,0.0
1780409504.947356,falcon-11B-Q4_K_M.gguf,6732.48,3.147,0.0,0.0
1780409505.455137,falcon-11B-Q4_K_M.gguf,6732.48,3.3684000000000003,0.0,0.0
1780409505.961663,falcon-11B-Q4_K_M.gguf,6732.48,3.36774,0.0,0.0
1780409506.46728,falcon-11B-Q4_K_M.gguf,6732.48,3.23653,0.0,0.0
1780409506.974524,falcon-11B-Q4_K_M.gguf,6732.48,3.11253,0.0,0.0
1780409507.480674,falcon-11B-Q4_K_M.gguf,6732.48,2.8281,0.0,0.0
1780409507.9875991,falcon-11B-Q4_K_M.gguf,6732.48,2.79087,0.0,0.0
1780409508.494947,falcon-11B-Q4_K_M.gguf,6732.48,2.87593,0.0,0.0
1780409509.0012832,falcon-11B-Q4_K_M.gguf,6732.48,2.88874,0.0,0.0
1780409509.5082939,falcon-11B-Q4_K_M.gguf,6732.48,3.0694,0.0,0.0
1780409510.01493,falcon-11B-Q4_K_M.gguf,6732.48,3.24386,0.0,0.0
1780409510.521775,falcon-11B-Q4_K_M.gguf,6732.48,3.2435,0.0,0.0
1780409511.028945,falcon-11B-Q4_K_M.gguf,6732.48,2.8331500000000003,0.0,0.0
1780409511.536546,falcon-11B-Q4_K_M.gguf,6732.48,2.9121300000000003,0.0,0.0
1780409513.831017,falcon-11B-Q4_K_M.gguf,6727.5,3.5789400000000002,0.0,0.0
1780409514.336928,falcon-11B-Q4_K_M.gguf,6727.52,2.60221,0.0,0.0
1780409514.8443048,falcon-11B-Q4_K_M.gguf,6727.52,2.99647,0.0,0.0
1780409515.3511958,falcon-11B-Q4_K_M.gguf,6727.53,3.43483,0.0,0.0
1780409515.8587189,falcon-11B-Q4_K_M.gguf,6727.53,2.98989,0.0,0.0
1780409516.3660002,falcon-11B-Q4_K_M.gguf,6727.55,3.481,0.0,0.0
1780409516.873495,falcon-11B-Q4_K_M.gguf,6727.55,2.90337,0.0,0.0
1780409517.3812149,falcon-11B-Q4_K_M.gguf,6727.55,3.20833,0.0,0.0
1780409517.888125,falcon-11B-Q4_K_M.gguf,6727.5,3.197,0.0,0.0
1780409518.395346,falcon-11B-Q4_K_M.gguf,6727.5,3.03296,0.0,0.0
1780409518.902001,falcon-11B-Q4_K_M.gguf,6727.5,3.33063,0.0,0.0
1780409519.4096441,falcon-11B-Q4_K_M.gguf,6727.5,3.3445300000000002,0.0,0.0
1780409519.9162922,falcon-11B-Q4_K_M.gguf,6727.5,3.4950799999999997,0.0,0.0
1780409520.423009,falcon-11B-Q4_K_M.gguf,6727.5,3.24764,0.0,0.0
1780409520.930308,falcon-11B-Q4_K_M.gguf,6727.5,3.3126100000000003,0.0,0.0
1780409521.437647,falcon-11B-Q4_K_M.gguf,6727.5,3.2653000000000003,0.0,0.0
1780409523.6833558,falcon-11B-Q4_K_M.gguf,6727.59,3.33839,0.0,0.0
1780409524.189692,falcon-11B-Q4_K_M.gguf,6727.59,2.5918400000000004,0.0,0.0
1780409524.6963232,falcon-11B-Q4_K_M.gguf,6727.59,2.38919,0.0,0.0
1780409525.202923,falcon-11B-Q4_K_M.gguf,6727.59,3.43665,0.0,0.0
1780409525.720038,falcon-11B-Q4_K_M.gguf,76.22,3.54316,0.0,0.0
1780409527.764472,falcon-11B-Q4_K_M.gguf,6727.06,4.05217,0.0,0.0
1780409528.269959,falcon-11B-Q4_K_M.gguf,6727.06,2.38116,0.0,0.0
1780409528.776514,falcon-11B-Q4_K_M.gguf,6727.06,3.08434,0.0,0.0
1780409529.2832918,falcon-11B-Q4_K_M.gguf,6727.08,3.15077,0.0,0.0
1780409529.789975,falcon-11B-Q4_K_M.gguf,6727.08,2.97427,0.0,0.0
1780409530.296941,falcon-11B-Q4_K_M.gguf,6727.08,2.8893400000000002,0.0,0.0
1780409530.8034902,falcon-11B-Q4_K_M.gguf,6727.08,3.1406199999999997,0.0,0.0
1780409531.3101618,falcon-11B-Q4_K_M.gguf,6727.08,3.17715,0.0,0.0
1780409531.817226,falcon-11B-Q4_K_M.gguf,6727.06,3.23169,0.0,0.0
1780409532.32394,falcon-11B-Q4_K_M.gguf,6727.06,2.96023,0.0,0.0
1780409534.545721,falcon-11B-Q4_K_M.gguf,6729.2,2.9642399999999998,0.0,0.0
1780409535.051926,falcon-11B-Q4_K_M.gguf,6729.2,2.39686,0.0,0.0
1780409535.559062,falcon-11B-Q4_K_M.gguf,6729.2,3.01627,0.0,0.0
1780409536.0656419,falcon-11B-Q4_K_M.gguf,6729.2,3.1892,0.0,0.0
1780409536.572593,falcon-11B-Q4_K_M.gguf,6729.23,3.31298,0.0,0.0
1780409537.079835,falcon-11B-Q4_K_M.gguf,6729.23,3.2677899999999998,0.0,0.0
1780409537.58571,falcon-11B-Q4_K_M.gguf,6729.23,2.98565,0.0,0.0
1780409538.092389,falcon-11B-Q4_K_M.gguf,6729.23,3.17567,0.0,0.0
1780409538.5992022,falcon-11B-Q4_K_M.gguf,6729.19,3.12792,0.0,0.0
1780409539.1057742,falcon-11B-Q4_K_M.gguf,6729.19,3.0773099999999998,0.0,0.0
1780409539.612587,falcon-11B-Q4_K_M.gguf,6729.19,2.8655399999999998,0.0,0.0
1780409540.119064,falcon-11B-Q4_K_M.gguf,6729.19,2.73861,0.0,0.0
1780409540.625984,falcon-11B-Q4_K_M.gguf,6729.19,3.0923000000000003,0.0,0.0
1780409541.132524,falcon-11B-Q4_K_M.gguf,6729.19,3.12686,0.0,0.0
1780409541.638904,falcon-11B-Q4_K_M.gguf,6729.19,3.06872,0.0,0.0
1780409542.145377,falcon-11B-Q4_K_M.gguf,6729.19,3.04589,0.0,0.0
1780409542.65216,falcon-11B-Q4_K_M.gguf,6729.19,3.22433,0.0,0.0
1780409543.158914,falcon-11B-Q4_K_M.gguf,6729.19,3.0125300000000004,0.0,0.0
1780409543.666282,falcon-11B-Q4_K_M.gguf,6729.19,3.0316,0.0,0.0
1780409544.172647,falcon-11B-Q4_K_M.gguf,6729.19,2.8955100000000003,0.0,0.0
1780409544.681118,falcon-11B-Q4_K_M.gguf,6729.19,2.9416700000000002,0.0,0.0
1780409545.1875,falcon-11B-Q4_K_M.gguf,6729.19,3.0021799999999996,0.0,0.0
1780409545.6948411,falcon-11B-Q4_K_M.gguf,6729.19,2.81052,0.0,0.0
1780409546.201992,falcon-11B-Q4_K_M.gguf,6729.19,3.49431,0.0,0.0
1780409546.709049,falcon-11B-Q4_K_M.gguf,6729.19,3.27458,0.0,0.0
1780409547.2157362,falcon-11B-Q4_K_M.gguf,6729.19,3.28035,0.0,0.0
1780409547.7227972,falcon-11B-Q4_K_M.gguf,6729.19,3.16358,0.0,0.0
1780409548.229805,falcon-11B-Q4_K_M.gguf,6729.19,3.42519,0.0,0.0
1780409548.7370172,falcon-11B-Q4_K_M.gguf,6729.19,3.44157,0.0,0.0
1780409549.243983,falcon-11B-Q4_K_M.gguf,6729.19,3.35343,0.0,0.0
1780409549.751307,falcon-11B-Q4_K_M.gguf,6729.19,3.4505,0.0,0.0
1780409550.2584288,falcon-11B-Q4_K_M.gguf,6729.19,3.16867,0.0,0.0
1780409550.765583,falcon-11B-Q4_K_M.gguf,6729.19,2.9333,0.0,0.0
1780409551.272764,falcon-11B-Q4_K_M.gguf,6729.19,3.2510100000000004,0.0,0.0
1780409551.77968,falcon-11B-Q4_K_M.gguf,6729.19,3.22952,0.0,0.0
1780409552.286535,falcon-11B-Q4_K_M.gguf,6729.19,3.47749,0.0,0.0
1780409552.7935538,falcon-11B-Q4_K_M.gguf,6729.19,3.2723299999999997,0.0,0.0
1780409553.300359,falcon-11B-Q4_K_M.gguf,6729.19,3.2846100000000003,0.0,0.0
1780409553.807128,falcon-11B-Q4_K_M.gguf,6729.19,3.6065500000000004,0.0,0.0
1780409554.3144052,falcon-11B-Q4_K_M.gguf,6729.19,3.33529,0.0,0.0
1780409554.821412,falcon-11B-Q4_K_M.gguf,6729.2,3.01564,0.0,0.0
1780409555.328984,falcon-11B-Q4_K_M.gguf,6729.2,4.363060000000001,0.0,0.0
1780409555.835673,falcon-11B-Q4_K_M.gguf,6729.2,7.24638,0.0,0.0
1780409556.34319,falcon-11B-Q4_K_M.gguf,6729.2,2.40248,0.0,0.0
1780409556.8507662,falcon-11B-Q4_K_M.gguf,6729.22,2.3447600000000004,0.0,0.0
1780409557.357148,falcon-11B-Q4_K_M.gguf,6729.22,3.9496700000000002,0.0,0.0
1780409557.864543,falcon-11B-Q4_K_M.gguf,6729.22,3.63983,0.0,0.0
1780409558.371521,falcon-11B-Q4_K_M.gguf,6729.22,3.1066,0.0,0.0
1780409558.87851,falcon-11B-Q4_K_M.gguf,6729.22,2.85194,0.0,0.0
1780409559.385637,falcon-11B-Q4_K_M.gguf,6729.22,3.31437,0.0,0.0
1780409559.893188,falcon-11B-Q4_K_M.gguf,6729.22,3.12375,0.0,0.0
1780409560.399988,falcon-11B-Q4_K_M.gguf,6729.22,3.1857699999999998,0.0,0.0
1780409560.906695,falcon-11B-Q4_K_M.gguf,6729.22,3.33221,0.0,0.0
1780409561.414195,falcon-11B-Q4_K_M.gguf,6729.22,3.53906,0.0,0.0
1780409561.920852,falcon-11B-Q4_K_M.gguf,6729.22,3.1921999999999997,0.0,0.0
1780409562.4278889,falcon-11B-Q4_K_M.gguf,6729.22,3.47145,0.0,0.0
1780409562.935166,falcon-11B-Q4_K_M.gguf,6729.22,3.59021,0.0,0.0
1780409563.443635,falcon-11B-Q4_K_M.gguf,77.89,3.11042,0.0,0.0
1780409565.351568,falcon-11B-Q4_K_M.gguf,6730.14,3.3535,0.0,0.0
1780409565.8586,falcon-11B-Q4_K_M.gguf,6730.14,2.5861300000000003,0.0,0.0
1780409566.365264,falcon-11B-Q4_K_M.gguf,6730.2,2.92489,0.0,0.0
1780409566.8721159,falcon-11B-Q4_K_M.gguf,6730.2,3.27173,0.0,0.0
1780409567.379473,falcon-11B-Q4_K_M.gguf,6730.31,3.39018,0.0,0.0
1780409567.886427,falcon-11B-Q4_K_M.gguf,6730.31,3.738,0.0,0.0
1780409568.391477,falcon-11B-Q4_K_M.gguf,6730.31,3.23364,0.0,0.0
1780409568.898358,falcon-11B-Q4_K_M.gguf,6730.3,3.33804,0.0,0.0
1780409571.07602,falcon-11B-Q4_K_M.gguf,6726.62,3.1501,0.0,0.0
1780409571.5822752,falcon-11B-Q4_K_M.gguf,6726.62,2.45681,0.0,0.0
1780409572.088799,falcon-11B-Q4_K_M.gguf,6726.64,3.00352,0.0,0.0
1780409572.595884,falcon-11B-Q4_K_M.gguf,6726.81,3.54067,0.0,0.0
1780409573.1027431,falcon-11B-Q4_K_M.gguf,6726.86,3.42857,0.0,0.0
1780409573.609868,falcon-11B-Q4_K_M.gguf,6726.86,3.4574499999999997,0.0,0.0
1780409574.1169012,falcon-11B-Q4_K_M.gguf,6726.88,3.2929299999999997,0.0,0.0
1780409574.6238348,falcon-11B-Q4_K_M.gguf,6726.83,3.54888,0.0,0.0
1780409575.131029,falcon-11B-Q4_K_M.gguf,6726.84,3.25487,0.0,0.0
1780409575.638148,falcon-11B-Q4_K_M.gguf,6726.84,3.41743,0.0,0.0
1780409576.1454668,falcon-11B-Q4_K_M.gguf,6726.84,3.68423,0.0,0.0
1780409576.652607,falcon-11B-Q4_K_M.gguf,6726.84,3.59751,0.0,0.0
1780409577.166883,falcon-11B-Q4_K_M.gguf,75.47,3.00706,0.0,0.0
1780409579.3829691,falcon-11B-Q4_K_M.gguf,6727.64,3.57648,0.0,0.0
1780409579.889781,falcon-11B-Q4_K_M.gguf,6727.64,3.30348,0.0,0.0
1780409580.399083,falcon-11B-Q4_K_M.gguf,6727.64,2.98844,0.0,0.0
1780409580.9039721,falcon-11B-Q4_K_M.gguf,6727.69,3.5635100000000004,0.0,0.0
1780409581.4110951,falcon-11B-Q4_K_M.gguf,6727.7,3.5510900000000003,0.0,0.0
1780409581.9182909,falcon-11B-Q4_K_M.gguf,6727.72,3.2411999999999996,0.0,0.0
1780409582.4252548,falcon-11B-Q4_K_M.gguf,6727.72,3.15777,0.0,0.0
1780409582.9320261,falcon-11B-Q4_K_M.gguf,6727.72,3.14113,0.0,0.0
1780409583.4372969,falcon-11B-Q4_K_M.gguf,6727.72,3.2817,0.0,0.0
1780409583.9445481,falcon-11B-Q4_K_M.gguf,6727.72,3.2602399999999996,0.0,0.0
1780409584.451039,falcon-11B-Q4_K_M.gguf,6727.72,3.48073,0.0,0.0
1780409584.957694,falcon-11B-Q4_K_M.gguf,6727.72,3.19467,0.0,0.0
1780409585.465253,falcon-11B-Q4_K_M.gguf,6727.72,3.32869,0.0,0.0
1780409585.972255,falcon-11B-Q4_K_M.gguf,6727.72,3.44014,0.0,0.0
1780409586.479664,falcon-11B-Q4_K_M.gguf,6727.73,3.2388600000000003,0.0,0.0
1780409586.986395,falcon-11B-Q4_K_M.gguf,6727.73,3.3002800000000003,0.0,0.0
1780409587.493477,falcon-11B-Q4_K_M.gguf,6727.73,3.2324699999999997,0.0,0.0
1780409588.001077,falcon-11B-Q4_K_M.gguf,6727.73,3.3915300000000004,0.0,0.0
1780409588.508084,falcon-11B-Q4_K_M.gguf,6727.73,3.36271,0.0,0.0
1780409589.0158222,falcon-11B-Q4_K_M.gguf,6727.73,3.1588000000000003,0.0,0.0
1780409589.522004,falcon-11B-Q4_K_M.gguf,6727.73,3.35546,0.0,0.0
1780409590.02976,falcon-11B-Q4_K_M.gguf,6727.73,3.35771,0.0,0.0
1780409590.5362718,falcon-11B-Q4_K_M.gguf,6727.73,3.1976799999999996,0.0,0.0
1780409591.043951,falcon-11B-Q4_K_M.gguf,6727.73,3.39286,0.0,0.0
1780409591.550751,falcon-11B-Q4_K_M.gguf,6727.73,3.11005,0.0,0.0
1780409592.057889,falcon-11B-Q4_K_M.gguf,6727.73,3.30202,0.0,0.0
1780409592.565079,falcon-11B-Q4_K_M.gguf,6727.73,3.4089099999999997,0.0,0.0
1780409593.071501,falcon-11B-Q4_K_M.gguf,6727.73,3.58107,0.0,0.0
1780409593.579084,falcon-11B-Q4_K_M.gguf,6727.73,3.25765,0.0,0.0
1780409594.08561,falcon-11B-Q4_K_M.gguf,6727.73,3.23183,0.0,0.0
1780409594.5931551,falcon-11B-Q4_K_M.gguf,6727.73,3.26242,0.0,0.0
1780409595.099962,falcon-11B-Q4_K_M.gguf,6727.73,3.29333,0.0,0.0
1780409595.606967,falcon-11B-Q4_K_M.gguf,6727.73,3.31569,0.0,0.0
1780409596.11401,falcon-11B-Q4_K_M.gguf,6727.73,3.41948,0.0,0.0
1780409596.621221,falcon-11B-Q4_K_M.gguf,6727.73,3.64396,0.0,0.0
1780409597.1291862,falcon-11B-Q4_K_M.gguf,6727.73,3.2667100000000002,0.0,0.0
1780409597.6353211,falcon-11B-Q4_K_M.gguf,6727.73,3.10867,0.0,0.0
1780409598.1426291,falcon-11B-Q4_K_M.gguf,6727.73,3.2958600000000002,0.0,0.0
1780409598.649699,falcon-11B-Q4_K_M.gguf,6727.73,3.4206999999999996,0.0,0.0
1780409599.156687,falcon-11B-Q4_K_M.gguf,6727.73,3.2295700000000003,0.0,0.0
1780409599.664116,falcon-11B-Q4_K_M.gguf,6727.73,3.35521,0.0,0.0
1780409600.17115,falcon-11B-Q4_K_M.gguf,6727.73,3.19646,0.0,0.0
1780409600.6780312,falcon-11B-Q4_K_M.gguf,6727.73,3.37569,0.0,0.0
1780409601.185449,falcon-11B-Q4_K_M.gguf,6727.73,3.4184699999999997,0.0,0.0
1780409601.6925461,falcon-11B-Q4_K_M.gguf,6727.73,3.18606,0.0,0.0
1780409602.1993449,falcon-11B-Q4_K_M.gguf,6727.73,3.0566,0.0,0.0
1780409602.7062788,falcon-11B-Q4_K_M.gguf,6727.73,3.77381,0.0,0.0
1780409603.21348,falcon-11B-Q4_K_M.gguf,6727.73,3.23226,0.0,0.0
1780409603.720914,falcon-11B-Q4_K_M.gguf,6727.73,3.55077,0.0,0.0
1780409604.22846,falcon-11B-Q4_K_M.gguf,6727.73,3.1592800000000003,0.0,0.0
1780409604.735563,falcon-11B-Q4_K_M.gguf,6727.73,3.31312,0.0,0.0
1780409605.242899,falcon-11B-Q4_K_M.gguf,6727.73,3.2743800000000003,0.0,0.0
1780409605.749801,falcon-11B-Q4_K_M.gguf,6727.73,3.2202100000000002,0.0,0.0
1780409606.257005,falcon-11B-Q4_K_M.gguf,6727.73,3.44382,0.0,0.0
1780409606.76411,falcon-11B-Q4_K_M.gguf,6727.73,3.34672,0.0,0.0
1780409607.270616,falcon-11B-Q4_K_M.gguf,6727.73,3.41647,0.0,0.0
1780409607.778072,falcon-11B-Q4_K_M.gguf,6727.73,3.31657,0.0,0.0
1780409608.2955909,falcon-11B-Q4_K_M.gguf,76.36,3.2976199999999998,0.0,0.0
1780409610.312041,falcon-11B-Q4_K_M.gguf,6735.31,4.09039,0.0,0.0
1780409610.818511,falcon-11B-Q4_K_M.gguf,6735.33,3.0123,0.0,0.0
1780409611.325232,falcon-11B-Q4_K_M.gguf,6735.33,3.11211,0.0,0.0
1780409611.832339,falcon-11B-Q4_K_M.gguf,6735.36,3.11623,0.0,0.0
1780409612.339402,falcon-11B-Q4_K_M.gguf,6735.41,3.2272600000000002,0.0,0.0
1780409612.846617,falcon-11B-Q4_K_M.gguf,6735.41,3.21536,0.0,0.0
1780409613.353593,falcon-11B-Q4_K_M.gguf,6735.42,3.45506,0.0,0.0
1780409613.8605828,falcon-11B-Q4_K_M.gguf,6735.42,3.1318699999999997,0.0,0.0
1780409614.367815,falcon-11B-Q4_K_M.gguf,6735.39,3.35935,0.0,0.0
1780409614.874754,falcon-11B-Q4_K_M.gguf,6735.39,3.37644,0.0,0.0
1780409615.382773,falcon-11B-Q4_K_M.gguf,6735.39,3.00149,0.0,0.0
1780409615.893462,falcon-11B-Q4_K_M.gguf,84.02,3.2996,0.0,0.0
1780409751.633512,falcon-11B-Q4_K_M.gguf,7093.7,6.32271,0.0,0.0
1780409752.139921,falcon-11B-Q4_K_M.gguf,7093.72,3.29082,0.0,0.0
1780409752.648032,falcon-11B-Q4_K_M.gguf,7093.73,3.0253,0.0,0.0
1780409753.1546822,falcon-11B-Q4_K_M.gguf,7093.73,3.27748,0.0,0.0
1780409753.662349,falcon-11B-Q4_K_M.gguf,7093.73,3.05735,0.0,0.0
1780409754.169376,falcon-11B-Q4_K_M.gguf,7093.73,3.1606300000000003,0.0,0.0
1780409754.676437,falcon-11B-Q4_K_M.gguf,7093.73,3.41398,0.0,0.0
1780409755.18366,falcon-11B-Q4_K_M.gguf,7093.78,3.4834099999999997,0.0,0.0
1780409755.690361,falcon-11B-Q4_K_M.gguf,7093.78,3.6344000000000003,0.0,0.0
1780409756.197666,falcon-11B-Q4_K_M.gguf,7093.78,3.86997,0.0,0.0
1780409756.704739,falcon-11B-Q4_K_M.gguf,7093.8,3.23202,0.0,0.0
1780409757.2123141,falcon-11B-Q4_K_M.gguf,7093.8,3.4242600000000003,0.0,0.0
1780409757.7192168,falcon-11B-Q4_K_M.gguf,7093.8,3.439,0.0,0.0
1780409758.226296,falcon-11B-Q4_K_M.gguf,7093.8,3.1794499999999997,0.0,0.0
1780409758.7336588,falcon-11B-Q4_K_M.gguf,7093.78,3.54969,0.0,0.0
1780409759.2404668,falcon-11B-Q4_K_M.gguf,7093.78,3.41156,0.0,0.0
1780409759.747682,falcon-11B-Q4_K_M.gguf,7093.78,3.26804,0.0,0.0
1780409760.2549639,falcon-11B-Q4_K_M.gguf,7093.78,3.64023,0.0,0.0
1780409760.761976,falcon-11B-Q4_K_M.gguf,7093.78,3.23921,0.0,0.0
1780409761.268641,falcon-11B-Q4_K_M.gguf,7093.78,3.42494,0.0,0.0
1780409761.775635,falcon-11B-Q4_K_M.gguf,7093.78,3.44807,0.0,0.0
1780409764.01575,falcon-11B-Q4_K_M.gguf,7086.95,3.1860399999999998,0.0,0.0
1780409764.522091,falcon-11B-Q4_K_M.gguf,7086.95,2.21202,0.0,0.0
1780409765.02882,falcon-11B-Q4_K_M.gguf,7086.95,3.06397,0.0,0.0
1780409765.535818,falcon-11B-Q4_K_M.gguf,7086.95,3.67347,0.0,0.0
1780409766.04262,falcon-11B-Q4_K_M.gguf,7086.95,3.59196,0.0,0.0
1780409766.549589,falcon-11B-Q4_K_M.gguf,7086.95,3.72666,0.0,0.0
1780409767.056726,falcon-11B-Q4_K_M.gguf,7086.95,3.51202,0.0,0.0
1780409767.563663,falcon-11B-Q4_K_M.gguf,7086.95,3.6804,0.0,0.0
1780409768.070849,falcon-11B-Q4_K_M.gguf,7086.94,3.38866,0.0,0.0
1780409768.577709,falcon-11B-Q4_K_M.gguf,7086.94,3.47342,0.0,0.0
1780409769.0845382,falcon-11B-Q4_K_M.gguf,7086.94,3.34458,0.0,0.0
1780409769.591605,falcon-11B-Q4_K_M.gguf,7086.94,3.42865,0.0,0.0
1780409770.098332,falcon-11B-Q4_K_M.gguf,7086.94,3.24289,0.0,0.0
1780409770.605429,falcon-11B-Q4_K_M.gguf,7086.94,3.29352,0.0,0.0
1780409771.112457,falcon-11B-Q4_K_M.gguf,7086.94,3.43196,0.0,0.0
1780409771.6196768,falcon-11B-Q4_K_M.gguf,7086.94,3.42874,0.0,0.0
1780409773.7951481,falcon-11B-Q4_K_M.gguf,7089.47,3.6467899999999998,0.0,0.0
1780409774.302568,falcon-11B-Q4_K_M.gguf,7089.48,2.72542,0.0,0.0
1780409774.8087502,falcon-11B-Q4_K_M.gguf,7089.48,3.11978,0.0,0.0
1780409775.315846,falcon-11B-Q4_K_M.gguf,7089.5,3.50327,0.0,0.0
1780409775.823561,falcon-11B-Q4_K_M.gguf,7089.5,3.32084,0.0,0.0
1780409776.3314161,falcon-11B-Q4_K_M.gguf,7089.5,3.60897,0.0,0.0
1780409776.838583,falcon-11B-Q4_K_M.gguf,7089.5,3.53368,0.0,0.0
1780409777.345655,falcon-11B-Q4_K_M.gguf,7089.69,4.05896,0.0,0.0
1780409777.8526962,falcon-11B-Q4_K_M.gguf,7089.67,3.48063,0.0,0.0
1780409778.360227,falcon-11B-Q4_K_M.gguf,7089.67,3.4161799999999998,0.0,0.0
1780409778.8670561,falcon-11B-Q4_K_M.gguf,7089.67,3.0367100000000002,0.0,0.0
1780409779.3742578,falcon-11B-Q4_K_M.gguf,7089.67,3.2817,0.0,0.0
1780409779.881091,falcon-11B-Q4_K_M.gguf,7089.67,3.20061,0.0,0.0
1780409780.388043,falcon-11B-Q4_K_M.gguf,7089.67,3.42138,0.0,0.0
1780409780.8949,falcon-11B-Q4_K_M.gguf,7089.67,3.25777,0.0,0.0
1780409781.40195,falcon-11B-Q4_K_M.gguf,7089.67,3.20758,0.0,0.0
1780409781.909067,falcon-11B-Q4_K_M.gguf,7089.67,3.33684,0.0,0.0
1780409782.4160798,falcon-11B-Q4_K_M.gguf,7089.67,3.3193099999999998,0.0,0.0
1780409782.922693,falcon-11B-Q4_K_M.gguf,7089.67,3.3273800000000002,0.0,0.0
1780409783.429628,falcon-11B-Q4_K_M.gguf,7089.67,3.4809099999999997,0.0,0.0
1780409783.936872,falcon-11B-Q4_K_M.gguf,7089.67,3.53821,0.0,0.0
1780409784.444154,falcon-11B-Q4_K_M.gguf,7089.67,3.3609400000000003,0.0,0.0
1780409784.950665,falcon-11B-Q4_K_M.gguf,7089.67,3.1871799999999997,0.0,0.0
1780409785.458247,falcon-11B-Q4_K_M.gguf,7089.67,3.6092600000000004,0.0,0.0
1780409785.965046,falcon-11B-Q4_K_M.gguf,7089.67,3.20991,0.0,0.0
1780409786.471958,falcon-11B-Q4_K_M.gguf,7089.67,3.5231,0.0,0.0
1780409786.978928,falcon-11B-Q4_K_M.gguf,7089.67,3.29457,0.0,0.0
1780409787.486308,falcon-11B-Q4_K_M.gguf,7089.67,3.78607,0.0,0.0
1780409787.993376,falcon-11B-Q4_K_M.gguf,7089.67,3.10579,0.0,0.0
1780409788.5012548,falcon-11B-Q4_K_M.gguf,7089.67,3.00339,0.0,0.0
1780409789.007967,falcon-11B-Q4_K_M.gguf,7089.67,3.30293,0.0,0.0
1780409789.515693,falcon-11B-Q4_K_M.gguf,7089.67,3.19174,0.0,0.0
1780409790.022363,falcon-11B-Q4_K_M.gguf,7089.67,3.3563,0.0,0.0
1780409790.529345,falcon-11B-Q4_K_M.gguf,7089.67,3.4491,0.0,0.0
1780409791.036074,falcon-11B-Q4_K_M.gguf,7089.67,3.45699,0.0,0.0
1780409791.5432708,falcon-11B-Q4_K_M.gguf,7089.67,3.47877,0.0,0.0
1780409792.0502038,falcon-11B-Q4_K_M.gguf,7089.67,3.21062,0.0,0.0
1780409792.5569642,falcon-11B-Q4_K_M.gguf,7089.67,3.26693,0.0,0.0
1780409793.0642612,falcon-11B-Q4_K_M.gguf,7089.67,3.30392,0.0,0.0
1780409793.570508,falcon-11B-Q4_K_M.gguf,7089.69,3.3810599999999997,0.0,0.0
1780409794.0870678,falcon-11B-Q4_K_M.gguf,78.3,3.2528,0.0,0.0
1780409796.228808,falcon-11B-Q4_K_M.gguf,7087.94,4.20017,0.0,0.0
1780409796.735142,falcon-11B-Q4_K_M.gguf,7087.95,2.6277399999999997,0.0,0.0
1780409797.241993,falcon-11B-Q4_K_M.gguf,7087.95,3.30627,0.0,0.0
1780409797.7489789,falcon-11B-Q4_K_M.gguf,7087.97,3.0261799999999996,0.0,0.0
1780409798.255808,falcon-11B-Q4_K_M.gguf,7088.02,3.468,0.0,0.0
1780409798.762924,falcon-11B-Q4_K_M.gguf,7088.02,3.33567,0.0,0.0
1780409799.269599,falcon-11B-Q4_K_M.gguf,7088.03,3.3497399999999997,0.0,0.0
1780409799.77676,falcon-11B-Q4_K_M.gguf,7088.03,3.37722,0.0,0.0
1780409800.284093,falcon-11B-Q4_K_M.gguf,7088.0,3.50297,0.0,0.0
1780409800.790879,falcon-11B-Q4_K_M.gguf,7088.0,3.31108,0.0,0.0
1780409801.297961,falcon-11B-Q4_K_M.gguf,7088.0,3.16155,0.0,0.0
1780409801.8045042,falcon-11B-Q4_K_M.gguf,7088.02,3.39732,0.0,0.0
1780409802.31159,falcon-11B-Q4_K_M.gguf,7088.02,3.0693699999999997,0.0,0.0
1780409802.818435,falcon-11B-Q4_K_M.gguf,7088.02,3.40794,0.0,0.0
1780409803.333796,falcon-11B-Q4_K_M.gguf,76.64,3.5606,0.0,0.0
1780409805.474643,falcon-11B-Q4_K_M.gguf,7096.77,4.28059,0.0,0.0
1780409805.982007,falcon-11B-Q4_K_M.gguf,7096.77,2.7520300000000004,0.0,0.0
1780409806.488781,falcon-11B-Q4_K_M.gguf,7096.77,3.0683499999999997,0.0,0.0
1780409806.996547,falcon-11B-Q4_K_M.gguf,7096.77,3.4117100000000002,0.0,0.0
1780409807.503371,falcon-11B-Q4_K_M.gguf,7096.77,3.3960500000000002,0.0,0.0
1780409808.010439,falcon-11B-Q4_K_M.gguf,7096.77,3.3244499999999997,0.0,0.0
1780409808.517623,falcon-11B-Q4_K_M.gguf,7096.77,3.395,0.0,0.0
1780409809.025047,falcon-11B-Q4_K_M.gguf,7096.77,3.51085,0.0,0.0
1780409809.5317829,falcon-11B-Q4_K_M.gguf,7096.72,3.09225,0.0,0.0
1780409810.039029,falcon-11B-Q4_K_M.gguf,7096.72,3.20498,0.0,0.0
1780409810.547811,falcon-11B-Q4_K_M.gguf,7096.72,3.20566,0.0,0.0
1780409811.054421,falcon-11B-Q4_K_M.gguf,7096.72,4.117979999999999,0.0,0.0
1780409811.561339,falcon-11B-Q4_K_M.gguf,7096.72,3.27133,0.0,0.0
1780409812.068587,falcon-11B-Q4_K_M.gguf,7096.72,3.10875,0.0,0.0
1780409812.5752058,falcon-11B-Q4_K_M.gguf,7096.72,3.2298299999999998,0.0,0.0
1780409813.08268,falcon-11B-Q4_K_M.gguf,7096.72,4.18608,0.0,0.0
1780409813.58938,falcon-11B-Q4_K_M.gguf,7096.72,3.99965,0.0,0.0
1780409814.09628,falcon-11B-Q4_K_M.gguf,7096.72,3.70289,0.0,0.0
1780409814.6039948,falcon-11B-Q4_K_M.gguf,7096.73,4.34092,0.0,0.0
1780409815.110244,falcon-11B-Q4_K_M.gguf,7096.73,4.17911,0.0,0.0
1780409815.617376,falcon-11B-Q4_K_M.gguf,7096.73,3.11098,0.0,0.0
1780409816.124278,falcon-11B-Q4_K_M.gguf,7096.73,2.97025,0.0,0.0
1780409816.631329,falcon-11B-Q4_K_M.gguf,7096.73,2.90301,0.0,0.0
1780409817.138528,falcon-11B-Q4_K_M.gguf,7096.73,3.71404,0.0,0.0
1780409817.64556,falcon-11B-Q4_K_M.gguf,7096.73,3.93996,0.0,0.0
1780409818.1531782,falcon-11B-Q4_K_M.gguf,7096.73,4.4738299999999995,0.0,0.0
1780409818.659637,falcon-11B-Q4_K_M.gguf,7096.73,3.3175100000000004,0.0,0.0
1780409819.166959,falcon-11B-Q4_K_M.gguf,7096.73,2.60805,0.0,0.0
1780409819.6733298,falcon-11B-Q4_K_M.gguf,7096.73,3.14975,0.0,0.0
1780409820.180834,falcon-11B-Q4_K_M.gguf,7096.73,3.02326,0.0,0.0
1780409820.688035,falcon-11B-Q4_K_M.gguf,7096.73,3.14012,0.0,0.0
1780409821.1946418,falcon-11B-Q4_K_M.gguf,7096.73,3.2017399999999996,0.0,0.0
1780409821.701354,falcon-11B-Q4_K_M.gguf,7096.73,3.20722,0.0,0.0
1780409822.20815,falcon-11B-Q4_K_M.gguf,7096.73,3.33872,0.0,0.0
1780409822.714859,falcon-11B-Q4_K_M.gguf,7096.73,3.14688,0.0,0.0
1780409823.221211,falcon-11B-Q4_K_M.gguf,7096.73,3.08238,0.0,0.0
1780409823.728081,falcon-11B-Q4_K_M.gguf,7096.73,3.00002,0.0,0.0
1780409824.235223,falcon-11B-Q4_K_M.gguf,7096.73,2.87235,0.0,0.0
1780409824.741357,falcon-11B-Q4_K_M.gguf,7096.73,2.80886,0.0,0.0
1780409825.247936,falcon-11B-Q4_K_M.gguf,7096.73,2.8498200000000002,0.0,0.0
1780409825.754563,falcon-11B-Q4_K_M.gguf,7096.73,3.33481,0.0,0.0
1780409826.2615612,falcon-11B-Q4_K_M.gguf,7096.73,3.11892,0.0,0.0
1780409826.7683682,falcon-11B-Q4_K_M.gguf,7096.73,2.66248,0.0,0.0
1780409827.275284,falcon-11B-Q4_K_M.gguf,7096.73,3.0031999999999996,0.0,0.0
1780409827.78219,falcon-11B-Q4_K_M.gguf,7096.73,3.05008,0.0,0.0
1780409828.289151,falcon-11B-Q4_K_M.gguf,7096.73,3.49669,0.0,0.0
1780409828.795694,falcon-11B-Q4_K_M.gguf,7096.73,2.91977,0.0,0.0
1780409829.302009,falcon-11B-Q4_K_M.gguf,7096.73,2.9468,0.0,0.0
1780409831.587937,falcon-11B-Q4_K_M.gguf,7088.05,3.39168,0.0,0.0
1780409832.093722,falcon-11B-Q4_K_M.gguf,7088.05,2.09712,0.0,0.0
1780409832.600534,falcon-11B-Q4_K_M.gguf,7088.05,3.0275700000000003,0.0,0.0
1780409833.107074,falcon-11B-Q4_K_M.gguf,7088.08,3.00824,0.0,0.0
1780409833.614739,falcon-11B-Q4_K_M.gguf,7088.09,2.9476,0.0,0.0
1780409834.121433,falcon-11B-Q4_K_M.gguf,7088.11,3.2923400000000003,0.0,0.0
1780409834.6288981,falcon-11B-Q4_K_M.gguf,7088.11,3.0719499999999997,0.0,0.0
1780409835.135297,falcon-11B-Q4_K_M.gguf,7088.12,3.3280700000000003,0.0,0.0
1780409835.642463,falcon-11B-Q4_K_M.gguf,7088.11,3.13877,0.0,0.0
1780409836.149569,falcon-11B-Q4_K_M.gguf,7088.11,3.04754,0.0,0.0
1780409836.656308,falcon-11B-Q4_K_M.gguf,7088.11,3.41717,0.0,0.0
1780409837.163827,falcon-11B-Q4_K_M.gguf,7088.11,3.82504,0.0,0.0
1780409837.67437,falcon-11B-Q4_K_M.gguf,7088.11,7.95632,0.0,0.0
1780409838.184737,falcon-11B-Q4_K_M.gguf,7088.11,5.45834,0.0,0.0
1780409838.692533,falcon-11B-Q4_K_M.gguf,7088.11,3.17114,0.0,0.0
1780409839.2012422,falcon-11B-Q4_K_M.gguf,7088.11,2.0729499999999996,0.0,0.0
1780409839.707413,falcon-11B-Q4_K_M.gguf,7088.11,2.12021,0.0,0.0
1780409840.2145169,falcon-11B-Q4_K_M.gguf,7088.11,2.61666,0.0,0.0
1780409840.7214909,falcon-11B-Q4_K_M.gguf,7088.11,3.12908,0.0,0.0
1780409841.228606,falcon-11B-Q4_K_M.gguf,7088.12,3.29722,0.0,0.0
1780409841.735418,falcon-11B-Q4_K_M.gguf,7088.14,3.38812,0.0,0.0
1780409842.242579,falcon-11B-Q4_K_M.gguf,7088.14,3.59744,0.0,0.0
1780409842.7503612,falcon-11B-Q4_K_M.gguf,7088.14,3.3774699999999998,0.0,0.0
1780409843.2572632,falcon-11B-Q4_K_M.gguf,7088.14,3.32106,0.0,0.0
1780409843.7647,falcon-11B-Q4_K_M.gguf,7088.14,3.8957800000000002,0.0,0.0
1780409844.271391,falcon-11B-Q4_K_M.gguf,7088.14,3.52103,0.0,0.0
1780409844.7802,falcon-11B-Q4_K_M.gguf,7088.14,2.83437,0.0,0.0
1780409845.285845,falcon-11B-Q4_K_M.gguf,7088.14,4.18051,0.0,0.0
1780409845.793618,falcon-11B-Q4_K_M.gguf,7088.14,4.569109999999999,0.0,0.0
1780409846.300538,falcon-11B-Q4_K_M.gguf,7088.14,3.46326,0.0,0.0
1780409846.807617,falcon-11B-Q4_K_M.gguf,7088.14,3.3114299999999997,0.0,0.0
1780409847.314943,falcon-11B-Q4_K_M.gguf,7088.14,2.7781599999999997,0.0,0.0
1780409847.821491,falcon-11B-Q4_K_M.gguf,7088.14,3.06169,0.0,0.0
1780409848.328764,falcon-11B-Q4_K_M.gguf,7088.14,3.718,0.0,0.0
1780409848.836735,falcon-11B-Q4_K_M.gguf,7088.14,3.22945,0.0,0.0
1780409849.343242,falcon-11B-Q4_K_M.gguf,7088.14,3.03002,0.0,0.0
1780409849.850415,falcon-11B-Q4_K_M.gguf,7088.14,3.56458,0.0,0.0
1780409850.3574898,falcon-11B-Q4_K_M.gguf,7088.14,3.4563800000000002,0.0,0.0
1780409850.865673,falcon-11B-Q4_K_M.gguf,7088.14,4.00819,0.0,0.0
1780409851.372962,falcon-11B-Q4_K_M.gguf,7088.14,3.65234,0.0,0.0
1780409851.880461,falcon-11B-Q4_K_M.gguf,7088.14,2.7736199999999998,0.0,0.0
1780409852.387916,falcon-11B-Q4_K_M.gguf,7088.14,3.78022,0.0,0.0
1780409852.895017,falcon-11B-Q4_K_M.gguf,7088.14,4.0952,0.0,0.0
1780409853.4017868,falcon-11B-Q4_K_M.gguf,7088.14,3.27713,0.0,0.0
1780409853.9095502,falcon-11B-Q4_K_M.gguf,7088.14,3.29936,0.0,0.0
1780409854.4162838,falcon-11B-Q4_K_M.gguf,7088.14,3.76,0.0,0.0
1780409854.92298,falcon-11B-Q4_K_M.gguf,7088.14,3.17073,0.0,0.0
1780409855.4300852,falcon-11B-Q4_K_M.gguf,7088.14,3.0183,0.0,0.0
1780409855.937064,falcon-11B-Q4_K_M.gguf,7088.14,3.26515,0.0,0.0
1780409856.4443781,falcon-11B-Q4_K_M.gguf,7088.14,3.0946700000000003,0.0,0.0
1780409856.951701,falcon-11B-Q4_K_M.gguf,7088.14,3.68779,0.0,0.0
1780409857.4591942,falcon-11B-Q4_K_M.gguf,7088.14,3.44287,0.0,0.0
1780409857.966448,falcon-11B-Q4_K_M.gguf,7088.14,3.86685,0.0,0.0
1780409858.4735832,falcon-11B-Q4_K_M.gguf,7088.14,3.67222,0.0,0.0
1780409858.9806569,falcon-11B-Q4_K_M.gguf,7088.14,3.65904,0.0,0.0
1780409859.48814,falcon-11B-Q4_K_M.gguf,7088.16,2.9568499999999998,0.0,0.0
1780409859.996267,falcon-11B-Q4_K_M.gguf,7088.16,3.11456,0.0,0.0
1780409860.504087,falcon-11B-Q4_K_M.gguf,7088.16,4.22442,0.0,0.0
1780409861.0110972,falcon-11B-Q4_K_M.gguf,7088.16,3.5717800000000004,0.0,0.0
1780409861.518139,falcon-11B-Q4_K_M.gguf,7088.16,3.1874000000000002,0.0,0.0
1780409862.024589,falcon-11B-Q4_K_M.gguf,7088.16,3.7622600000000004,0.0,0.0
1780409862.5317519,falcon-11B-Q4_K_M.gguf,7088.16,3.23004,0.0,0.0
1780409863.038364,falcon-11B-Q4_K_M.gguf,7088.16,3.8792199999999997,0.0,0.0
1780409863.545108,falcon-11B-Q4_K_M.gguf,7088.16,3.02998,0.0,0.0
1780409865.879036,falcon-11B-Q4_K_M.gguf,7087.38,2.79587,0.0,0.0
1780409866.386476,falcon-11B-Q4_K_M.gguf,7087.38,2.8448,0.0,0.0
1780409866.892946,falcon-11B-Q4_K_M.gguf,7087.42,3.12092,0.0,0.0
1780409867.4001899,falcon-11B-Q4_K_M.gguf,7087.42,3.1591799999999997,0.0,0.0
1780409867.907399,falcon-11B-Q4_K_M.gguf,7087.44,3.4782800000000003,0.0,0.0
1780409868.414794,falcon-11B-Q4_K_M.gguf,7087.44,4.05612,0.0,0.0
1780409868.921773,falcon-11B-Q4_K_M.gguf,7087.44,4.28825,0.0,0.0
1780409869.4292722,falcon-11B-Q4_K_M.gguf,7087.39,2.87855,0.0,0.0
1780409869.936597,falcon-11B-Q4_K_M.gguf,7087.39,2.9017399999999998,0.0,0.0
1780409870.443433,falcon-11B-Q4_K_M.gguf,7087.39,3.22171,0.0,0.0
1780409870.951315,falcon-11B-Q4_K_M.gguf,7087.39,3.56907,0.0,0.0
1780409871.4581702,falcon-11B-Q4_K_M.gguf,7087.39,4.3259099999999995,0.0,0.0
1780409871.9651358,falcon-11B-Q4_K_M.gguf,7087.39,2.94957,0.0,0.0
1780409872.47255,falcon-11B-Q4_K_M.gguf,7087.39,3.1245100000000003,0.0,0.0
1780409872.980253,falcon-11B-Q4_K_M.gguf,7087.39,3.04211,0.0,0.0
1780409873.4947982,falcon-11B-Q4_K_M.gguf,76.02,3.63009,0.0,0.0
1780409875.545554,falcon-11B-Q4_K_M.gguf,7093.31,4.67532,0.0,0.0
1780409876.052307,falcon-11B-Q4_K_M.gguf,7093.33,2.84207,0.0,0.0
1780409876.559448,falcon-11B-Q4_K_M.gguf,7093.33,2.77791,0.0,0.0
1780409877.066419,falcon-11B-Q4_K_M.gguf,7093.34,3.17821,0.0,0.0
1780409877.573015,falcon-11B-Q4_K_M.gguf,7093.39,3.3245500000000003,0.0,0.0
1780409878.080471,falcon-11B-Q4_K_M.gguf,7093.39,3.27566,0.0,0.0
1780409878.5874848,falcon-11B-Q4_K_M.gguf,7093.41,3.5434099999999997,0.0,0.0
1780409879.0940979,falcon-11B-Q4_K_M.gguf,7093.41,3.2959899999999998,0.0,0.0
1780409879.601166,falcon-11B-Q4_K_M.gguf,7093.41,3.3779,0.0,0.0
1780409880.107748,falcon-11B-Q4_K_M.gguf,7093.41,3.6333800000000003,0.0,0.0
1780409880.6150138,falcon-11B-Q4_K_M.gguf,7093.41,5.62313,0.0,0.0
1780409881.122616,falcon-11B-Q4_K_M.gguf,7093.41,3.49073,0.0,0.0
1780409881.629673,falcon-11B-Q4_K_M.gguf,7093.41,2.64236,0.0,0.0
1780409882.136509,falcon-11B-Q4_K_M.gguf,7093.41,2.74096,0.0,0.0
1780409882.6437619,falcon-11B-Q4_K_M.gguf,7093.41,3.0677800000000004,0.0,0.0
1780409883.1505861,falcon-11B-Q4_K_M.gguf,7093.41,2.92895,0.0,0.0
1780409883.658061,falcon-11B-Q4_K_M.gguf,7093.41,3.47386,0.0,0.0
1780409884.1653771,falcon-11B-Q4_K_M.gguf,7093.41,3.25809,0.0,0.0
1780409884.67231,falcon-11B-Q4_K_M.gguf,7093.41,3.40562,0.0,0.0
1780409885.179379,falcon-11B-Q4_K_M.gguf,7093.41,4.81208,0.0,0.0
1780409885.687073,falcon-11B-Q4_K_M.gguf,7093.42,3.89845,0.0,0.0
1780409886.194009,falcon-11B-Q4_K_M.gguf,7093.42,3.94708,0.0,0.0
1780409886.7013829,falcon-11B-Q4_K_M.gguf,7093.42,4.42861,0.0,0.0
1780409887.208592,falcon-11B-Q4_K_M.gguf,7093.42,3.20536,0.0,0.0
1780409887.715443,falcon-11B-Q4_K_M.gguf,7093.42,3.24131,0.0,0.0
1780409888.222466,falcon-11B-Q4_K_M.gguf,7093.42,2.60798,0.0,0.0
1780409888.729305,falcon-11B-Q4_K_M.gguf,7093.44,4.07893,0.0,0.0
1780409889.235789,falcon-11B-Q4_K_M.gguf,7093.44,3.3419299999999996,0.0,0.0
1780409889.74241,falcon-11B-Q4_K_M.gguf,7093.44,3.2209499999999998,0.0,0.0
1780409890.248968,falcon-11B-Q4_K_M.gguf,7093.44,2.98337,0.0,0.0
1780409890.755589,falcon-11B-Q4_K_M.gguf,7093.44,3.1694,0.0,0.0
1780409891.262677,falcon-11B-Q4_K_M.gguf,7093.44,5.1133500000000005,0.0,0.0
1780409891.76963,falcon-11B-Q4_K_M.gguf,7093.44,3.2356,0.0,0.0
1780409892.276702,falcon-11B-Q4_K_M.gguf,7093.44,2.92218,0.0,0.0
1780409892.783846,falcon-11B-Q4_K_M.gguf,7093.44,3.19148,0.0,0.0
1780409893.290803,falcon-11B-Q4_K_M.gguf,7093.44,3.31155,0.0,0.0
1780409893.797868,falcon-11B-Q4_K_M.gguf,7093.44,3.1902600000000003,0.0,0.0
1780409894.3048,falcon-11B-Q4_K_M.gguf,7093.44,2.9384699999999997,0.0,0.0
1780409894.8119838,falcon-11B-Q4_K_M.gguf,7093.44,4.44782,0.0,0.0
1780409895.3188422,falcon-11B-Q4_K_M.gguf,7093.44,3.47569,0.0,0.0
1780409895.825506,falcon-11B-Q4_K_M.gguf,7093.44,3.4688000000000003,0.0,0.0
1780409896.3329191,falcon-11B-Q4_K_M.gguf,7093.44,3.04896,0.0,0.0
1780409896.839645,falcon-11B-Q4_K_M.gguf,7093.44,3.12784,0.0,0.0
1780409897.3469598,falcon-11B-Q4_K_M.gguf,7093.44,3.19646,0.0,0.0
1780409897.854142,falcon-11B-Q4_K_M.gguf,7093.44,3.90423,0.0,0.0
1780409898.3609521,falcon-11B-Q4_K_M.gguf,7093.44,4.51291,0.0,0.0
1780409898.867902,falcon-11B-Q4_K_M.gguf,7093.44,5.0506,0.0,0.0
1780409899.375972,falcon-11B-Q4_K_M.gguf,7093.44,3.85764,0.0,0.0
1780409899.88341,falcon-11B-Q4_K_M.gguf,7093.44,2.9683,0.0,0.0
1780409900.389929,falcon-11B-Q4_K_M.gguf,7093.44,2.7544899999999997,0.0,0.0
1780409900.897246,falcon-11B-Q4_K_M.gguf,7093.44,2.9004299999999996,0.0,0.0
1780409901.4044569,falcon-11B-Q4_K_M.gguf,7093.44,3.16644,0.0,0.0
1780409901.911478,falcon-11B-Q4_K_M.gguf,7093.44,3.43106,0.0,0.0
1780409902.4184551,falcon-11B-Q4_K_M.gguf,7093.44,3.30365,0.0,0.0
1780409902.925246,falcon-11B-Q4_K_M.gguf,7093.44,3.3858099999999998,0.0,0.0
1780409903.432648,falcon-11B-Q4_K_M.gguf,7093.44,3.15291,0.0,0.0
1780409903.9395149,falcon-11B-Q4_K_M.gguf,7093.44,3.37203,0.0,0.0
1780409904.446945,falcon-11B-Q4_K_M.gguf,7093.44,4.15511,0.0,0.0
1780409904.954751,falcon-11B-Q4_K_M.gguf,7093.44,4.05439,0.0,0.0
1780409905.4624052,falcon-11B-Q4_K_M.gguf,7093.44,4.04051,0.0,0.0
1780409905.9694111,falcon-11B-Q4_K_M.gguf,7093.44,3.44057,0.0,0.0
1780409906.475966,falcon-11B-Q4_K_M.gguf,7093.44,3.59369,0.0,0.0
1780409906.983426,falcon-11B-Q4_K_M.gguf,7093.44,2.7444699999999997,0.0,0.0
1780409907.490279,falcon-11B-Q4_K_M.gguf,7093.44,4.15972,0.0,0.0
1780409907.9971788,falcon-11B-Q4_K_M.gguf,7093.44,4.58219,0.0,0.0
1780409910.429301,falcon-11B-Q4_K_M.gguf,7095.5,2.84525,0.0,0.0
1780409910.936019,falcon-11B-Q4_K_M.gguf,7095.5,2.96845,0.0,0.0
1780409911.44291,falcon-11B-Q4_K_M.gguf,7095.5,2.8867399999999996,0.0,0.0
1780409911.9505181,falcon-11B-Q4_K_M.gguf,7095.5,3.3198600000000003,0.0,0.0
1780409912.457744,falcon-11B-Q4_K_M.gguf,7095.5,3.22458,0.0,0.0
1780409912.9650738,falcon-11B-Q4_K_M.gguf,7095.5,3.36546,0.0,0.0
1780409913.472237,falcon-11B-Q4_K_M.gguf,7095.5,3.5582,0.0,0.0
1780409913.9789708,falcon-11B-Q4_K_M.gguf,7095.48,3.3882600000000003,0.0,0.0
1780409914.486343,falcon-11B-Q4_K_M.gguf,7095.48,3.13452,0.0,0.0
1780409914.99392,falcon-11B-Q4_K_M.gguf,7095.48,3.45408,0.0,0.0
1780409915.501377,falcon-11B-Q4_K_M.gguf,7095.48,4.61303,0.0,0.0
1780409916.009033,falcon-11B-Q4_K_M.gguf,7095.48,5.02792,0.0,0.0
1780409916.5165691,falcon-11B-Q4_K_M.gguf,7095.48,2.83718,0.0,0.0
1780409917.023752,falcon-11B-Q4_K_M.gguf,7095.48,2.68703,0.0,0.0
1780409917.5315552,falcon-11B-Q4_K_M.gguf,7095.48,2.9578800000000003,0.0,0.0
1780409918.0382879,falcon-11B-Q4_K_M.gguf,7095.48,3.50077,0.0,0.0
1780409918.5448792,falcon-11B-Q4_K_M.gguf,7095.48,2.9971,0.0,0.0
1780409919.0517068,falcon-11B-Q4_K_M.gguf,7095.48,3.51444,0.0,0.0
1780409919.559345,falcon-11B-Q4_K_M.gguf,7095.48,5.25895,0.0,0.0
1780409920.0662558,falcon-11B-Q4_K_M.gguf,7095.48,3.0126500000000003,0.0,0.0
1780409920.57301,falcon-11B-Q4_K_M.gguf,7095.48,3.02509,0.0,0.0
1780409921.080841,falcon-11B-Q4_K_M.gguf,7095.48,2.98013,0.0,0.0
1780409921.587882,falcon-11B-Q4_K_M.gguf,7095.48,3.21522,0.0,0.0
1780409922.094729,falcon-11B-Q4_K_M.gguf,7095.48,3.66477,0.0,0.0
1780409922.602255,falcon-11B-Q4_K_M.gguf,7095.5,3.15078,0.0,0.0
1780409923.1092422,falcon-11B-Q4_K_M.gguf,7095.5,3.23671,0.0,0.0
1780409923.616378,falcon-11B-Q4_K_M.gguf,7095.5,3.41611,0.0,0.0
1780409924.123096,falcon-11B-Q4_K_M.gguf,7095.5,3.33791,0.0,0.0
1780409924.6304069,falcon-11B-Q4_K_M.gguf,7095.5,3.3219499999999997,0.0,0.0
1780409925.1372569,falcon-11B-Q4_K_M.gguf,7095.5,3.37812,0.0,0.0
1780409925.644671,falcon-11B-Q4_K_M.gguf,7095.5,3.1027600000000004,0.0,0.0
1780409926.151576,falcon-11B-Q4_K_M.gguf,7095.5,3.38325,0.0,0.0
1780409926.6589818,falcon-11B-Q4_K_M.gguf,7095.5,3.31854,0.0,0.0
1780409927.166519,falcon-11B-Q4_K_M.gguf,7095.5,3.0681100000000003,0.0,0.0
1780409927.673207,falcon-11B-Q4_K_M.gguf,7095.5,3.16613,0.0,0.0
1780409928.180882,falcon-11B-Q4_K_M.gguf,7095.5,3.32369,0.0,0.0
1780409928.6881359,falcon-11B-Q4_K_M.gguf,7095.5,3.44503,0.0,0.0
1780409929.195128,falcon-11B-Q4_K_M.gguf,7095.5,3.2527199999999996,0.0,0.0
1780409929.7026198,falcon-11B-Q4_K_M.gguf,7095.5,3.41956,0.0,0.0
1780409930.209582,falcon-11B-Q4_K_M.gguf,7095.5,3.16067,0.0,0.0
1780409930.7168388,falcon-11B-Q4_K_M.gguf,7095.5,3.39671,0.0,0.0
1780409931.2237911,falcon-11B-Q4_K_M.gguf,7095.5,3.1594499999999996,0.0,0.0
1780409931.73106,falcon-11B-Q4_K_M.gguf,7095.5,3.22035,0.0,0.0
1780409932.237901,falcon-11B-Q4_K_M.gguf,7095.5,3.26198,0.0,0.0
1780409932.745683,falcon-11B-Q4_K_M.gguf,7095.5,3.44294,0.0,0.0
1780409933.255981,falcon-11B-Q4_K_M.gguf,7095.5,3.1695900000000004,0.0,0.0
1780409933.759582,falcon-11B-Q4_K_M.gguf,7095.5,3.5660100000000003,0.0,0.0
1780409934.2663949,falcon-11B-Q4_K_M.gguf,7095.5,3.36983,0.0,0.0
1780409934.7730691,falcon-11B-Q4_K_M.gguf,7095.5,3.24757,0.0,0.0
1780409935.280183,falcon-11B-Q4_K_M.gguf,7095.5,3.3211399999999998,0.0,0.0
1780409935.787172,falcon-11B-Q4_K_M.gguf,7095.5,2.9756199999999997,0.0,0.0
1780409936.2944279,falcon-11B-Q4_K_M.gguf,7095.5,3.16754,0.0,0.0
1780409936.801595,falcon-11B-Q4_K_M.gguf,7095.5,3.51949,0.0,0.0
1780409937.308592,falcon-11B-Q4_K_M.gguf,7095.5,3.2048200000000002,0.0,0.0
1780409937.81618,falcon-11B-Q4_K_M.gguf,7095.5,3.20056,0.0,0.0
1780409938.3234031,falcon-11B-Q4_K_M.gguf,7095.5,3.29848,0.0,0.0
1780409938.830604,falcon-11B-Q4_K_M.gguf,7095.5,3.32583,0.0,0.0
1780409939.337353,falcon-11B-Q4_K_M.gguf,7095.5,3.46018,0.0,0.0
1780409939.8446238,falcon-11B-Q4_K_M.gguf,7095.5,3.30435,0.0,0.0
1780409940.351943,falcon-11B-Q4_K_M.gguf,7095.5,3.4818000000000002,0.0,0.0
1780409940.859297,falcon-11B-Q4_K_M.gguf,84.12,3.11513,0.0,0.0
1780409942.926614,falcon-11B-Q4_K_M.gguf,7087.97,3.69286,0.0,0.0
1780409943.434019,falcon-11B-Q4_K_M.gguf,7088.0,2.5440500000000004,0.0,0.0
1780409943.940864,falcon-11B-Q4_K_M.gguf,7088.0,2.97176,0.0,0.0
1780409944.4476721,falcon-11B-Q4_K_M.gguf,7088.02,3.1985799999999998,0.0,0.0
1780409944.9544032,falcon-11B-Q4_K_M.gguf,7088.02,3.36433,0.0,0.0
1780409945.461489,falcon-11B-Q4_K_M.gguf,7088.02,3.5945300000000002,0.0,0.0
1780409945.96839,falcon-11B-Q4_K_M.gguf,7088.02,3.13685,0.0,0.0
1780409946.475216,falcon-11B-Q4_K_M.gguf,7088.03,3.4328600000000002,0.0,0.0
1780409946.982929,falcon-11B-Q4_K_M.gguf,7088.02,3.34471,0.0,0.0
1780409947.48964,falcon-11B-Q4_K_M.gguf,7088.02,3.51473,0.0,0.0
1780409947.997004,falcon-11B-Q4_K_M.gguf,7088.02,3.1623,0.0,0.0
1780409948.5041878,falcon-11B-Q4_K_M.gguf,7088.02,3.22408,0.0,0.0
1780409949.012285,falcon-11B-Q4_K_M.gguf,7088.02,3.1862199999999996,0.0,0.0
1780409949.519268,falcon-11B-Q4_K_M.gguf,7088.02,3.2250199999999998,0.0,0.0
1780409950.02654,falcon-11B-Q4_K_M.gguf,7088.02,3.0900100000000004,0.0,0.0
1780409950.53371,falcon-11B-Q4_K_M.gguf,7088.02,3.31717,0.0,0.0
1780409951.040353,falcon-11B-Q4_K_M.gguf,7088.02,3.2773000000000003,0.0,0.0
1780409951.548105,falcon-11B-Q4_K_M.gguf,7088.02,3.41337,0.0,0.0
1780409952.0548549,falcon-11B-Q4_K_M.gguf,7088.02,3.2360700000000002,0.0,0.0
1780409952.5621371,falcon-11B-Q4_K_M.gguf,7088.02,3.16087,0.0,0.0
1780409953.069676,falcon-11B-Q4_K_M.gguf,7088.02,3.22038,0.0,0.0
1780409953.576187,falcon-11B-Q4_K_M.gguf,7088.02,3.2879899999999997,0.0,0.0
1780409954.083801,falcon-11B-Q4_K_M.gguf,7088.02,3.44096,0.0,0.0
1780409954.590987,falcon-11B-Q4_K_M.gguf,7088.02,3.0433000000000003,0.0,0.0
1780409955.0982358,falcon-11B-Q4_K_M.gguf,7088.02,3.19455,0.0,0.0
1780409955.6052852,falcon-11B-Q4_K_M.gguf,7088.02,3.38143,0.0,0.0
1780409956.1120489,falcon-11B-Q4_K_M.gguf,7088.02,3.1884699999999997,0.0,0.0
1780409956.6192582,falcon-11B-Q4_K_M.gguf,7088.02,3.33404,0.0,0.0
1780409957.126494,falcon-11B-Q4_K_M.gguf,7088.02,3.13,0.0,0.0
1780409957.633533,falcon-11B-Q4_K_M.gguf,7088.02,3.24735,0.0,0.0
1780409958.140618,falcon-11B-Q4_K_M.gguf,7088.03,3.33004,0.0,0.0
1780409958.6473799,falcon-11B-Q4_K_M.gguf,7088.03,3.2468600000000003,0.0,0.0
1780409959.1542559,falcon-11B-Q4_K_M.gguf,7088.03,3.2873200000000002,0.0,0.0
1780409959.661202,falcon-11B-Q4_K_M.gguf,7088.03,3.7053000000000003,0.0,0.0
1780409960.168808,falcon-11B-Q4_K_M.gguf,7088.03,3.99406,0.0,0.0
1780409960.675628,falcon-11B-Q4_K_M.gguf,7088.03,2.98482,0.0,0.0
1780409961.182959,falcon-11B-Q4_K_M.gguf,7088.03,2.8873699999999998,0.0,0.0
1780409961.689616,falcon-11B-Q4_K_M.gguf,7088.03,2.74486,0.0,0.0
1780409962.196685,falcon-11B-Q4_K_M.gguf,7088.03,3.45,0.0,0.0
1780409962.7037241,falcon-11B-Q4_K_M.gguf,7088.03,3.484,0.0,0.0
1780409963.210752,falcon-11B-Q4_K_M.gguf,7088.03,3.15089,0.0,0.0
1780409963.717868,falcon-11B-Q4_K_M.gguf,7088.03,3.32959,0.0,0.0
1780409964.2249558,falcon-11B-Q4_K_M.gguf,7088.03,3.36739,0.0,0.0
1780409964.732128,falcon-11B-Q4_K_M.gguf,7088.03,3.17508,0.0,0.0
1780409965.2388532,falcon-11B-Q4_K_M.gguf,7088.03,3.27111,0.0,0.0
1780409965.746134,falcon-11B-Q4_K_M.gguf,7088.03,3.23662,0.0,0.0
1780409966.2529962,falcon-11B-Q4_K_M.gguf,7088.03,3.47825,0.0,0.0
1780409966.7597692,falcon-11B-Q4_K_M.gguf,7088.03,3.18449,0.0,0.0
1780409967.266968,falcon-11B-Q4_K_M.gguf,7088.03,3.19563,0.0,0.0
1780409967.773636,falcon-11B-Q4_K_M.gguf,7088.03,3.28129,0.0,0.0
1780409968.281075,falcon-11B-Q4_K_M.gguf,7088.03,3.08963,0.0,0.0
1780409968.787951,falcon-11B-Q4_K_M.gguf,7088.03,3.0608,0.0,0.0
1780409969.294579,falcon-11B-Q4_K_M.gguf,7088.03,3.28113,0.0,0.0
1780409969.801561,falcon-11B-Q4_K_M.gguf,7088.03,3.16502,0.0,0.0
1780409970.308625,falcon-11B-Q4_K_M.gguf,7088.03,3.2367399999999997,0.0,0.0
1780409970.8163881,falcon-11B-Q4_K_M.gguf,7088.03,3.17014,0.0,0.0
1780409971.3234408,falcon-11B-Q4_K_M.gguf,7088.03,3.31828,0.0,0.0
1780409971.8302348,falcon-11B-Q4_K_M.gguf,7088.03,3.08401,0.0,0.0
1780409972.33719,falcon-11B-Q4_K_M.gguf,7088.03,3.58189,0.0,0.0
1780409972.84697,falcon-11B-Q4_K_M.gguf,76.62,3.4193000000000002,0.0,0.0
1780410575.147532,falcon-11B-Q4_K_M.gguf,8531.44,3.37067,0.0,0.0
1780410575.6530151,falcon-11B-Q4_K_M.gguf,8531.44,3.02138,0.0,0.0
1780410576.1603498,falcon-11B-Q4_K_M.gguf,8531.44,3.56325,0.0,0.0
1780410576.6676779,falcon-11B-Q4_K_M.gguf,8531.44,3.63503,0.0,0.0
1780410577.17434,falcon-11B-Q4_K_M.gguf,8531.44,4.63488,0.0,0.0
1780410577.6816242,falcon-11B-Q4_K_M.gguf,8531.44,4.68027,0.0,0.0
1780410578.18814,falcon-11B-Q4_K_M.gguf,8531.44,5.40119,0.0,0.0
1780410578.695214,falcon-11B-Q4_K_M.gguf,8531.44,5.525180000000001,0.0,0.0
1780410579.2020748,falcon-11B-Q4_K_M.gguf,8531.44,5.1054200000000005,0.0,0.0
1780410579.711252,falcon-11B-Q4_K_M.gguf,81.95,5.6386400000000005,0.0,0.0
1780410581.867126,falcon-11B-Q4_K_M.gguf,8536.39,5.41302,0.0,0.0
1780410582.374321,falcon-11B-Q4_K_M.gguf,8536.41,2.70964,0.0,0.0
1780410582.8808918,falcon-11B-Q4_K_M.gguf,8536.41,3.14108,0.0,0.0
1780410583.387819,falcon-11B-Q4_K_M.gguf,8536.42,3.22164,0.0,0.0
1780410583.894895,falcon-11B-Q4_K_M.gguf,8536.42,3.35307,0.0,0.0
1780410584.402275,falcon-11B-Q4_K_M.gguf,8536.42,3.6132600000000004,0.0,0.0
1780410584.9092,falcon-11B-Q4_K_M.gguf,8536.42,3.64674,0.0,0.0
1780410585.416539,falcon-11B-Q4_K_M.gguf,8536.42,3.5648899999999997,0.0,0.0
1780410585.923258,falcon-11B-Q4_K_M.gguf,8536.42,3.41536,0.0,0.0
1780410586.430848,falcon-11B-Q4_K_M.gguf,8536.42,3.2883899999999997,0.0,0.0
1780410586.938003,falcon-11B-Q4_K_M.gguf,8536.42,3.37547,0.0,0.0
1780410587.444627,falcon-11B-Q4_K_M.gguf,8536.42,3.556,0.0,0.0
1780410587.951544,falcon-11B-Q4_K_M.gguf,85.03,3.631,0.0,0.0
1780410590.0627189,falcon-11B-Q4_K_M.gguf,8533.41,4.30988,0.0,0.0
1780410590.56932,falcon-11B-Q4_K_M.gguf,8533.44,2.84822,0.0,0.0
1780410591.075836,falcon-11B-Q4_K_M.gguf,8533.44,3.03426,0.0,0.0
1780410591.583221,falcon-11B-Q4_K_M.gguf,8533.45,3.55074,0.0,0.0
1780410592.0900831,falcon-11B-Q4_K_M.gguf,8533.45,3.3998600000000003,0.0,0.0
1780410592.5971358,falcon-11B-Q4_K_M.gguf,8533.45,3.58615,0.0,0.0
1780410593.1048589,falcon-11B-Q4_K_M.gguf,8533.45,3.44401,0.0,0.0
1780410593.611439,falcon-11B-Q4_K_M.gguf,8533.45,3.67363,0.0,0.0
1780410594.1187232,falcon-11B-Q4_K_M.gguf,8533.45,3.44721,0.0,0.0
1780410594.62562,falcon-11B-Q4_K_M.gguf,8533.47,3.78059,0.0,0.0
1780410595.133164,falcon-11B-Q4_K_M.gguf,8533.47,3.4198600000000003,0.0,0.0
1780410595.639263,falcon-11B-Q4_K_M.gguf,8533.47,3.23858,0.0,0.0
1780410596.1467211,falcon-11B-Q4_K_M.gguf,8533.47,3.38541,0.0,0.0
1780410596.653588,falcon-11B-Q4_K_M.gguf,8533.47,3.1777100000000003,0.0,0.0
1780410597.1606731,falcon-11B-Q4_K_M.gguf,8533.42,3.57126,0.0,0.0
1780410597.6682749,falcon-11B-Q4_K_M.gguf,8533.42,3.2955900000000002,0.0,0.0
1780410598.1749508,falcon-11B-Q4_K_M.gguf,8533.42,3.5394200000000002,0.0,0.0
1780410598.681738,falcon-11B-Q4_K_M.gguf,8533.42,3.5175500000000004,0.0,0.0
1780410599.189104,falcon-11B-Q4_K_M.gguf,8533.42,3.3232600000000003,0.0,0.0
1780410599.6961029,falcon-11B-Q4_K_M.gguf,8533.42,3.5608,0.0,0.0
1780410600.20303,falcon-11B-Q4_K_M.gguf,8533.42,3.29256,0.0,0.0
1780410600.710091,falcon-11B-Q4_K_M.gguf,8533.42,3.42558,0.0,0.0
1780410601.21774,falcon-11B-Q4_K_M.gguf,8533.42,3.8971999999999998,0.0,0.0
1780410601.7245,falcon-11B-Q4_K_M.gguf,8533.44,3.13624,0.0,0.0
1780410602.231767,falcon-11B-Q4_K_M.gguf,8533.44,3.18939,0.0,0.0
1780410602.7385821,falcon-11B-Q4_K_M.gguf,8533.44,3.2933499999999998,0.0,0.0
1780410603.246068,falcon-11B-Q4_K_M.gguf,8533.44,3.42846,0.0,0.0
1780410603.753194,falcon-11B-Q4_K_M.gguf,8533.44,3.53523,0.0,0.0
1780410604.260206,falcon-11B-Q4_K_M.gguf,8533.44,3.63444,0.0,0.0
1780410604.767338,falcon-11B-Q4_K_M.gguf,8533.44,3.12464,0.0,0.0
1780410605.274379,falcon-11B-Q4_K_M.gguf,8533.44,3.62999,0.0,0.0
1780410605.781544,falcon-11B-Q4_K_M.gguf,8533.44,3.71541,0.0,0.0
1780410606.2888908,falcon-11B-Q4_K_M.gguf,8533.44,3.2873699999999997,0.0,0.0
1780410606.795723,falcon-11B-Q4_K_M.gguf,8533.44,3.59277,0.0,0.0
1780410607.3032289,falcon-11B-Q4_K_M.gguf,8533.44,3.06783,0.0,0.0
1780410607.810122,falcon-11B-Q4_K_M.gguf,8533.44,3.23217,0.0,0.0
1780410608.317585,falcon-11B-Q4_K_M.gguf,8533.45,3.41906,0.0,0.0
1780410608.824238,falcon-11B-Q4_K_M.gguf,8533.45,3.61313,0.0,0.0
1780410609.331116,falcon-11B-Q4_K_M.gguf,8533.45,3.27203,0.0,0.0
1780410609.838662,falcon-11B-Q4_K_M.gguf,8533.45,3.69169,0.0,0.0
1780410610.345372,falcon-11B-Q4_K_M.gguf,8533.45,3.4027399999999997,0.0,0.0
1780410610.8523362,falcon-11B-Q4_K_M.gguf,8533.45,3.4183499999999998,0.0,0.0
1780410611.359551,falcon-11B-Q4_K_M.gguf,8533.45,3.42063,0.0,0.0
1780410611.866225,falcon-11B-Q4_K_M.gguf,8533.45,3.3539299999999996,0.0,0.0
1780410612.37302,falcon-11B-Q4_K_M.gguf,8533.45,3.23511,0.0,0.0
1780410612.880328,falcon-11B-Q4_K_M.gguf,8533.45,3.4191,0.0,0.0
1780410613.387847,falcon-11B-Q4_K_M.gguf,8533.45,3.3322,0.0,0.0
1780410613.894927,falcon-11B-Q4_K_M.gguf,8533.45,3.53594,0.0,0.0
1780410614.4025118,falcon-11B-Q4_K_M.gguf,8533.45,3.32096,0.0,0.0
1780410614.909097,falcon-11B-Q4_K_M.gguf,8533.45,3.40669,0.0,0.0
1780410615.4165928,falcon-11B-Q4_K_M.gguf,8533.47,3.26867,0.0,0.0
1780410615.92368,falcon-11B-Q4_K_M.gguf,8533.47,3.4631999999999996,0.0,0.0
1780410616.431242,falcon-11B-Q4_K_M.gguf,8533.47,3.15183,0.0,0.0
1780410616.9388,falcon-11B-Q4_K_M.gguf,8533.47,3.23705,0.0,0.0
1780410617.4457831,falcon-11B-Q4_K_M.gguf,8533.47,3.4154899999999997,0.0,0.0
1780410617.9528651,falcon-11B-Q4_K_M.gguf,8533.47,3.5828699999999998,0.0,0.0
1780410618.459438,falcon-11B-Q4_K_M.gguf,8533.47,3.2641999999999998,0.0,0.0
1780410620.7515872,falcon-11B-Q4_K_M.gguf,8538.53,4.02193,0.0,0.0
1780410621.258513,falcon-11B-Q4_K_M.gguf,8538.55,2.7363899999999997,0.0,0.0
1780410621.765653,falcon-11B-Q4_K_M.gguf,8538.55,2.96018,0.0,0.0
1780410622.272631,falcon-11B-Q4_K_M.gguf,8538.56,3.55471,0.0,0.0
1780410622.779518,falcon-11B-Q4_K_M.gguf,8538.56,3.2670500000000002,0.0,0.0
1780410623.2863371,falcon-11B-Q4_K_M.gguf,8538.56,3.34025,0.0,0.0
1780410623.793495,falcon-11B-Q4_K_M.gguf,8538.56,3.74349,0.0,0.0
1780410624.3003561,falcon-11B-Q4_K_M.gguf,8538.56,3.44065,0.0,0.0
1780410624.8073611,falcon-11B-Q4_K_M.gguf,8538.56,3.5493099999999997,0.0,0.0
1780410625.314386,falcon-11B-Q4_K_M.gguf,8538.58,3.12523,0.0,0.0
1780410625.821235,falcon-11B-Q4_K_M.gguf,8538.58,3.2577,0.0,0.0
1780410626.328078,falcon-11B-Q4_K_M.gguf,8538.58,3.6203000000000003,0.0,0.0
1780410626.835358,falcon-11B-Q4_K_M.gguf,8538.58,3.35291,0.0,0.0
1780410627.342425,falcon-11B-Q4_K_M.gguf,8538.58,3.13059,0.0,0.0
1780410627.8497438,falcon-11B-Q4_K_M.gguf,8538.56,3.12826,0.0,0.0
1780410628.356732,falcon-11B-Q4_K_M.gguf,8538.56,3.2891999999999997,0.0,0.0
1780410628.863832,falcon-11B-Q4_K_M.gguf,8538.56,3.50023,0.0,0.0
1780410629.371187,falcon-11B-Q4_K_M.gguf,8538.56,3.22489,0.0,0.0
1780410629.878061,falcon-11B-Q4_K_M.gguf,8538.56,3.23403,0.0,0.0
1780410630.385015,falcon-11B-Q4_K_M.gguf,8538.56,3.38179,0.0,0.0
1780410630.892034,falcon-11B-Q4_K_M.gguf,8538.56,3.3481799999999997,0.0,0.0
1780410631.3999429,falcon-11B-Q4_K_M.gguf,8538.56,3.17818,0.0,0.0
1780410631.907003,falcon-11B-Q4_K_M.gguf,8538.56,3.27957,0.0,0.0
1780410632.413891,falcon-11B-Q4_K_M.gguf,8538.56,3.60043,0.0,0.0
1780410632.9211562,falcon-11B-Q4_K_M.gguf,8538.56,3.5264499999999996,0.0,0.0
1780410633.428148,falcon-11B-Q4_K_M.gguf,8538.56,3.1893200000000004,0.0,0.0
1780410633.935636,falcon-11B-Q4_K_M.gguf,8538.56,3.38346,0.0,0.0
1780410634.442923,falcon-11B-Q4_K_M.gguf,8538.56,3.1048400000000003,0.0,0.0
1780410634.950217,falcon-11B-Q4_K_M.gguf,8538.56,3.24166,0.0,0.0
1780410635.456995,falcon-11B-Q4_K_M.gguf,8538.56,3.3559699999999997,0.0,0.0
1780410635.964051,falcon-11B-Q4_K_M.gguf,8538.56,3.5353600000000003,0.0,0.0
1780410636.470894,falcon-11B-Q4_K_M.gguf,8538.56,3.21305,0.0,0.0
1780410636.977671,falcon-11B-Q4_K_M.gguf,8538.56,3.40761,0.0,0.0
1780410637.484985,falcon-11B-Q4_K_M.gguf,8538.56,3.21586,0.0,0.0
1780410637.991929,falcon-11B-Q4_K_M.gguf,8538.56,3.1903099999999998,0.0,0.0
1780410638.499462,falcon-11B-Q4_K_M.gguf,8538.56,3.32692,0.0,0.0
1780410639.0064561,falcon-11B-Q4_K_M.gguf,8538.56,3.26555,0.0,0.0
1780410639.513762,falcon-11B-Q4_K_M.gguf,8538.56,3.28658,0.0,0.0
1780410640.0212889,falcon-11B-Q4_K_M.gguf,8538.56,3.44679,0.0,0.0
1780410640.52833,falcon-11B-Q4_K_M.gguf,8538.56,3.29425,0.0,0.0
1780410641.0357308,falcon-11B-Q4_K_M.gguf,8538.56,3.31112,0.0,0.0
1780410641.5425239,falcon-11B-Q4_K_M.gguf,8538.56,3.44313,0.0,0.0
1780410642.0501409,falcon-11B-Q4_K_M.gguf,8538.56,3.4629899999999996,0.0,0.0
1780410642.557054,falcon-11B-Q4_K_M.gguf,8538.56,3.2273400000000003,0.0,0.0
1780410643.064359,falcon-11B-Q4_K_M.gguf,8538.56,3.21157,0.0,0.0
1780410643.5721002,falcon-11B-Q4_K_M.gguf,8538.56,3.0731599999999997,0.0,0.0
1780410644.079566,falcon-11B-Q4_K_M.gguf,8538.56,3.51555,0.0,0.0
1780410644.586993,falcon-11B-Q4_K_M.gguf,8538.56,2.90149,0.0,0.0
1780410645.094224,falcon-11B-Q4_K_M.gguf,8538.56,3.37813,0.0,0.0
1780410645.601053,falcon-11B-Q4_K_M.gguf,8538.56,3.33251,0.0,0.0
1780410646.1082728,falcon-11B-Q4_K_M.gguf,8538.56,3.4024,0.0,0.0
1780410646.615673,falcon-11B-Q4_K_M.gguf,8538.56,3.51442,0.0,0.0
1780410647.1230311,falcon-11B-Q4_K_M.gguf,8538.56,3.4281599999999997,0.0,0.0
1780410647.6297631,falcon-11B-Q4_K_M.gguf,8538.56,3.21873,0.0,0.0
1780410648.137423,falcon-11B-Q4_K_M.gguf,8538.56,3.4772,0.0,0.0
1780410648.6444092,falcon-11B-Q4_K_M.gguf,8538.56,3.08348,0.0,0.0
1780410649.1518762,falcon-11B-Q4_K_M.gguf,8538.56,3.08023,0.0,0.0
1780410649.6588101,falcon-11B-Q4_K_M.gguf,8538.56,3.3030500000000003,0.0,0.0
1780410650.1656692,falcon-11B-Q4_K_M.gguf,8538.56,3.01146,0.0,0.0
1780410652.455225,falcon-11B-Q4_K_M.gguf,8528.45,3.34654,0.0,0.0
1780410652.962223,falcon-11B-Q4_K_M.gguf,8528.48,2.3981399999999997,0.0,0.0
1780410653.4698062,falcon-11B-Q4_K_M.gguf,8528.48,3.72012,0.0,0.0
1780410653.975942,falcon-11B-Q4_K_M.gguf,8528.5,2.52533,0.0,0.0
1780410654.482531,falcon-11B-Q4_K_M.gguf,8528.55,2.96673,0.0,0.0
1780410654.9891179,falcon-11B-Q4_K_M.gguf,8528.56,3.3961900000000003,0.0,0.0
1780410655.49547,falcon-11B-Q4_K_M.gguf,8528.56,3.5191500000000002,0.0,0.0
1780410656.002722,falcon-11B-Q4_K_M.gguf,8528.58,3.0514699999999997,0.0,0.0
1780410656.509402,falcon-11B-Q4_K_M.gguf,8528.56,2.97346,0.0,0.0
1780410657.0168629,falcon-11B-Q4_K_M.gguf,8528.56,2.8286,0.0,0.0
1780410657.523078,falcon-11B-Q4_K_M.gguf,8528.56,2.6694299999999997,0.0,0.0
1780410658.030551,falcon-11B-Q4_K_M.gguf,8528.56,2.7768200000000003,0.0,0.0
1780410658.5379388,falcon-11B-Q4_K_M.gguf,8528.56,2.89405,0.0,0.0
1780410659.044786,falcon-11B-Q4_K_M.gguf,8528.56,2.99985,0.0,0.0
1780410659.551073,falcon-11B-Q4_K_M.gguf,8528.56,3.00333,0.0,0.0
1780410660.057792,falcon-11B-Q4_K_M.gguf,8528.56,3.14579,0.0,0.0
1780410660.56436,falcon-11B-Q4_K_M.gguf,8528.56,3.05679,0.0,0.0
1780410661.071357,falcon-11B-Q4_K_M.gguf,8528.56,2.98419,0.0,0.0
1780410661.5778491,falcon-11B-Q4_K_M.gguf,8528.56,2.7247399999999997,0.0,0.0
1780410662.0851681,falcon-11B-Q4_K_M.gguf,8528.56,2.8721799999999997,0.0,0.0
1780410662.5920372,falcon-11B-Q4_K_M.gguf,8528.56,3.96425,0.0,0.0
1780410663.099648,falcon-11B-Q4_K_M.gguf,8528.56,3.82315,0.0,0.0
1780410663.6070359,falcon-11B-Q4_K_M.gguf,8528.56,5.68295,0.0,0.0
1780410664.113759,falcon-11B-Q4_K_M.gguf,8528.56,2.2193,0.0,0.0
1780410664.620364,falcon-11B-Q4_K_M.gguf,8528.56,2.37204,0.0,0.0
1780410665.12735,falcon-11B-Q4_K_M.gguf,8528.56,3.07967,0.0,0.0
1780410665.6339571,falcon-11B-Q4_K_M.gguf,8528.56,3.3334200000000003,0.0,0.0
1780410666.140952,falcon-11B-Q4_K_M.gguf,8528.56,2.74642,0.0,0.0
1780410666.647176,falcon-11B-Q4_K_M.gguf,8528.56,2.8392,0.0,0.0
1780410667.154079,falcon-11B-Q4_K_M.gguf,8528.56,3.0309299999999997,0.0,0.0
1780410667.659329,falcon-11B-Q4_K_M.gguf,8528.56,3.1810300000000002,0.0,0.0
1780410668.1663182,falcon-11B-Q4_K_M.gguf,8528.56,3.0146100000000002,0.0,0.0
1780410668.673388,falcon-11B-Q4_K_M.gguf,8528.56,3.10392,0.0,0.0
1780410669.180287,falcon-11B-Q4_K_M.gguf,8528.56,2.74239,0.0,0.0
1780410669.687101,falcon-11B-Q4_K_M.gguf,8528.56,3.46217,0.0,0.0
1780410670.19415,falcon-11B-Q4_K_M.gguf,8528.56,2.66771,0.0,0.0
1780410670.700917,falcon-11B-Q4_K_M.gguf,8528.56,3.09165,0.0,0.0
1780410671.20777,falcon-11B-Q4_K_M.gguf,8528.56,3.86498,0.0,0.0
1780410671.714914,falcon-11B-Q4_K_M.gguf,8528.56,2.96643,0.0,0.0
1780410672.221652,falcon-11B-Q4_K_M.gguf,8528.56,2.89025,0.0,0.0
1780410672.72846,falcon-11B-Q4_K_M.gguf,8528.56,2.8739,0.0,0.0
1780410673.2360032,falcon-11B-Q4_K_M.gguf,8528.56,3.03615,0.0,0.0
1780410673.742808,falcon-11B-Q4_K_M.gguf,8528.56,3.02244,0.0,0.0
1780410674.249692,falcon-11B-Q4_K_M.gguf,8528.56,2.79951,0.0,0.0
1780410674.756719,falcon-11B-Q4_K_M.gguf,8528.56,2.9545,0.0,0.0
1780410675.263455,falcon-11B-Q4_K_M.gguf,8528.56,3.1034499999999996,0.0,0.0
1780410675.770716,falcon-11B-Q4_K_M.gguf,8528.56,2.75493,0.0,0.0
1780410676.277385,falcon-11B-Q4_K_M.gguf,8528.56,3.23079,0.0,0.0
1780410676.783523,falcon-11B-Q4_K_M.gguf,8528.56,3.1855300000000004,0.0,0.0
1780410677.2907882,falcon-11B-Q4_K_M.gguf,8528.56,3.37784,0.0,0.0
1780410677.7981598,falcon-11B-Q4_K_M.gguf,8528.56,4.413600000000001,0.0,0.0
1780410678.3059661,falcon-11B-Q4_K_M.gguf,8528.56,3.6916700000000002,0.0,0.0
1780410678.812574,falcon-11B-Q4_K_M.gguf,8528.56,2.24815,0.0,0.0
1780410679.320085,falcon-11B-Q4_K_M.gguf,8528.56,2.53377,0.0,0.0
1780410679.827188,falcon-11B-Q4_K_M.gguf,8528.56,3.7480100000000003,0.0,0.0
1780410682.1160161,falcon-11B-Q4_K_M.gguf,8529.48,3.61245,0.0,0.0
1780410682.622261,falcon-11B-Q4_K_M.gguf,8529.52,2.5099099999999996,0.0,0.0
1780410683.12927,falcon-11B-Q4_K_M.gguf,8529.52,2.98836,0.0,0.0
1780410683.6367612,falcon-11B-Q4_K_M.gguf,8529.53,3.31933,0.0,0.0
1780410684.144105,falcon-11B-Q4_K_M.gguf,8529.53,3.2482399999999996,0.0,0.0
1780410684.65185,falcon-11B-Q4_K_M.gguf,8529.53,3.4980599999999997,0.0,0.0
1780410685.15828,falcon-11B-Q4_K_M.gguf,8529.53,2.87444,0.0,0.0
1780410685.6653519,falcon-11B-Q4_K_M.gguf,8529.53,2.8478499999999998,0.0,0.0
1780410687.8422039,falcon-11B-Q4_K_M.gguf,8534.11,3.77277,0.0,0.0
1780410688.348309,falcon-11B-Q4_K_M.gguf,8534.14,2.3406700000000003,0.0,0.0
1780410688.854727,falcon-11B-Q4_K_M.gguf,8534.14,2.8008200000000003,0.0,0.0
1780410689.3615239,falcon-11B-Q4_K_M.gguf,8534.16,3.36632,0.0,0.0
1780410689.868302,falcon-11B-Q4_K_M.gguf,8534.16,2.93856,0.0,0.0
1780410690.3751512,falcon-11B-Q4_K_M.gguf,8534.16,3.2017800000000003,0.0,0.0
1780410690.882576,falcon-11B-Q4_K_M.gguf,8534.16,2.98929,0.0,0.0
1780410691.3892,falcon-11B-Q4_K_M.gguf,8534.16,2.93383,0.0,0.0
1780410691.8963032,falcon-11B-Q4_K_M.gguf,8534.16,3.1098600000000003,0.0,0.0
1780410692.403927,falcon-11B-Q4_K_M.gguf,8534.16,2.9127899999999998,0.0,0.0
1780410692.9102,falcon-11B-Q4_K_M.gguf,8534.16,2.9667399999999997,0.0,0.0
1780410693.429774,falcon-11B-Q4_K_M.gguf,82.78,3.16437,0.0,0.0
1780410695.60542,falcon-11B-Q4_K_M.gguf,8528.88,5.050479999999999,0.0,0.0
1780410696.111679,falcon-11B-Q4_K_M.gguf,8528.88,2.9718,0.0,0.0
1780410696.6190841,falcon-11B-Q4_K_M.gguf,8528.88,3.05254,0.0,0.0
1780410697.12603,falcon-11B-Q4_K_M.gguf,8528.89,3.18064,0.0,0.0
1780410697.63236,falcon-11B-Q4_K_M.gguf,8528.89,2.8945700000000003,0.0,0.0
1780410698.139433,falcon-11B-Q4_K_M.gguf,8528.91,2.95689,0.0,0.0
1780410698.645926,falcon-11B-Q4_K_M.gguf,8528.91,2.94739,0.0,0.0
1780410699.1526551,falcon-11B-Q4_K_M.gguf,8528.92,2.9563699999999997,0.0,0.0
1780410699.65912,falcon-11B-Q4_K_M.gguf,8528.88,3.0263,0.0,0.0
1780410700.165666,falcon-11B-Q4_K_M.gguf,8528.88,3.12343,0.0,0.0
1780410700.6727018,falcon-11B-Q4_K_M.gguf,8528.88,2.95371,0.0,0.0
1780410701.1791072,falcon-11B-Q4_K_M.gguf,8528.88,2.79794,0.0,0.0
1780410701.6858308,falcon-11B-Q4_K_M.gguf,8528.89,2.27631,0.0,0.0
1780410702.193155,falcon-11B-Q4_K_M.gguf,8528.89,3.2239899999999997,0.0,0.0
1780410702.699699,falcon-11B-Q4_K_M.gguf,8528.89,2.99191,0.0,0.0
1780410703.206114,falcon-11B-Q4_K_M.gguf,8528.89,3.1572199999999997,0.0,0.0
1780410703.712526,falcon-11B-Q4_K_M.gguf,8528.89,3.1516100000000002,0.0,0.0
1780410705.9804642,falcon-11B-Q4_K_M.gguf,8528.97,4.03093,0.0,0.0
1780410706.4868748,falcon-11B-Q4_K_M.gguf,8528.98,2.54334,0.0,0.0
1780410706.994281,falcon-11B-Q4_K_M.gguf,8528.98,2.9231599999999998,0.0,0.0
1780410707.5010948,falcon-11B-Q4_K_M.gguf,8529.0,3.48087,0.0,0.0
1780410708.007661,falcon-11B-Q4_K_M.gguf,8529.0,2.91681,0.0,0.0
1780410708.5144398,falcon-11B-Q4_K_M.gguf,8529.0,3.042,0.0,0.0
1780410709.0214772,falcon-11B-Q4_K_M.gguf,8529.0,3.0423,0.0,0.0
1780410709.527773,falcon-11B-Q4_K_M.gguf,8529.0,3.0194,0.0,0.0
1780410710.034809,falcon-11B-Q4_K_M.gguf,8528.98,3.03185,0.0,0.0
1780410710.541412,falcon-11B-Q4_K_M.gguf,8528.98,3.16477,0.0,0.0
1780410711.048515,falcon-11B-Q4_K_M.gguf,8528.98,3.11164,0.0,0.0
1780410711.555094,falcon-11B-Q4_K_M.gguf,8528.98,2.89187,0.0,0.0
1780410712.061364,falcon-11B-Q4_K_M.gguf,8529.0,2.9133899999999997,0.0,0.0
1780410714.273091,falcon-11B-Q4_K_M.gguf,8527.22,3.07991,0.0,0.0
1780410714.779236,falcon-11B-Q4_K_M.gguf,8527.22,2.26544,0.0,0.0
1780410715.2859688,falcon-11B-Q4_K_M.gguf,8527.23,3.07057,0.0,0.0
1780410715.792945,falcon-11B-Q4_K_M.gguf,8527.23,3.6693800000000003,0.0,0.0
1780410716.2999191,falcon-11B-Q4_K_M.gguf,8527.23,3.22668,0.0,0.0
1780410716.80723,falcon-11B-Q4_K_M.gguf,8527.23,2.8007,0.0,0.0
1780410717.318153,falcon-11B-Q4_K_M.gguf,8527.23,3.45346,0.0,0.0
1780410717.826284,falcon-11B-Q4_K_M.gguf,8527.23,3.0018800000000003,0.0,0.0
1780410718.331716,falcon-11B-Q4_K_M.gguf,8527.22,3.11436,0.0,0.0
1780410718.83866,falcon-11B-Q4_K_M.gguf,8527.22,2.92584,0.0,0.0
1780410719.3454568,falcon-11B-Q4_K_M.gguf,8527.22,3.2349099999999997,0.0,0.0
1780410719.852525,falcon-11B-Q4_K_M.gguf,8527.22,2.88795,0.0,0.0
1780410720.3596852,falcon-11B-Q4_K_M.gguf,8527.22,3.06033,0.0,0.0
1780410720.86627,falcon-11B-Q4_K_M.gguf,8527.23,3.62864,0.0,0.0
1780410721.373188,falcon-11B-Q4_K_M.gguf,8527.25,2.9783000000000004,0.0,0.0
1780410721.87964,falcon-11B-Q4_K_M.gguf,8527.25,3.2326799999999998,0.0,0.0
1780410722.386691,falcon-11B-Q4_K_M.gguf,8527.25,3.1677199999999996,0.0,0.0
1780410722.894287,falcon-11B-Q4_K_M.gguf,8527.25,3.73726,0.0,0.0
1780410723.4005,falcon-11B-Q4_K_M.gguf,8527.25,4.24507,0.0,0.0
1780410723.907348,falcon-11B-Q4_K_M.gguf,8527.25,2.29936,0.0,0.0
1780410724.4138188,falcon-11B-Q4_K_M.gguf,8527.25,3.11708,0.0,0.0
1780410724.920494,falcon-11B-Q4_K_M.gguf,8527.25,3.0095300000000003,0.0,0.0
1780410725.426898,falcon-11B-Q4_K_M.gguf,8527.25,3.31096,0.0,0.0
1780410725.933913,falcon-11B-Q4_K_M.gguf,8527.25,3.39823,0.0,0.0
1780410726.440883,falcon-11B-Q4_K_M.gguf,8527.25,3.2597899999999997,0.0,0.0
1780410726.947573,falcon-11B-Q4_K_M.gguf,8527.25,2.84196,0.0,0.0
1780410727.454412,falcon-11B-Q4_K_M.gguf,8527.25,2.91521,0.0,0.0
1780410727.961129,falcon-11B-Q4_K_M.gguf,8527.25,2.97969,0.0,0.0
1780410728.468176,falcon-11B-Q4_K_M.gguf,8527.25,3.19712,0.0,0.0
1780410728.974446,falcon-11B-Q4_K_M.gguf,8527.25,3.01335,0.0,0.0
1780410729.4810848,falcon-11B-Q4_K_M.gguf,8527.25,3.1227,0.0,0.0
1780410729.987922,falcon-11B-Q4_K_M.gguf,8527.25,2.92013,0.0,0.0
1780410730.4946718,falcon-11B-Q4_K_M.gguf,8527.25,2.78146,0.0,0.0
1780410731.001342,falcon-11B-Q4_K_M.gguf,8527.25,3.9947600000000003,0.0,0.0
1780410731.508238,falcon-11B-Q4_K_M.gguf,8527.25,5.39936,0.0,0.0
1780410732.015154,falcon-11B-Q4_K_M.gguf,8527.25,2.3367,0.0,0.0
1780410732.521863,falcon-11B-Q4_K_M.gguf,8527.25,2.79527,0.0,0.0
1780410733.0281699,falcon-11B-Q4_K_M.gguf,8527.25,3.09449,0.0,0.0
1780410733.535684,falcon-11B-Q4_K_M.gguf,8527.25,3.42105,0.0,0.0
1780410734.0420759,falcon-11B-Q4_K_M.gguf,8527.25,3.15086,0.0,0.0
1780410734.5485382,falcon-11B-Q4_K_M.gguf,8527.25,2.88677,0.0,0.0
1780410735.0563352,falcon-11B-Q4_K_M.gguf,8527.25,3.09336,0.0,0.0
1780410735.562774,falcon-11B-Q4_K_M.gguf,8527.25,3.48481,0.0,0.0
1780410736.0695438,falcon-11B-Q4_K_M.gguf,8527.25,3.13229,0.0,0.0
1780410736.5761752,falcon-11B-Q4_K_M.gguf,8527.25,3.00579,0.0,0.0
1780410737.083176,falcon-11B-Q4_K_M.gguf,8527.25,3.08939,0.0,0.0
1780410737.5898309,falcon-11B-Q4_K_M.gguf,8527.25,3.04358,0.0,0.0
1780410738.096137,falcon-11B-Q4_K_M.gguf,8527.25,3.04671,0.0,0.0
1780410738.602877,falcon-11B-Q4_K_M.gguf,8527.25,3.20194,0.0,0.0
1780410739.1094542,falcon-11B-Q4_K_M.gguf,8527.25,3.1774899999999997,0.0,0.0
1780410739.616184,falcon-11B-Q4_K_M.gguf,8527.25,3.09497,0.0,0.0
1780410740.1229491,falcon-11B-Q4_K_M.gguf,8527.25,3.03559,0.0,0.0
1780410770.2988422,gemma-2-9b-it-Q4_K_M.gguf,5782.64,4.340529999999999,0.0,0.0
1780410770.80531,gemma-2-9b-it-Q4_K_M.gguf,5782.72,3.23271,0.0,0.0
1780410771.312484,gemma-2-9b-it-Q4_K_M.gguf,5782.77,3.84081,0.0,0.0
1780410771.819875,gemma-2-9b-it-Q4_K_M.gguf,5782.77,3.6049,0.0,0.0
1780410772.3267891,gemma-2-9b-it-Q4_K_M.gguf,5782.78,3.6301900000000002,0.0,0.0
1780410772.834163,gemma-2-9b-it-Q4_K_M.gguf,5782.78,3.42597,0.0,0.0
1780410773.341384,gemma-2-9b-it-Q4_K_M.gguf,5782.8,3.3818099999999998,0.0,0.0
1780410773.848126,gemma-2-9b-it-Q4_K_M.gguf,5782.81,3.2296199999999997,0.0,0.0
1780410774.3554711,gemma-2-9b-it-Q4_K_M.gguf,5782.91,3.1128,0.0,0.0
1780410774.8627589,gemma-2-9b-it-Q4_K_M.gguf,5782.94,3.28501,0.0,0.0
1780410775.369398,gemma-2-9b-it-Q4_K_M.gguf,5782.94,3.39085,0.0,0.0
1780410775.876266,gemma-2-9b-it-Q4_K_M.gguf,5782.94,3.35493,0.0,0.0
1780410776.382807,gemma-2-9b-it-Q4_K_M.gguf,5782.94,3.40941,0.0,0.0
1780410776.8896482,gemma-2-9b-it-Q4_K_M.gguf,5782.94,3.02551,0.0,0.0
1780410777.396545,gemma-2-9b-it-Q4_K_M.gguf,5782.95,3.19387,0.0,0.0
1780410777.903266,gemma-2-9b-it-Q4_K_M.gguf,5782.97,2.77551,0.0,0.0
1780410778.409985,gemma-2-9b-it-Q4_K_M.gguf,5782.97,2.86708,0.0,0.0
1780410778.917166,gemma-2-9b-it-Q4_K_M.gguf,5782.97,2.9376599999999997,0.0,0.0
1780410779.424253,gemma-2-9b-it-Q4_K_M.gguf,5782.98,3.3505700000000003,0.0,0.0
1780410779.931199,gemma-2-9b-it-Q4_K_M.gguf,5782.98,2.8011399999999997,0.0,0.0
1780410780.436818,gemma-2-9b-it-Q4_K_M.gguf,5782.98,2.69724,0.0,0.0
1780410780.943923,gemma-2-9b-it-Q4_K_M.gguf,5782.98,2.97437,0.0,0.0
1780410781.45053,gemma-2-9b-it-Q4_K_M.gguf,5782.98,3.1935,0.0,0.0
1780410781.957224,gemma-2-9b-it-Q4_K_M.gguf,5783.0,3.4043200000000002,0.0,0.0
1780410782.4641862,gemma-2-9b-it-Q4_K_M.gguf,5783.0,3.28561,0.0,0.0
1780410782.971027,gemma-2-9b-it-Q4_K_M.gguf,5783.0,2.9326999999999996,0.0,0.0
1780410783.477866,gemma-2-9b-it-Q4_K_M.gguf,5783.0,3.0818600000000003,0.0,0.0
1780410783.984257,gemma-2-9b-it-Q4_K_M.gguf,5783.02,2.9318899999999997,0.0,0.0
1780410784.490752,gemma-2-9b-it-Q4_K_M.gguf,5783.03,2.70819,0.0,0.0
1780410784.997779,gemma-2-9b-it-Q4_K_M.gguf,5783.03,2.8345700000000003,0.0,0.0
1780410785.504902,gemma-2-9b-it-Q4_K_M.gguf,5783.03,2.8937399999999998,0.0,0.0
1780410786.0116282,gemma-2-9b-it-Q4_K_M.gguf,5783.03,2.95422,0.0,0.0
1780410786.518414,gemma-2-9b-it-Q4_K_M.gguf,5783.03,3.19375,0.0,0.0
1780410787.026048,gemma-2-9b-it-Q4_K_M.gguf,5783.03,2.7662199999999997,0.0,0.0
1780410787.5333078,gemma-2-9b-it-Q4_K_M.gguf,5783.03,2.8027399999999996,0.0,0.0
1780410788.040225,gemma-2-9b-it-Q4_K_M.gguf,5783.03,2.8552,0.0,0.0
1780410788.547136,gemma-2-9b-it-Q4_K_M.gguf,5783.03,3.09713,0.0,0.0
1780410789.0541928,gemma-2-9b-it-Q4_K_M.gguf,5783.03,3.2448699999999997,0.0,0.0
1780410789.5613189,gemma-2-9b-it-Q4_K_M.gguf,5783.03,3.5539899999999998,0.0,0.0
1780410790.068228,gemma-2-9b-it-Q4_K_M.gguf,5783.03,3.08256,0.0,0.0
1780410790.575326,gemma-2-9b-it-Q4_K_M.gguf,5783.03,3.23458,0.0,0.0
1780410791.082465,gemma-2-9b-it-Q4_K_M.gguf,5783.03,3.1448899999999997,0.0,0.0
1780410791.589464,gemma-2-9b-it-Q4_K_M.gguf,5783.03,3.29421,0.0,0.0
1780410792.1050692,gemma-2-9b-it-Q4_K_M.gguf,124.89,3.0836900000000003,0.0,0.0
1780410794.122029,gemma-2-9b-it-Q4_K_M.gguf,5766.5,4.4188,0.0,0.0
1780410794.6288269,gemma-2-9b-it-Q4_K_M.gguf,5766.59,3.14756,0.0,0.0
1780410795.135666,gemma-2-9b-it-Q4_K_M.gguf,5766.59,3.25083,0.0,0.0
1780410795.6430552,gemma-2-9b-it-Q4_K_M.gguf,5766.59,3.4714699999999996,0.0,0.0
1780410796.15007,gemma-2-9b-it-Q4_K_M.gguf,5766.59,3.20986,0.0,0.0
1780410796.656827,gemma-2-9b-it-Q4_K_M.gguf,5766.59,3.23894,0.0,0.0
1780410797.163751,gemma-2-9b-it-Q4_K_M.gguf,5766.59,3.43729,0.0,0.0
1780410797.670812,gemma-2-9b-it-Q4_K_M.gguf,5766.59,3.32794,0.0,0.0
1780410798.177999,gemma-2-9b-it-Q4_K_M.gguf,5766.58,3.2493000000000003,0.0,0.0
1780410798.68527,gemma-2-9b-it-Q4_K_M.gguf,5766.58,3.21876,0.0,0.0
1780410799.192255,gemma-2-9b-it-Q4_K_M.gguf,5766.58,3.05475,0.0,0.0
1780410799.69981,gemma-2-9b-it-Q4_K_M.gguf,5766.58,3.15304,0.0,0.0
1780410800.206594,gemma-2-9b-it-Q4_K_M.gguf,5766.58,3.07564,0.0,0.0
1780410800.713544,gemma-2-9b-it-Q4_K_M.gguf,5766.62,3.43714,0.0,0.0
1780410801.2208772,gemma-2-9b-it-Q4_K_M.gguf,5766.62,3.0876900000000003,0.0,0.0
1780410801.727932,gemma-2-9b-it-Q4_K_M.gguf,5766.62,3.38652,0.0,0.0
1780410802.234983,gemma-2-9b-it-Q4_K_M.gguf,5766.62,3.14594,0.0,0.0
1780410802.741895,gemma-2-9b-it-Q4_K_M.gguf,5766.62,3.25452,0.0,0.0
1780410803.24956,gemma-2-9b-it-Q4_K_M.gguf,5766.62,3.0492399999999997,0.0,0.0
1780410803.7558138,gemma-2-9b-it-Q4_K_M.gguf,5766.62,3.23686,0.0,0.0
1780410804.262851,gemma-2-9b-it-Q4_K_M.gguf,5766.62,3.4137600000000003,0.0,0.0
1780410804.77003,gemma-2-9b-it-Q4_K_M.gguf,5766.62,3.29242,0.0,0.0
1780410805.2770371,gemma-2-9b-it-Q4_K_M.gguf,5766.62,3.16542,0.0,0.0
1780410805.783985,gemma-2-9b-it-Q4_K_M.gguf,5766.62,3.1008,0.0,0.0
1780410806.2910368,gemma-2-9b-it-Q4_K_M.gguf,5766.78,3.52195,0.0,0.0
1780410806.797485,gemma-2-9b-it-Q4_K_M.gguf,5766.78,3.10779,0.0,0.0
1780410807.3054872,gemma-2-9b-it-Q4_K_M.gguf,5766.78,3.03742,0.0,0.0
1780410807.81217,gemma-2-9b-it-Q4_K_M.gguf,5766.78,3.44936,0.0,0.0
1780410808.319922,gemma-2-9b-it-Q4_K_M.gguf,5766.78,3.29858,0.0,0.0
1780410808.825473,gemma-2-9b-it-Q4_K_M.gguf,5766.78,3.1512800000000003,0.0,0.0
1780410809.332999,gemma-2-9b-it-Q4_K_M.gguf,5766.8,3.137,0.0,0.0
1780410809.8400378,gemma-2-9b-it-Q4_K_M.gguf,5766.8,3.13142,0.0,0.0
1780410810.34733,gemma-2-9b-it-Q4_K_M.gguf,5766.8,3.24769,0.0,0.0
1780410810.8545868,gemma-2-9b-it-Q4_K_M.gguf,5766.8,3.13483,0.0,0.0
1780410811.3622599,gemma-2-9b-it-Q4_K_M.gguf,5766.8,3.26148,0.0,0.0
1780410811.869208,gemma-2-9b-it-Q4_K_M.gguf,5766.8,3.0839000000000003,0.0,0.0
1780410812.3765419,gemma-2-9b-it-Q4_K_M.gguf,5766.8,3.51159,0.0,0.0
1780410812.8838358,gemma-2-9b-it-Q4_K_M.gguf,5766.8,3.26862,0.0,0.0
1780410813.391521,gemma-2-9b-it-Q4_K_M.gguf,5766.8,2.97138,0.0,0.0
1780410813.898402,gemma-2-9b-it-Q4_K_M.gguf,5766.8,3.2751900000000003,0.0,0.0
1780410814.405493,gemma-2-9b-it-Q4_K_M.gguf,5766.8,3.08863,0.0,0.0
1780410814.912693,gemma-2-9b-it-Q4_K_M.gguf,5766.8,3.37765,0.0,0.0
1780410815.420085,gemma-2-9b-it-Q4_K_M.gguf,5766.81,3.10864,0.0,0.0
1780410815.927069,gemma-2-9b-it-Q4_K_M.gguf,5766.81,3.3485,0.0,0.0
1780410816.434288,gemma-2-9b-it-Q4_K_M.gguf,5766.81,3.03875,0.0,0.0
1780410816.941568,gemma-2-9b-it-Q4_K_M.gguf,5766.81,3.3265100000000003,0.0,0.0
1780410817.449183,gemma-2-9b-it-Q4_K_M.gguf,5766.81,3.38601,0.0,0.0
1780410817.956235,gemma-2-9b-it-Q4_K_M.gguf,5766.81,2.92607,0.0,0.0
1780410820.3238668,gemma-2-9b-it-Q4_K_M.gguf,5772.12,4.47371,0.0,0.0
1780410820.830197,gemma-2-9b-it-Q4_K_M.gguf,5772.14,3.29004,0.0,0.0
1780410821.336839,gemma-2-9b-it-Q4_K_M.gguf,5772.2,3.4244499999999998,0.0,0.0
1780410821.843748,gemma-2-9b-it-Q4_K_M.gguf,5772.22,3.37193,0.0,0.0
1780410822.35059,gemma-2-9b-it-Q4_K_M.gguf,5772.23,3.2315,0.0,0.0
1780410822.8575869,gemma-2-9b-it-Q4_K_M.gguf,5772.23,3.43121,0.0,0.0
1780410823.364995,gemma-2-9b-it-Q4_K_M.gguf,5772.25,3.13763,0.0,0.0
1780410823.8716018,gemma-2-9b-it-Q4_K_M.gguf,5772.25,3.2431900000000002,0.0,0.0
1780410824.378607,gemma-2-9b-it-Q4_K_M.gguf,5772.25,3.02681,0.0,0.0
1780410824.885803,gemma-2-9b-it-Q4_K_M.gguf,5772.25,3.17649,0.0,0.0
1780410825.392598,gemma-2-9b-it-Q4_K_M.gguf,5772.25,3.1078,0.0,0.0
1780410825.8999639,gemma-2-9b-it-Q4_K_M.gguf,5772.25,3.17959,0.0,0.0
1780410826.4070132,gemma-2-9b-it-Q4_K_M.gguf,5772.25,3.04182,0.0,0.0
1780410826.911891,gemma-2-9b-it-Q4_K_M.gguf,5772.25,4.75946,0.0,0.0
1780410827.418776,gemma-2-9b-it-Q4_K_M.gguf,5772.25,3.2036599999999997,0.0,0.0
1780410827.925997,gemma-2-9b-it-Q4_K_M.gguf,5772.25,3.3610700000000002,0.0,0.0
1780410828.432757,gemma-2-9b-it-Q4_K_M.gguf,5772.25,3.17103,0.0,0.0
1780410828.940063,gemma-2-9b-it-Q4_K_M.gguf,5772.25,3.17529,0.0,0.0
1780410829.446833,gemma-2-9b-it-Q4_K_M.gguf,5772.25,2.94742,0.0,0.0
1780410829.953954,gemma-2-9b-it-Q4_K_M.gguf,5772.25,3.3356500000000002,0.0,0.0
1780410830.461073,gemma-2-9b-it-Q4_K_M.gguf,5772.25,3.1231199999999997,0.0,0.0
1780410830.96837,gemma-2-9b-it-Q4_K_M.gguf,5772.25,2.97885,0.0,0.0
1780410831.4753048,gemma-2-9b-it-Q4_K_M.gguf,5772.25,2.9922,0.0,0.0
1780410831.982395,gemma-2-9b-it-Q4_K_M.gguf,5772.25,3.24219,0.0,0.0
1780410832.4899452,gemma-2-9b-it-Q4_K_M.gguf,5772.25,3.25029,0.0,0.0
1780410832.997004,gemma-2-9b-it-Q4_K_M.gguf,5772.25,3.28209,0.0,0.0
1780410833.504478,gemma-2-9b-it-Q4_K_M.gguf,5772.25,3.28897,0.0,0.0
1780410834.011654,gemma-2-9b-it-Q4_K_M.gguf,5772.25,3.02662,0.0,0.0
1780410834.5188348,gemma-2-9b-it-Q4_K_M.gguf,5772.27,2.96862,0.0,0.0
1780410835.026221,gemma-2-9b-it-Q4_K_M.gguf,5772.27,3.2100500000000003,0.0,0.0
1780410835.5332649,gemma-2-9b-it-Q4_K_M.gguf,5772.27,3.40402,0.0,0.0
1780410836.040183,gemma-2-9b-it-Q4_K_M.gguf,5772.27,3.57615,0.0,0.0
1780410836.546706,gemma-2-9b-it-Q4_K_M.gguf,5772.27,3.0774899999999996,0.0,0.0
1780410837.053959,gemma-2-9b-it-Q4_K_M.gguf,5772.27,3.20753,0.0,0.0
1780410837.561573,gemma-2-9b-it-Q4_K_M.gguf,5772.27,3.20071,0.0,0.0
1780410838.0683122,gemma-2-9b-it-Q4_K_M.gguf,5772.27,3.2244699999999997,0.0,0.0
1780410838.57542,gemma-2-9b-it-Q4_K_M.gguf,5772.27,3.04,0.0,0.0
1780410839.081467,gemma-2-9b-it-Q4_K_M.gguf,5772.27,3.37832,0.0,0.0
1780410839.5891562,gemma-2-9b-it-Q4_K_M.gguf,5772.27,2.93479,0.0,0.0
1780410840.0958169,gemma-2-9b-it-Q4_K_M.gguf,5772.27,3.09198,0.0,0.0
1780410840.603116,gemma-2-9b-it-Q4_K_M.gguf,5772.27,3.1407800000000003,0.0,0.0
1780410841.110003,gemma-2-9b-it-Q4_K_M.gguf,5772.27,3.07209,0.0,0.0
1780410841.6171641,gemma-2-9b-it-Q4_K_M.gguf,5772.27,3.12012,0.0,0.0
1780410842.1246212,gemma-2-9b-it-Q4_K_M.gguf,5772.27,3.24118,0.0,0.0
1780410842.631538,gemma-2-9b-it-Q4_K_M.gguf,5772.27,3.3026,0.0,0.0
1780410843.1391559,gemma-2-9b-it-Q4_K_M.gguf,5772.27,3.31906,0.0,0.0
1780410843.646188,gemma-2-9b-it-Q4_K_M.gguf,5772.27,2.9978000000000002,0.0,0.0
1780410844.153285,gemma-2-9b-it-Q4_K_M.gguf,5772.27,3.23707,0.0,0.0
1780410846.361444,gemma-2-9b-it-Q4_K_M.gguf,5769.41,3.64354,0.0,0.0
1780410846.86773,gemma-2-9b-it-Q4_K_M.gguf,5772.41,2.29863,0.0,0.0
1780410847.3745742,gemma-2-9b-it-Q4_K_M.gguf,5772.44,2.97627,0.0,0.0
1780410847.881838,gemma-2-9b-it-Q4_K_M.gguf,5772.45,3.6270599999999997,0.0,0.0
1780410848.389257,gemma-2-9b-it-Q4_K_M.gguf,5772.47,3.39513,0.0,0.0
1780410848.895862,gemma-2-9b-it-Q4_K_M.gguf,5772.48,3.58695,0.0,0.0
1780410849.4029272,gemma-2-9b-it-Q4_K_M.gguf,5772.48,3.31989,0.0,0.0
1780410849.909745,gemma-2-9b-it-Q4_K_M.gguf,5772.5,3.15131,0.0,0.0
1780410850.4167428,gemma-2-9b-it-Q4_K_M.gguf,5772.5,3.35384,0.0,0.0
1780410850.9245372,gemma-2-9b-it-Q4_K_M.gguf,5772.5,3.18135,0.0,0.0
1780410851.43116,gemma-2-9b-it-Q4_K_M.gguf,5772.5,3.16455,0.0,0.0
1780410851.938189,gemma-2-9b-it-Q4_K_M.gguf,5772.5,3.02767,0.0,0.0
1780410852.445129,gemma-2-9b-it-Q4_K_M.gguf,5772.5,3.6182,0.0,0.0
1780410852.952018,gemma-2-9b-it-Q4_K_M.gguf,5772.5,3.6382600000000003,0.0,0.0
1780410853.459177,gemma-2-9b-it-Q4_K_M.gguf,5772.45,3.18229,0.0,0.0
1780410853.966113,gemma-2-9b-it-Q4_K_M.gguf,5772.45,3.08115,0.0,0.0
1780410854.472834,gemma-2-9b-it-Q4_K_M.gguf,5772.47,2.89885,0.0,0.0
1780410854.979597,gemma-2-9b-it-Q4_K_M.gguf,5772.47,3.40402,0.0,0.0
1780410855.486527,gemma-2-9b-it-Q4_K_M.gguf,5772.47,2.96829,0.0,0.0
1780410855.993354,gemma-2-9b-it-Q4_K_M.gguf,5772.47,3.20641,0.0,0.0
1780410856.500115,gemma-2-9b-it-Q4_K_M.gguf,5772.47,3.21366,0.0,0.0
1780410857.0076318,gemma-2-9b-it-Q4_K_M.gguf,5772.47,3.1933200000000004,0.0,0.0
1780410857.5142279,gemma-2-9b-it-Q4_K_M.gguf,5772.47,3.2320900000000004,0.0,0.0
1780410858.019408,gemma-2-9b-it-Q4_K_M.gguf,5772.47,3.0483800000000003,0.0,0.0
1780410858.5268962,gemma-2-9b-it-Q4_K_M.gguf,5772.47,3.23963,0.0,0.0
1780410859.03365,gemma-2-9b-it-Q4_K_M.gguf,5772.47,3.0894899999999996,0.0,0.0
1780410859.540798,gemma-2-9b-it-Q4_K_M.gguf,5772.47,3.27317,0.0,0.0
1780410860.048038,gemma-2-9b-it-Q4_K_M.gguf,5772.47,3.3029499999999996,0.0,0.0
1780410860.555439,gemma-2-9b-it-Q4_K_M.gguf,5772.47,2.96936,0.0,0.0
1780410861.062648,gemma-2-9b-it-Q4_K_M.gguf,5772.47,3.21786,0.0,0.0
1780410861.5701172,gemma-2-9b-it-Q4_K_M.gguf,5772.47,3.13795,0.0,0.0
1780410862.076617,gemma-2-9b-it-Q4_K_M.gguf,5772.47,3.25885,0.0,0.0
1780410862.583424,gemma-2-9b-it-Q4_K_M.gguf,5772.47,3.15347,0.0,0.0
1780410863.090719,gemma-2-9b-it-Q4_K_M.gguf,5772.47,3.08066,0.0,0.0
1780410863.5975602,gemma-2-9b-it-Q4_K_M.gguf,5772.47,3.2731399999999997,0.0,0.0
1780410864.1049259,gemma-2-9b-it-Q4_K_M.gguf,5772.47,3.02946,0.0,0.0
1780410864.612257,gemma-2-9b-it-Q4_K_M.gguf,5772.47,3.23458,0.0,0.0
1780410865.119466,gemma-2-9b-it-Q4_K_M.gguf,5772.47,3.3752,0.0,0.0
1780410865.626713,gemma-2-9b-it-Q4_K_M.gguf,5772.47,3.1344600000000002,0.0,0.0
1780410866.13376,gemma-2-9b-it-Q4_K_M.gguf,5772.48,3.3771799999999996,0.0,0.0
1780410866.640975,gemma-2-9b-it-Q4_K_M.gguf,5772.48,3.26196,0.0,0.0
1780410867.1480892,gemma-2-9b-it-Q4_K_M.gguf,5772.48,3.4480399999999998,0.0,0.0
1780410867.655616,gemma-2-9b-it-Q4_K_M.gguf,5772.48,3.5492,0.0,0.0
1780410868.162305,gemma-2-9b-it-Q4_K_M.gguf,5772.48,3.0063400000000002,0.0,0.0
1780410868.669295,gemma-2-9b-it-Q4_K_M.gguf,5772.48,3.10869,0.0,0.0
1780410869.176617,gemma-2-9b-it-Q4_K_M.gguf,5772.48,3.10696,0.0,0.0
1780410869.683291,gemma-2-9b-it-Q4_K_M.gguf,5772.48,3.33279,0.0,0.0
1780410870.190926,gemma-2-9b-it-Q4_K_M.gguf,5772.48,2.94835,0.0,0.0
1780410870.697623,gemma-2-9b-it-Q4_K_M.gguf,114.34,2.95528,0.0,0.0
1780410872.903202,gemma-2-9b-it-Q4_K_M.gguf,5765.14,4.38781,0.0,0.0
1780410873.410003,gemma-2-9b-it-Q4_K_M.gguf,5765.16,2.80095,0.0,0.0
1780410873.916654,gemma-2-9b-it-Q4_K_M.gguf,5765.17,3.623,0.0,0.0
1780410874.424704,gemma-2-9b-it-Q4_K_M.gguf,5765.19,3.2725500000000003,0.0,0.0
1780410874.931369,gemma-2-9b-it-Q4_K_M.gguf,5765.19,3.3652699999999998,0.0,0.0
1780410875.439233,gemma-2-9b-it-Q4_K_M.gguf,5765.2,3.1283600000000003,0.0,0.0
1780410875.9462621,gemma-2-9b-it-Q4_K_M.gguf,5765.2,3.2687399999999998,0.0,0.0
1780410876.4532852,gemma-2-9b-it-Q4_K_M.gguf,5765.2,3.17879,0.0,0.0
1780410876.960546,gemma-2-9b-it-Q4_K_M.gguf,5765.2,3.1021199999999998,0.0,0.0
1780410877.468819,gemma-2-9b-it-Q4_K_M.gguf,5765.22,3.05269,0.0,0.0
1780410877.9745731,gemma-2-9b-it-Q4_K_M.gguf,5765.22,3.02129,0.0,0.0
1780410878.481647,gemma-2-9b-it-Q4_K_M.gguf,5765.22,3.26588,0.0,0.0
1780410878.989055,gemma-2-9b-it-Q4_K_M.gguf,5765.22,3.16729,0.0,0.0
1780410879.495948,gemma-2-9b-it-Q4_K_M.gguf,5765.25,3.1326199999999997,0.0,0.0
1780410880.003226,gemma-2-9b-it-Q4_K_M.gguf,5765.25,2.9857,0.0,0.0
1780410880.510485,gemma-2-9b-it-Q4_K_M.gguf,5765.25,3.18124,0.0,0.0
1780410881.017858,gemma-2-9b-it-Q4_K_M.gguf,5765.25,3.26945,0.0,0.0
1780410881.5257878,gemma-2-9b-it-Q4_K_M.gguf,5765.25,3.37155,0.0,0.0
1780410882.032626,gemma-2-9b-it-Q4_K_M.gguf,5765.27,3.11707,0.0,0.0
1780410882.540033,gemma-2-9b-it-Q4_K_M.gguf,5765.27,2.98318,0.0,0.0
1780410883.0472698,gemma-2-9b-it-Q4_K_M.gguf,5765.27,3.29297,0.0,0.0
1780410883.554276,gemma-2-9b-it-Q4_K_M.gguf,5765.27,3.1829,0.0,0.0
1780410884.061603,gemma-2-9b-it-Q4_K_M.gguf,5765.27,3.10352,0.0,0.0
1780410884.5686631,gemma-2-9b-it-Q4_K_M.gguf,5765.27,3.3922,0.0,0.0
1780410885.075687,gemma-2-9b-it-Q4_K_M.gguf,5765.27,3.14563,0.0,0.0
1780410885.582316,gemma-2-9b-it-Q4_K_M.gguf,5765.27,3.3011999999999997,0.0,0.0
1780410886.089391,gemma-2-9b-it-Q4_K_M.gguf,5765.27,3.19285,0.0,0.0
1780410886.595655,gemma-2-9b-it-Q4_K_M.gguf,5765.27,3.19709,0.0,0.0
1780410887.103081,gemma-2-9b-it-Q4_K_M.gguf,5765.27,3.24381,0.0,0.0
1780410887.610257,gemma-2-9b-it-Q4_K_M.gguf,5765.27,2.90165,0.0,0.0
1780410888.1176279,gemma-2-9b-it-Q4_K_M.gguf,5765.27,3.23197,0.0,0.0
1780410888.6250591,gemma-2-9b-it-Q4_K_M.gguf,5765.28,2.9311599999999998,0.0,0.0
1780410889.1320372,gemma-2-9b-it-Q4_K_M.gguf,5765.28,3.26849,0.0,0.0
1780410889.639141,gemma-2-9b-it-Q4_K_M.gguf,5765.28,3.21346,0.0,0.0
1780410890.146368,gemma-2-9b-it-Q4_K_M.gguf,5765.28,3.44632,0.0,0.0
1780410890.653656,gemma-2-9b-it-Q4_K_M.gguf,5765.28,3.24461,0.0,0.0
1780410891.1606731,gemma-2-9b-it-Q4_K_M.gguf,5765.28,3.22414,0.0,0.0
1780410891.667607,gemma-2-9b-it-Q4_K_M.gguf,5765.28,3.1711,0.0,0.0
1780410892.174693,gemma-2-9b-it-Q4_K_M.gguf,5765.28,3.2004699999999997,0.0,0.0
1780410892.681157,gemma-2-9b-it-Q4_K_M.gguf,5765.28,3.03312,0.0,0.0
1780410893.1885152,gemma-2-9b-it-Q4_K_M.gguf,5765.28,3.21185,0.0,0.0
1780410893.695709,gemma-2-9b-it-Q4_K_M.gguf,5765.28,3.0853,0.0,0.0
1780410894.202942,gemma-2-9b-it-Q4_K_M.gguf,5765.28,3.2017399999999996,0.0,0.0
1780410894.709774,gemma-2-9b-it-Q4_K_M.gguf,5765.28,3.09543,0.0,0.0
1780410895.217034,gemma-2-9b-it-Q4_K_M.gguf,5765.28,3.35778,0.0,0.0
1780410895.724192,gemma-2-9b-it-Q4_K_M.gguf,5765.28,3.03641,0.0,0.0
1780410896.231015,gemma-2-9b-it-Q4_K_M.gguf,5765.28,3.49729,0.0,0.0
1780410896.746274,gemma-2-9b-it-Q4_K_M.gguf,107.11,2.9521599999999997,0.0,0.0
1780410898.972128,gemma-2-9b-it-Q4_K_M.gguf,5788.91,4.69119,0.0,0.0
1780410899.478369,gemma-2-9b-it-Q4_K_M.gguf,5788.92,3.16423,0.0,0.0
1780410899.9855418,gemma-2-9b-it-Q4_K_M.gguf,5788.92,3.32194,0.0,0.0
1780410900.492297,gemma-2-9b-it-Q4_K_M.gguf,5788.92,3.30516,0.0,0.0
1780410900.9993868,gemma-2-9b-it-Q4_K_M.gguf,5788.92,3.24144,0.0,0.0
1780410901.507607,gemma-2-9b-it-Q4_K_M.gguf,5788.92,3.01627,0.0,0.0
1780410902.013667,gemma-2-9b-it-Q4_K_M.gguf,5788.92,3.26816,0.0,0.0
1780410902.5211651,gemma-2-9b-it-Q4_K_M.gguf,5788.92,3.24075,0.0,0.0
1780410903.0279832,gemma-2-9b-it-Q4_K_M.gguf,5788.92,3.1394699999999998,0.0,0.0
1780410903.53484,gemma-2-9b-it-Q4_K_M.gguf,5788.92,3.36153,0.0,0.0
1780410904.042859,gemma-2-9b-it-Q4_K_M.gguf,5788.92,3.2716999999999996,0.0,0.0
1780410904.549833,gemma-2-9b-it-Q4_K_M.gguf,5788.94,3.39423,0.0,0.0
1780410905.0569758,gemma-2-9b-it-Q4_K_M.gguf,5788.94,3.5036799999999997,0.0,0.0
1780410905.563561,gemma-2-9b-it-Q4_K_M.gguf,5788.94,3.11388,0.0,0.0
1780410906.0705411,gemma-2-9b-it-Q4_K_M.gguf,5788.94,3.05913,0.0,0.0
1780410906.577715,gemma-2-9b-it-Q4_K_M.gguf,5788.94,3.04829,0.0,0.0
1780410907.084842,gemma-2-9b-it-Q4_K_M.gguf,5788.94,3.26005,0.0,0.0
1780410907.591913,gemma-2-9b-it-Q4_K_M.gguf,5788.94,3.1871300000000002,0.0,0.0
1780410908.098371,gemma-2-9b-it-Q4_K_M.gguf,5788.94,3.34378,0.0,0.0
1780410908.6049721,gemma-2-9b-it-Q4_K_M.gguf,5788.94,3.10643,0.0,0.0
1780410909.1123111,gemma-2-9b-it-Q4_K_M.gguf,5788.94,3.52058,0.0,0.0
1780410909.619607,gemma-2-9b-it-Q4_K_M.gguf,5788.94,3.1521500000000002,0.0,0.0
1780410910.1265411,gemma-2-9b-it-Q4_K_M.gguf,5788.94,3.15029,0.0,0.0
1780410910.63325,gemma-2-9b-it-Q4_K_M.gguf,5788.94,3.2520599999999997,0.0,0.0
1780410911.1409202,gemma-2-9b-it-Q4_K_M.gguf,5788.94,3.42739,0.0,0.0
1780410911.6463418,gemma-2-9b-it-Q4_K_M.gguf,5788.94,3.18618,0.0,0.0
1780410912.1538901,gemma-2-9b-it-Q4_K_M.gguf,5788.94,3.5083200000000003,0.0,0.0
1780410912.661636,gemma-2-9b-it-Q4_K_M.gguf,5788.94,3.2072399999999996,0.0,0.0
1780410913.168642,gemma-2-9b-it-Q4_K_M.gguf,5788.94,3.36776,0.0,0.0
1780410913.6762612,gemma-2-9b-it-Q4_K_M.gguf,5788.95,3.11171,0.0,0.0
1780410914.183161,gemma-2-9b-it-Q4_K_M.gguf,5788.95,3.10375,0.0,0.0
1780410914.690194,gemma-2-9b-it-Q4_K_M.gguf,5788.95,3.0450500000000003,0.0,0.0
1780410915.197045,gemma-2-9b-it-Q4_K_M.gguf,5788.95,3.0391,0.0,0.0
1780410915.704054,gemma-2-9b-it-Q4_K_M.gguf,5788.95,3.3355900000000003,0.0,0.0
1780410916.210915,gemma-2-9b-it-Q4_K_M.gguf,5788.95,3.04977,0.0,0.0
1780410916.718049,gemma-2-9b-it-Q4_K_M.gguf,5788.95,3.26679,0.0,0.0
1780410917.2249842,gemma-2-9b-it-Q4_K_M.gguf,5788.95,3.1258000000000004,0.0,0.0
1780410917.731754,gemma-2-9b-it-Q4_K_M.gguf,5788.95,3.2368699999999997,0.0,0.0
1780410918.238901,gemma-2-9b-it-Q4_K_M.gguf,5788.95,3.0455900000000002,0.0,0.0
1780410918.745742,gemma-2-9b-it-Q4_K_M.gguf,5788.95,3.36371,0.0,0.0
1780410919.2527392,gemma-2-9b-it-Q4_K_M.gguf,5788.95,3.36776,0.0,0.0
1780410919.7598221,gemma-2-9b-it-Q4_K_M.gguf,5788.95,3.03522,0.0,0.0
1780410920.266603,gemma-2-9b-it-Q4_K_M.gguf,5788.95,3.1744299999999996,0.0,0.0
1780410920.773941,gemma-2-9b-it-Q4_K_M.gguf,5788.95,3.0808899999999997,0.0,0.0
1780410921.280777,gemma-2-9b-it-Q4_K_M.gguf,5788.95,3.18692,0.0,0.0
1780410921.787989,gemma-2-9b-it-Q4_K_M.gguf,5788.95,3.33744,0.0,0.0
1780410922.295223,gemma-2-9b-it-Q4_K_M.gguf,5788.95,3.0821199999999997,0.0,0.0
1780410922.8020322,gemma-2-9b-it-Q4_K_M.gguf,5788.95,3.1789,0.0,0.0
1780410925.162882,gemma-2-9b-it-Q4_K_M.gguf,5767.45,3.43991,0.0,0.0
1780410925.669067,gemma-2-9b-it-Q4_K_M.gguf,5770.45,2.82811,0.0,0.0
1780410926.175628,gemma-2-9b-it-Q4_K_M.gguf,5770.45,3.76279,0.0,0.0
1780410926.682701,gemma-2-9b-it-Q4_K_M.gguf,5770.47,3.72627,0.0,0.0
1780410927.1900191,gemma-2-9b-it-Q4_K_M.gguf,5770.47,3.5594200000000003,0.0,0.0
1780410927.696776,gemma-2-9b-it-Q4_K_M.gguf,5770.47,3.26202,0.0,0.0
1780410928.204194,gemma-2-9b-it-Q4_K_M.gguf,5770.47,3.3392,0.0,0.0
1780410928.711402,gemma-2-9b-it-Q4_K_M.gguf,5770.47,3.0481700000000003,0.0,0.0
1780410929.21841,gemma-2-9b-it-Q4_K_M.gguf,5770.47,3.32902,0.0,0.0
1780410929.7254982,gemma-2-9b-it-Q4_K_M.gguf,5770.47,2.81463,0.0,0.0
1780410930.2322,gemma-2-9b-it-Q4_K_M.gguf,5770.47,3.19136,0.0,0.0
1780410930.740041,gemma-2-9b-it-Q4_K_M.gguf,5770.47,5.32563,0.0,0.0
1780410931.247156,gemma-2-9b-it-Q4_K_M.gguf,5770.47,3.0742,0.0,0.0
1780410931.7540128,gemma-2-9b-it-Q4_K_M.gguf,5770.47,2.8296300000000003,0.0,0.0
1780410932.2612102,gemma-2-9b-it-Q4_K_M.gguf,5770.45,3.1462399999999997,0.0,0.0
1780410932.7679749,gemma-2-9b-it-Q4_K_M.gguf,5770.45,3.15205,0.0,0.0
1780410933.275367,gemma-2-9b-it-Q4_K_M.gguf,5770.45,3.0964699999999996,0.0,0.0
1780410933.782323,gemma-2-9b-it-Q4_K_M.gguf,5770.45,3.13125,0.0,0.0
1780410934.289671,gemma-2-9b-it-Q4_K_M.gguf,5770.45,3.23469,0.0,0.0
1780410934.796739,gemma-2-9b-it-Q4_K_M.gguf,5770.45,3.24751,0.0,0.0
1780410935.3035362,gemma-2-9b-it-Q4_K_M.gguf,5770.45,3.06971,0.0,0.0
1780410935.811527,gemma-2-9b-it-Q4_K_M.gguf,5770.45,3.12082,0.0,0.0
1780410936.318177,gemma-2-9b-it-Q4_K_M.gguf,5770.45,3.34771,0.0,0.0
1780410936.8255942,gemma-2-9b-it-Q4_K_M.gguf,5770.45,3.28366,0.0,0.0
1780410937.3322072,gemma-2-9b-it-Q4_K_M.gguf,5770.45,3.35247,0.0,0.0
1780410937.839861,gemma-2-9b-it-Q4_K_M.gguf,5770.45,3.08343,0.0,0.0
1780410938.3467991,gemma-2-9b-it-Q4_K_M.gguf,5770.45,3.32835,0.0,0.0
1780410938.854027,gemma-2-9b-it-Q4_K_M.gguf,5770.45,3.2207800000000004,0.0,0.0
1780410939.360818,gemma-2-9b-it-Q4_K_M.gguf,5770.48,3.2791,0.0,0.0
1780410939.868176,gemma-2-9b-it-Q4_K_M.gguf,5770.48,3.17333,0.0,0.0
1780410940.375232,gemma-2-9b-it-Q4_K_M.gguf,5770.48,3.03329,0.0,0.0
1780410940.882248,gemma-2-9b-it-Q4_K_M.gguf,5770.48,3.0655900000000003,0.0,0.0
1780410941.3898199,gemma-2-9b-it-Q4_K_M.gguf,5770.48,3.17489,0.0,0.0
1780410941.896579,gemma-2-9b-it-Q4_K_M.gguf,5770.48,3.3668,0.0,0.0
1780410942.40349,gemma-2-9b-it-Q4_K_M.gguf,5770.48,3.12363,0.0,0.0
1780410942.910989,gemma-2-9b-it-Q4_K_M.gguf,5770.48,3.13812,0.0,0.0
1780410943.417588,gemma-2-9b-it-Q4_K_M.gguf,5770.48,3.18287,0.0,0.0
1780410943.925527,gemma-2-9b-it-Q4_K_M.gguf,5770.48,3.40021,0.0,0.0
1780410944.432946,gemma-2-9b-it-Q4_K_M.gguf,5770.48,3.2039,0.0,0.0
1780410944.9401999,gemma-2-9b-it-Q4_K_M.gguf,5770.48,3.1576,0.0,0.0
1780410945.44698,gemma-2-9b-it-Q4_K_M.gguf,5770.48,3.22011,0.0,0.0
1780410945.954188,gemma-2-9b-it-Q4_K_M.gguf,5770.48,2.99423,0.0,0.0
1780410946.4612238,gemma-2-9b-it-Q4_K_M.gguf,5770.48,3.3790999999999998,0.0,0.0
1780410946.967985,gemma-2-9b-it-Q4_K_M.gguf,5770.48,3.19787,0.0,0.0
1780410947.475348,gemma-2-9b-it-Q4_K_M.gguf,5770.48,3.2564,0.0,0.0
1780410947.9821508,gemma-2-9b-it-Q4_K_M.gguf,5770.48,3.1275500000000003,0.0,0.0
1780410948.489363,gemma-2-9b-it-Q4_K_M.gguf,5770.48,3.02381,0.0,0.0
1780410948.996385,gemma-2-9b-it-Q4_K_M.gguf,5770.48,3.27494,0.0,0.0
1780410949.503166,gemma-2-9b-it-Q4_K_M.gguf,5770.48,2.90871,0.0,0.0
1780410951.665676,gemma-2-9b-it-Q4_K_M.gguf,5780.84,3.6869,0.0,0.0
1780410952.171434,gemma-2-9b-it-Q4_K_M.gguf,5783.86,2.65728,0.0,0.0
1780410952.678064,gemma-2-9b-it-Q4_K_M.gguf,5783.94,3.26676,0.0,0.0
1780410953.184605,gemma-2-9b-it-Q4_K_M.gguf,5783.94,3.7349,0.0,0.0
1780410953.692213,gemma-2-9b-it-Q4_K_M.gguf,5783.94,3.22687,0.0,0.0
1780410954.1991098,gemma-2-9b-it-Q4_K_M.gguf,5783.94,3.27917,0.0,0.0
1780410954.706917,gemma-2-9b-it-Q4_K_M.gguf,5783.94,3.1493800000000003,0.0,0.0
1780410955.213886,gemma-2-9b-it-Q4_K_M.gguf,5783.94,3.32757,0.0,0.0
1780410955.721233,gemma-2-9b-it-Q4_K_M.gguf,5783.89,3.10407,0.0,0.0
1780410956.228276,gemma-2-9b-it-Q4_K_M.gguf,5783.89,3.46484,0.0,0.0
1780410956.735245,gemma-2-9b-it-Q4_K_M.gguf,5783.89,3.0831500000000003,0.0,0.0
1780410957.242513,gemma-2-9b-it-Q4_K_M.gguf,5783.89,2.89877,0.0,0.0
1780410957.749378,gemma-2-9b-it-Q4_K_M.gguf,5783.89,3.12363,0.0,0.0
1780410958.2569542,gemma-2-9b-it-Q4_K_M.gguf,5783.94,3.1128299999999998,0.0,0.0
1780410958.763802,gemma-2-9b-it-Q4_K_M.gguf,5783.94,2.98523,0.0,0.0
1780410959.271803,gemma-2-9b-it-Q4_K_M.gguf,5783.94,3.02727,0.0,0.0
1780410959.778317,gemma-2-9b-it-Q4_K_M.gguf,5783.94,3.1892300000000002,0.0,0.0
1780410960.285609,gemma-2-9b-it-Q4_K_M.gguf,5783.94,3.2891399999999997,0.0,0.0
1780410960.792035,gemma-2-9b-it-Q4_K_M.gguf,5783.94,2.94472,0.0,0.0
1780410961.2990541,gemma-2-9b-it-Q4_K_M.gguf,5783.94,3.16825,0.0,0.0
1780410961.806924,gemma-2-9b-it-Q4_K_M.gguf,5783.94,3.22293,0.0,0.0
1780410962.31375,gemma-2-9b-it-Q4_K_M.gguf,5783.94,3.02786,0.0,0.0
1780410962.820447,gemma-2-9b-it-Q4_K_M.gguf,5783.94,3.2715300000000003,0.0,0.0
1780410963.3281012,gemma-2-9b-it-Q4_K_M.gguf,5783.94,2.91313,0.0,0.0
1780410963.834982,gemma-2-9b-it-Q4_K_M.gguf,5783.94,3.3580900000000002,0.0,0.0
1780410964.3421571,gemma-2-9b-it-Q4_K_M.gguf,5783.94,2.94681,0.0,0.0
1780410964.8489769,gemma-2-9b-it-Q4_K_M.gguf,5783.94,3.09341,0.0,0.0
1780410965.356562,gemma-2-9b-it-Q4_K_M.gguf,5783.94,3.2395,0.0,0.0
1780410965.863339,gemma-2-9b-it-Q4_K_M.gguf,5783.94,3.37963,0.0,0.0
1780410966.370516,gemma-2-9b-it-Q4_K_M.gguf,5783.94,3.1197399999999997,0.0,0.0
1780410966.8780642,gemma-2-9b-it-Q4_K_M.gguf,5783.94,3.03405,0.0,0.0
1780410967.385201,gemma-2-9b-it-Q4_K_M.gguf,5783.95,3.1138600000000003,0.0,0.0
1780410967.892232,gemma-2-9b-it-Q4_K_M.gguf,5783.95,3.07667,0.0,0.0
1780410968.399431,gemma-2-9b-it-Q4_K_M.gguf,5783.95,3.1882800000000002,0.0,0.0
1780410968.90674,gemma-2-9b-it-Q4_K_M.gguf,5783.95,3.27052,0.0,0.0
1780410969.4139159,gemma-2-9b-it-Q4_K_M.gguf,5783.95,3.20967,0.0,0.0
1780410969.921483,gemma-2-9b-it-Q4_K_M.gguf,5783.95,3.1093200000000003,0.0,0.0
1780410970.4283981,gemma-2-9b-it-Q4_K_M.gguf,5783.95,3.09945,0.0,0.0
1780410970.9350998,gemma-2-9b-it-Q4_K_M.gguf,5783.95,3.20342,0.0,0.0
1780410971.442375,gemma-2-9b-it-Q4_K_M.gguf,5783.95,3.42521,0.0,0.0
1780410971.949291,gemma-2-9b-it-Q4_K_M.gguf,5783.95,3.18033,0.0,0.0
1780410972.456449,gemma-2-9b-it-Q4_K_M.gguf,5783.95,2.9540900000000003,0.0,0.0
1780410972.963048,gemma-2-9b-it-Q4_K_M.gguf,5783.95,3.43536,0.0,0.0
1780410973.470478,gemma-2-9b-it-Q4_K_M.gguf,5783.95,3.1285,0.0,0.0
1780410973.977411,gemma-2-9b-it-Q4_K_M.gguf,5783.95,3.22381,0.0,0.0
1780410974.484829,gemma-2-9b-it-Q4_K_M.gguf,5783.95,3.35514,0.0,0.0
1780410974.9918458,gemma-2-9b-it-Q4_K_M.gguf,5783.95,2.94083,0.0,0.0
1780410975.4993951,gemma-2-9b-it-Q4_K_M.gguf,5783.95,3.44974,0.0,0.0
1780410976.015439,gemma-2-9b-it-Q4_K_M.gguf,125.83,3.1437199999999996,0.0,0.0
1780410978.218177,gemma-2-9b-it-Q4_K_M.gguf,5774.34,4.60308,0.0,0.0
1780410978.7249768,gemma-2-9b-it-Q4_K_M.gguf,5774.36,2.5397399999999997,0.0,0.0
1780410979.231818,gemma-2-9b-it-Q4_K_M.gguf,5774.38,3.51457,0.0,0.0
1780410979.739313,gemma-2-9b-it-Q4_K_M.gguf,5774.39,3.43661,0.0,0.0
1780410980.245947,gemma-2-9b-it-Q4_K_M.gguf,5774.39,3.33861,0.0,0.0
1780410980.753641,gemma-2-9b-it-Q4_K_M.gguf,5774.39,3.28527,0.0,0.0
1780410981.260152,gemma-2-9b-it-Q4_K_M.gguf,5774.39,3.0290700000000004,0.0,0.0
1780410981.767712,gemma-2-9b-it-Q4_K_M.gguf,5774.39,3.28746,0.0,0.0
1780410982.274878,gemma-2-9b-it-Q4_K_M.gguf,5774.38,3.27743,0.0,0.0
1780410982.781929,gemma-2-9b-it-Q4_K_M.gguf,5774.38,3.14921,0.0,0.0
1780410983.288825,gemma-2-9b-it-Q4_K_M.gguf,5774.38,3.19643,0.0,0.0
1780410983.796042,gemma-2-9b-it-Q4_K_M.gguf,5774.38,3.12873,0.0,0.0
1780410984.303504,gemma-2-9b-it-Q4_K_M.gguf,5774.38,3.08048,0.0,0.0
1780410984.810347,gemma-2-9b-it-Q4_K_M.gguf,5774.38,3.0236199999999998,0.0,0.0
1780410985.3176,gemma-2-9b-it-Q4_K_M.gguf,5774.38,3.3085500000000003,0.0,0.0
1780410985.825527,gemma-2-9b-it-Q4_K_M.gguf,5774.38,2.95756,0.0,0.0
1780410986.3303208,gemma-2-9b-it-Q4_K_M.gguf,5774.38,3.5579,0.0,0.0
1780410986.837483,gemma-2-9b-it-Q4_K_M.gguf,5774.38,2.95706,0.0,0.0
1780410987.342933,gemma-2-9b-it-Q4_K_M.gguf,5774.38,3.2551300000000003,0.0,0.0
1780410987.849828,gemma-2-9b-it-Q4_K_M.gguf,5774.38,3.0717600000000003,0.0,0.0
1780410988.357363,gemma-2-9b-it-Q4_K_M.gguf,5774.38,3.2169899999999996,0.0,0.0
1780410988.86379,gemma-2-9b-it-Q4_K_M.gguf,5774.41,3.10544,0.0,0.0
1780410989.371381,gemma-2-9b-it-Q4_K_M.gguf,5774.41,3.3128200000000003,0.0,0.0
1780410989.878921,gemma-2-9b-it-Q4_K_M.gguf,5774.41,3.16735,0.0,0.0
1780410990.386058,gemma-2-9b-it-Q4_K_M.gguf,5774.41,3.44752,0.0,0.0
1780410990.893187,gemma-2-9b-it-Q4_K_M.gguf,5774.41,2.95287,0.0,0.0
1780410991.4004889,gemma-2-9b-it-Q4_K_M.gguf,5774.41,3.1544899999999996,0.0,0.0
1780410991.907688,gemma-2-9b-it-Q4_K_M.gguf,5774.41,3.0631,0.0,0.0
1780410992.414818,gemma-2-9b-it-Q4_K_M.gguf,5774.42,3.25317,0.0,0.0
1780410992.922085,gemma-2-9b-it-Q4_K_M.gguf,5774.42,3.09714,0.0,0.0
1780410993.428968,gemma-2-9b-it-Q4_K_M.gguf,5774.42,3.17937,0.0,0.0
1780410993.936071,gemma-2-9b-it-Q4_K_M.gguf,5774.44,3.47555,0.0,0.0
1780410994.443253,gemma-2-9b-it-Q4_K_M.gguf,5774.44,3.08002,0.0,0.0
1780410994.950057,gemma-2-9b-it-Q4_K_M.gguf,5774.44,3.24231,0.0,0.0
1780410995.4570072,gemma-2-9b-it-Q4_K_M.gguf,5774.44,3.3378,0.0,0.0
1780410995.9640372,gemma-2-9b-it-Q4_K_M.gguf,5774.44,3.02506,0.0,0.0
1780410996.470884,gemma-2-9b-it-Q4_K_M.gguf,5774.44,3.20577,0.0,0.0
1780410996.977864,gemma-2-9b-it-Q4_K_M.gguf,5774.44,3.35734,0.0,0.0
1780410997.484789,gemma-2-9b-it-Q4_K_M.gguf,5774.44,3.40736,0.0,0.0
1780410997.992131,gemma-2-9b-it-Q4_K_M.gguf,5774.44,2.9124,0.0,0.0
1780410998.498946,gemma-2-9b-it-Q4_K_M.gguf,5774.44,3.06977,0.0,0.0
1780410999.006592,gemma-2-9b-it-Q4_K_M.gguf,5774.44,3.19957,0.0,0.0
1780410999.513352,gemma-2-9b-it-Q4_K_M.gguf,5774.44,3.3562,0.0,0.0
1780411000.020511,gemma-2-9b-it-Q4_K_M.gguf,5774.44,3.0060700000000002,0.0,0.0
1780411000.527405,gemma-2-9b-it-Q4_K_M.gguf,5774.44,3.24485,0.0,0.0
1780411001.0343502,gemma-2-9b-it-Q4_K_M.gguf,5774.44,3.33892,0.0,0.0
1780411001.541356,gemma-2-9b-it-Q4_K_M.gguf,5774.44,3.03901,0.0,0.0
1780411002.0485508,gemma-2-9b-it-Q4_K_M.gguf,5774.44,3.15131,0.0,0.0
1780411004.334503,gemma-2-9b-it-Q4_K_M.gguf,5775.31,3.67519,0.0,0.0
1780411004.842271,gemma-2-9b-it-Q4_K_M.gguf,5778.3,2.39173,0.0,0.0
1780411005.3488069,gemma-2-9b-it-Q4_K_M.gguf,5778.31,3.08993,0.0,0.0
1780411005.855325,gemma-2-9b-it-Q4_K_M.gguf,5778.34,3.45806,0.0,0.0
1780411006.3629131,gemma-2-9b-it-Q4_K_M.gguf,5778.34,3.44249,0.0,0.0
1780411006.870272,gemma-2-9b-it-Q4_K_M.gguf,5778.34,3.39401,0.0,0.0
1780411007.3775702,gemma-2-9b-it-Q4_K_M.gguf,5778.34,3.4507,0.0,0.0
1780411007.8844328,gemma-2-9b-it-Q4_K_M.gguf,5778.34,3.53546,0.0,0.0
1780411008.392212,gemma-2-9b-it-Q4_K_M.gguf,5778.3,3.11513,0.0,0.0
1780411008.89904,gemma-2-9b-it-Q4_K_M.gguf,5778.3,3.08203,0.0,0.0
1780411009.4068632,gemma-2-9b-it-Q4_K_M.gguf,5778.3,3.16608,0.0,0.0
1780411009.913635,gemma-2-9b-it-Q4_K_M.gguf,5778.3,2.96979,0.0,0.0
1780411010.42097,gemma-2-9b-it-Q4_K_M.gguf,5778.3,3.3308400000000002,0.0,0.0
1780411010.927968,gemma-2-9b-it-Q4_K_M.gguf,5778.3,3.15613,0.0,0.0
1780411011.4348311,gemma-2-9b-it-Q4_K_M.gguf,5778.3,3.4116500000000003,0.0,0.0
1780411011.9423099,gemma-2-9b-it-Q4_K_M.gguf,5778.3,3.13064,0.0,0.0
1780411012.448732,gemma-2-9b-it-Q4_K_M.gguf,5778.31,3.16791,0.0,0.0
1780411012.956087,gemma-2-9b-it-Q4_K_M.gguf,5778.31,3.09227,0.0,0.0
1780411013.46341,gemma-2-9b-it-Q4_K_M.gguf,5778.31,3.03155,0.0,0.0
1780411013.9703739,gemma-2-9b-it-Q4_K_M.gguf,5778.31,2.9473000000000003,0.0,0.0
1780411014.4775,gemma-2-9b-it-Q4_K_M.gguf,5778.31,3.00338,0.0,0.0
1780411014.9841962,gemma-2-9b-it-Q4_K_M.gguf,5778.31,3.32706,0.0,0.0
1780411015.491315,gemma-2-9b-it-Q4_K_M.gguf,5778.31,3.45862,0.0,0.0
1780411015.9986129,gemma-2-9b-it-Q4_K_M.gguf,5778.31,3.37832,0.0,0.0
1780411016.50559,gemma-2-9b-it-Q4_K_M.gguf,5778.31,3.39708,0.0,0.0
1780411017.0125709,gemma-2-9b-it-Q4_K_M.gguf,5778.31,2.99932,0.0,0.0
1780411017.5196319,gemma-2-9b-it-Q4_K_M.gguf,5778.31,3.6595,0.0,0.0
1780411018.026984,gemma-2-9b-it-Q4_K_M.gguf,5778.31,2.9723800000000002,0.0,0.0
1780411018.534055,gemma-2-9b-it-Q4_K_M.gguf,5778.31,3.0775300000000003,0.0,0.0
1780411019.0418189,gemma-2-9b-it-Q4_K_M.gguf,5778.31,3.15975,0.0,0.0
1780411019.548356,gemma-2-9b-it-Q4_K_M.gguf,5778.31,3.26124,0.0,0.0
1780411020.055487,gemma-2-9b-it-Q4_K_M.gguf,5778.31,3.1455300000000004,0.0,0.0
1780411020.562407,gemma-2-9b-it-Q4_K_M.gguf,5778.31,3.39732,0.0,0.0
1780411021.069359,gemma-2-9b-it-Q4_K_M.gguf,5778.31,3.17496,0.0,0.0
1780411021.5764868,gemma-2-9b-it-Q4_K_M.gguf,5778.31,3.27996,0.0,0.0
1780411022.0837162,gemma-2-9b-it-Q4_K_M.gguf,5778.31,3.0381,0.0,0.0
1780411022.59081,gemma-2-9b-it-Q4_K_M.gguf,5778.31,3.17239,0.0,0.0
1780411023.0974212,gemma-2-9b-it-Q4_K_M.gguf,5778.31,3.171,0.0,0.0
1780411023.6044412,gemma-2-9b-it-Q4_K_M.gguf,5778.31,3.2403000000000004,0.0,0.0
1780411024.111742,gemma-2-9b-it-Q4_K_M.gguf,5778.31,3.19863,0.0,0.0
1780411024.6189692,gemma-2-9b-it-Q4_K_M.gguf,5778.31,3.0191999999999997,0.0,0.0
1780411025.126208,gemma-2-9b-it-Q4_K_M.gguf,5778.31,3.22938,0.0,0.0
1780411025.632849,gemma-2-9b-it-Q4_K_M.gguf,5778.31,3.23536,0.0,0.0
1780411026.139904,gemma-2-9b-it-Q4_K_M.gguf,5778.31,3.0143400000000002,0.0,0.0
1780411026.649121,gemma-2-9b-it-Q4_K_M.gguf,5778.31,3.17478,0.0,0.0
1780411027.154235,gemma-2-9b-it-Q4_K_M.gguf,5778.31,3.42947,0.0,0.0
1780411027.661673,gemma-2-9b-it-Q4_K_M.gguf,5778.31,3.50096,0.0,0.0
1780411028.1670668,gemma-2-9b-it-Q4_K_M.gguf,5778.31,2.78181,0.0,0.0
1780411028.674282,gemma-2-9b-it-Q4_K_M.gguf,5778.31,2.99225,0.0,0.0
1780411138.374649,gemma-2-9b-it-Q4_K_M.gguf,6264.27,7.1986300000000005,0.0,0.0
1780411138.881921,gemma-2-9b-it-Q4_K_M.gguf,6264.31,4.03514,0.0,0.0
1780411139.389035,gemma-2-9b-it-Q4_K_M.gguf,6264.33,3.3174,0.0,0.0
1780411139.895617,gemma-2-9b-it-Q4_K_M.gguf,6264.34,3.42598,0.0,0.0
1780411140.403959,gemma-2-9b-it-Q4_K_M.gguf,6264.36,3.19346,0.0,0.0
1780411140.909909,gemma-2-9b-it-Q4_K_M.gguf,6264.39,3.4164,0.0,0.0
1780411141.416777,gemma-2-9b-it-Q4_K_M.gguf,6264.41,3.35554,0.0,0.0
1780411141.924216,gemma-2-9b-it-Q4_K_M.gguf,6264.42,3.27799,0.0,0.0
1780411142.430757,gemma-2-9b-it-Q4_K_M.gguf,6264.41,3.24448,0.0,0.0
1780411142.938116,gemma-2-9b-it-Q4_K_M.gguf,6264.41,3.55171,0.0,0.0
1780411143.4446368,gemma-2-9b-it-Q4_K_M.gguf,6264.41,2.97904,0.0,0.0
1780411143.951676,gemma-2-9b-it-Q4_K_M.gguf,6264.41,3.58128,0.0,0.0
1780411144.459148,gemma-2-9b-it-Q4_K_M.gguf,6264.41,3.4426300000000003,0.0,0.0
1780411144.966124,gemma-2-9b-it-Q4_K_M.gguf,6264.41,3.4664200000000003,0.0,0.0
1780411145.4733498,gemma-2-9b-it-Q4_K_M.gguf,6264.42,3.12119,0.0,0.0
1780411145.980005,gemma-2-9b-it-Q4_K_M.gguf,6264.42,3.3231599999999997,0.0,0.0
1780411146.486856,gemma-2-9b-it-Q4_K_M.gguf,6264.42,3.5286500000000003,0.0,0.0
1780411146.99498,gemma-2-9b-it-Q4_K_M.gguf,6264.42,3.3479200000000002,0.0,0.0
1780411147.501001,gemma-2-9b-it-Q4_K_M.gguf,6264.42,3.4122399999999997,0.0,0.0
1780411148.008196,gemma-2-9b-it-Q4_K_M.gguf,6264.42,3.22802,0.0,0.0
1780411148.515247,gemma-2-9b-it-Q4_K_M.gguf,6264.42,3.35458,0.0,0.0
1780411149.022895,gemma-2-9b-it-Q4_K_M.gguf,6264.42,3.29332,0.0,0.0
1780411149.5295832,gemma-2-9b-it-Q4_K_M.gguf,6264.42,3.67532,0.0,0.0
1780411150.0366342,gemma-2-9b-it-Q4_K_M.gguf,6264.42,3.1904299999999997,0.0,0.0
1780411150.543757,gemma-2-9b-it-Q4_K_M.gguf,6264.42,3.40948,0.0,0.0
1780411151.0490282,gemma-2-9b-it-Q4_K_M.gguf,6264.42,3.30146,0.0,0.0
1780411151.556479,gemma-2-9b-it-Q4_K_M.gguf,6264.42,3.1683600000000003,0.0,0.0
1780411152.063256,gemma-2-9b-it-Q4_K_M.gguf,6264.44,3.29815,0.0,0.0
1780411152.570068,gemma-2-9b-it-Q4_K_M.gguf,6264.44,3.32379,0.0,0.0
1780411153.07745,gemma-2-9b-it-Q4_K_M.gguf,6264.45,3.38728,0.0,0.0
1780411153.5846689,gemma-2-9b-it-Q4_K_M.gguf,6264.45,3.40245,0.0,0.0
1780411154.091578,gemma-2-9b-it-Q4_K_M.gguf,6264.45,3.2507800000000002,0.0,0.0
1780411154.598305,gemma-2-9b-it-Q4_K_M.gguf,6264.45,3.40014,0.0,0.0
1780411155.105633,gemma-2-9b-it-Q4_K_M.gguf,6264.45,3.10571,0.0,0.0
1780411155.612656,gemma-2-9b-it-Q4_K_M.gguf,6264.45,3.4231599999999998,0.0,0.0
1780411156.119902,gemma-2-9b-it-Q4_K_M.gguf,6264.45,3.31881,0.0,0.0
1780411156.626454,gemma-2-9b-it-Q4_K_M.gguf,6264.45,3.18554,0.0,0.0
1780411157.133417,gemma-2-9b-it-Q4_K_M.gguf,6264.45,3.3431100000000002,0.0,0.0
1780411157.640427,gemma-2-9b-it-Q4_K_M.gguf,6264.45,3.24802,0.0,0.0
1780411158.14763,gemma-2-9b-it-Q4_K_M.gguf,6264.45,3.29761,0.0,0.0
1780411158.654978,gemma-2-9b-it-Q4_K_M.gguf,6264.45,3.37756,0.0,0.0
1780411159.1617239,gemma-2-9b-it-Q4_K_M.gguf,6264.45,3.18127,0.0,0.0
1780411159.668627,gemma-2-9b-it-Q4_K_M.gguf,6264.45,3.39993,0.0,0.0
1780411160.176297,gemma-2-9b-it-Q4_K_M.gguf,6264.45,3.15056,0.0,0.0
1780411160.683351,gemma-2-9b-it-Q4_K_M.gguf,6264.45,3.5647800000000003,0.0,0.0
1780411162.9763699,gemma-2-9b-it-Q4_K_M.gguf,6278.06,3.52652,0.0,0.0
1780411163.4827478,gemma-2-9b-it-Q4_K_M.gguf,6281.14,2.23429,0.0,0.0
1780411163.989402,gemma-2-9b-it-Q4_K_M.gguf,6281.16,3.35466,0.0,0.0
1780411164.496068,gemma-2-9b-it-Q4_K_M.gguf,6281.17,3.63489,0.0,0.0
1780411165.003066,gemma-2-9b-it-Q4_K_M.gguf,6281.19,3.49699,0.0,0.0
1780411165.511168,gemma-2-9b-it-Q4_K_M.gguf,6281.19,3.63,0.0,0.0
1780411166.017781,gemma-2-9b-it-Q4_K_M.gguf,6281.19,3.5840199999999998,0.0,0.0
1780411166.5250719,gemma-2-9b-it-Q4_K_M.gguf,6281.19,3.39102,0.0,0.0
1780411167.0329118,gemma-2-9b-it-Q4_K_M.gguf,6281.19,3.34212,0.0,0.0
1780411167.5396101,gemma-2-9b-it-Q4_K_M.gguf,6281.19,3.14086,0.0,0.0
1780411168.046443,gemma-2-9b-it-Q4_K_M.gguf,6281.19,3.0616,0.0,0.0
1780411168.5533419,gemma-2-9b-it-Q4_K_M.gguf,6281.19,3.18831,0.0,0.0
1780411169.060265,gemma-2-9b-it-Q4_K_M.gguf,6281.19,3.2565399999999998,0.0,0.0
1780411169.5674298,gemma-2-9b-it-Q4_K_M.gguf,6281.19,3.31458,0.0,0.0
1780411170.074684,gemma-2-9b-it-Q4_K_M.gguf,6281.19,3.3038600000000002,0.0,0.0
1780411170.581672,gemma-2-9b-it-Q4_K_M.gguf,6281.19,3.3553699999999997,0.0,0.0
1780411171.0888782,gemma-2-9b-it-Q4_K_M.gguf,6281.2,3.26896,0.0,0.0
1780411171.5958002,gemma-2-9b-it-Q4_K_M.gguf,6281.2,3.43045,0.0,0.0
1780411172.1028118,gemma-2-9b-it-Q4_K_M.gguf,6281.2,3.59511,0.0,0.0
1780411172.6097732,gemma-2-9b-it-Q4_K_M.gguf,6281.2,3.19496,0.0,0.0
1780411173.1166341,gemma-2-9b-it-Q4_K_M.gguf,6281.2,3.3865700000000003,0.0,0.0
1780411173.62378,gemma-2-9b-it-Q4_K_M.gguf,6281.2,3.1047399999999996,0.0,0.0
1780411174.1310358,gemma-2-9b-it-Q4_K_M.gguf,6281.2,3.13054,0.0,0.0
1780411174.638083,gemma-2-9b-it-Q4_K_M.gguf,6281.2,2.8610300000000004,0.0,0.0
1780411175.1448379,gemma-2-9b-it-Q4_K_M.gguf,6281.2,3.54333,0.0,0.0
1780411175.651527,gemma-2-9b-it-Q4_K_M.gguf,6281.2,3.4288499999999997,0.0,0.0
1780411176.1598022,gemma-2-9b-it-Q4_K_M.gguf,6281.2,3.15823,0.0,0.0
1780411176.6665668,gemma-2-9b-it-Q4_K_M.gguf,6281.2,3.38995,0.0,0.0
1780411177.173723,gemma-2-9b-it-Q4_K_M.gguf,6281.2,3.2444,0.0,0.0
1780411177.680771,gemma-2-9b-it-Q4_K_M.gguf,6281.2,3.4276,0.0,0.0
1780411178.1879559,gemma-2-9b-it-Q4_K_M.gguf,6281.2,3.30285,0.0,0.0
1780411178.6948018,gemma-2-9b-it-Q4_K_M.gguf,6281.22,3.25447,0.0,0.0
1780411179.2019799,gemma-2-9b-it-Q4_K_M.gguf,6281.23,3.2792600000000003,0.0,0.0
1780411179.7096498,gemma-2-9b-it-Q4_K_M.gguf,6281.23,2.9883,0.0,0.0
1780411180.216428,gemma-2-9b-it-Q4_K_M.gguf,6281.23,3.06498,0.0,0.0
1780411180.7237382,gemma-2-9b-it-Q4_K_M.gguf,6281.23,3.0145500000000003,0.0,0.0
1780411181.230819,gemma-2-9b-it-Q4_K_M.gguf,6281.23,3.32926,0.0,0.0
1780411181.737702,gemma-2-9b-it-Q4_K_M.gguf,6281.23,3.28002,0.0,0.0
1780411182.244839,gemma-2-9b-it-Q4_K_M.gguf,6281.23,3.17595,0.0,0.0
1780411182.7519119,gemma-2-9b-it-Q4_K_M.gguf,6281.23,3.32086,0.0,0.0
1780411183.2589319,gemma-2-9b-it-Q4_K_M.gguf,6281.23,3.4605,0.0,0.0
1780411183.766037,gemma-2-9b-it-Q4_K_M.gguf,6281.23,3.00089,0.0,0.0
1780411184.272993,gemma-2-9b-it-Q4_K_M.gguf,6281.23,3.32579,0.0,0.0
1780411184.7803662,gemma-2-9b-it-Q4_K_M.gguf,6281.23,3.4611799999999997,0.0,0.0
1780411185.2878542,gemma-2-9b-it-Q4_K_M.gguf,6281.23,3.59694,0.0,0.0
1780411185.7949739,gemma-2-9b-it-Q4_K_M.gguf,6281.23,2.83094,0.0,0.0
1780411186.3022048,gemma-2-9b-it-Q4_K_M.gguf,6281.23,2.89146,0.0,0.0
1780411186.816919,gemma-2-9b-it-Q4_K_M.gguf,119.06,3.43781,0.0,0.0
1780411188.968266,gemma-2-9b-it-Q4_K_M.gguf,6293.22,4.78721,0.0,0.0
1780411189.4749131,gemma-2-9b-it-Q4_K_M.gguf,6293.28,2.76972,0.0,0.0
1780411189.981778,gemma-2-9b-it-Q4_K_M.gguf,6293.3,3.3624899999999998,0.0,0.0
1780411190.48886,gemma-2-9b-it-Q4_K_M.gguf,6293.33,3.4018200000000003,0.0,0.0
1780411190.996279,gemma-2-9b-it-Q4_K_M.gguf,6293.33,3.34522,0.0,0.0
1780411191.5031092,gemma-2-9b-it-Q4_K_M.gguf,6293.34,3.2182,0.0,0.0
1780411192.010117,gemma-2-9b-it-Q4_K_M.gguf,6293.36,3.13142,0.0,0.0
1780411192.5169878,gemma-2-9b-it-Q4_K_M.gguf,6293.36,3.60278,0.0,0.0
1780411193.024617,gemma-2-9b-it-Q4_K_M.gguf,6293.36,3.10712,0.0,0.0
1780411193.531127,gemma-2-9b-it-Q4_K_M.gguf,6293.36,3.28165,0.0,0.0
1780411194.038599,gemma-2-9b-it-Q4_K_M.gguf,6293.36,3.37576,0.0,0.0
1780411194.546029,gemma-2-9b-it-Q4_K_M.gguf,6293.36,2.9293400000000003,0.0,0.0
1780411195.052929,gemma-2-9b-it-Q4_K_M.gguf,6293.36,3.08571,0.0,0.0
1780411195.5603871,gemma-2-9b-it-Q4_K_M.gguf,6293.36,3.31535,0.0,0.0
1780411196.067223,gemma-2-9b-it-Q4_K_M.gguf,6293.36,3.74094,0.0,0.0
1780411196.574477,gemma-2-9b-it-Q4_K_M.gguf,6293.36,3.0019400000000003,0.0,0.0
1780411197.081404,gemma-2-9b-it-Q4_K_M.gguf,6293.36,3.22636,0.0,0.0
1780411197.589086,gemma-2-9b-it-Q4_K_M.gguf,6293.36,3.09913,0.0,0.0
1780411198.095822,gemma-2-9b-it-Q4_K_M.gguf,6293.36,3.2882,0.0,0.0
1780411198.600906,gemma-2-9b-it-Q4_K_M.gguf,6293.36,3.327,0.0,0.0
1780411199.1086981,gemma-2-9b-it-Q4_K_M.gguf,6293.36,3.2543800000000003,0.0,0.0
1780411199.615294,gemma-2-9b-it-Q4_K_M.gguf,6293.36,3.0449,0.0,0.0
1780411200.1223419,gemma-2-9b-it-Q4_K_M.gguf,6293.36,3.1237,0.0,0.0
1780411200.629248,gemma-2-9b-it-Q4_K_M.gguf,6293.36,3.21935,0.0,0.0
1780411201.1360881,gemma-2-9b-it-Q4_K_M.gguf,6293.36,3.2407600000000003,0.0,0.0
1780411201.643234,gemma-2-9b-it-Q4_K_M.gguf,6293.36,3.27648,0.0,0.0
1780411202.150354,gemma-2-9b-it-Q4_K_M.gguf,6293.36,3.24187,0.0,0.0
1780411202.657454,gemma-2-9b-it-Q4_K_M.gguf,6293.36,3.33903,0.0,0.0
1780411203.164486,gemma-2-9b-it-Q4_K_M.gguf,6293.36,3.1488899999999997,0.0,0.0
1780411203.671787,gemma-2-9b-it-Q4_K_M.gguf,6293.36,3.26894,0.0,0.0
1780411204.1790469,gemma-2-9b-it-Q4_K_M.gguf,6293.36,3.00035,0.0,0.0
1780411204.6858501,gemma-2-9b-it-Q4_K_M.gguf,6293.38,3.27694,0.0,0.0
1780411205.194334,gemma-2-9b-it-Q4_K_M.gguf,6293.38,3.15146,0.0,0.0
1780411205.70069,gemma-2-9b-it-Q4_K_M.gguf,6293.38,3.3360700000000003,0.0,0.0
1780411206.207884,gemma-2-9b-it-Q4_K_M.gguf,6293.38,3.03719,0.0,0.0
1780411206.714307,gemma-2-9b-it-Q4_K_M.gguf,6293.38,3.3264899999999997,0.0,0.0
1780411207.221535,gemma-2-9b-it-Q4_K_M.gguf,6293.38,3.03816,0.0,0.0
1780411207.728213,gemma-2-9b-it-Q4_K_M.gguf,6293.38,3.11758,0.0,0.0
1780411208.23502,gemma-2-9b-it-Q4_K_M.gguf,6293.38,3.26549,0.0,0.0
1780411208.7428858,gemma-2-9b-it-Q4_K_M.gguf,6293.38,4.35568,0.0,0.0
1780411209.249826,gemma-2-9b-it-Q4_K_M.gguf,6293.38,3.3588299999999998,0.0,0.0
1780411209.7569852,gemma-2-9b-it-Q4_K_M.gguf,6293.38,2.7348000000000003,0.0,0.0
1780411210.264132,gemma-2-9b-it-Q4_K_M.gguf,6293.38,3.01666,0.0,0.0
1780411210.771302,gemma-2-9b-it-Q4_K_M.gguf,6293.38,3.2688699999999997,0.0,0.0
1780411211.278642,gemma-2-9b-it-Q4_K_M.gguf,6293.38,3.27176,0.0,0.0
1780411211.7856262,gemma-2-9b-it-Q4_K_M.gguf,6293.38,3.16066,0.0,0.0
1780411212.292577,gemma-2-9b-it-Q4_K_M.gguf,6293.38,3.08896,0.0,0.0
1780411212.7996979,gemma-2-9b-it-Q4_K_M.gguf,6293.38,3.2305900000000003,0.0,0.0
1780411213.3088472,gemma-2-9b-it-Q4_K_M.gguf,131.23,3.25109,0.0,0.0
1780411215.549509,gemma-2-9b-it-Q4_K_M.gguf,6282.34,4.7556899999999995,0.0,0.0
1780411216.056535,gemma-2-9b-it-Q4_K_M.gguf,6282.36,2.73759,0.0,0.0
1780411216.5629902,gemma-2-9b-it-Q4_K_M.gguf,6282.38,3.1855599999999997,0.0,0.0
1780411217.070118,gemma-2-9b-it-Q4_K_M.gguf,6282.38,3.75098,0.0,0.0
1780411217.5771258,gemma-2-9b-it-Q4_K_M.gguf,6282.38,3.4241599999999996,0.0,0.0
1780411218.0842571,gemma-2-9b-it-Q4_K_M.gguf,6282.39,3.1297800000000002,0.0,0.0
1780411218.590998,gemma-2-9b-it-Q4_K_M.gguf,6282.41,3.1005,0.0,0.0
1780411219.098463,gemma-2-9b-it-Q4_K_M.gguf,6282.44,3.88339,0.0,0.0
1780411219.605762,gemma-2-9b-it-Q4_K_M.gguf,6282.47,3.03282,0.0,0.0
1780411220.112851,gemma-2-9b-it-Q4_K_M.gguf,6282.48,2.85852,0.0,0.0
1780411220.619691,gemma-2-9b-it-Q4_K_M.gguf,6282.5,3.10579,0.0,0.0
1780411221.12735,gemma-2-9b-it-Q4_K_M.gguf,6282.5,3.25673,0.0,0.0
1780411221.634033,gemma-2-9b-it-Q4_K_M.gguf,6282.5,3.17438,0.0,0.0
1780411222.141384,gemma-2-9b-it-Q4_K_M.gguf,6282.5,3.02723,0.0,0.0
1780411222.648533,gemma-2-9b-it-Q4_K_M.gguf,6282.5,3.46985,0.0,0.0
1780411223.15655,gemma-2-9b-it-Q4_K_M.gguf,6282.5,2.95576,0.0,0.0
1780411223.6616058,gemma-2-9b-it-Q4_K_M.gguf,6282.5,3.11879,0.0,0.0
1780411224.169183,gemma-2-9b-it-Q4_K_M.gguf,6282.5,2.94938,0.0,0.0
1780411224.676086,gemma-2-9b-it-Q4_K_M.gguf,6282.5,3.19072,0.0,0.0
1780411225.183164,gemma-2-9b-it-Q4_K_M.gguf,6282.5,3.4808499999999998,0.0,0.0
1780411225.694294,gemma-2-9b-it-Q4_K_M.gguf,6282.5,3.27512,0.0,0.0
1780411226.200673,gemma-2-9b-it-Q4_K_M.gguf,6282.5,3.0852600000000003,0.0,0.0
1780411226.707608,gemma-2-9b-it-Q4_K_M.gguf,6282.5,3.01959,0.0,0.0
1780411227.215282,gemma-2-9b-it-Q4_K_M.gguf,6282.5,2.99034,0.0,0.0
1780411227.721558,gemma-2-9b-it-Q4_K_M.gguf,6282.5,3.21381,0.0,0.0
1780411228.228718,gemma-2-9b-it-Q4_K_M.gguf,6282.5,3.2042100000000002,0.0,0.0
1780411228.735819,gemma-2-9b-it-Q4_K_M.gguf,6282.5,3.41881,0.0,0.0
1780411229.243058,gemma-2-9b-it-Q4_K_M.gguf,6282.5,3.4864499999999996,0.0,0.0
1780411229.74972,gemma-2-9b-it-Q4_K_M.gguf,6282.5,3.05053,0.0,0.0
1780411230.257232,gemma-2-9b-it-Q4_K_M.gguf,6282.5,3.07831,0.0,0.0
1780411230.764011,gemma-2-9b-it-Q4_K_M.gguf,6282.5,2.91011,0.0,0.0
1780411231.271137,gemma-2-9b-it-Q4_K_M.gguf,6282.5,3.12638,0.0,0.0
1780411231.778671,gemma-2-9b-it-Q4_K_M.gguf,6282.5,3.22176,0.0,0.0
1780411232.2857568,gemma-2-9b-it-Q4_K_M.gguf,6282.5,3.41278,0.0,0.0
1780411232.793494,gemma-2-9b-it-Q4_K_M.gguf,6282.5,3.13049,0.0,0.0
1780411233.300437,gemma-2-9b-it-Q4_K_M.gguf,6282.56,3.2936900000000002,0.0,0.0
1780411233.807606,gemma-2-9b-it-Q4_K_M.gguf,6282.56,3.24624,0.0,0.0
1780411234.314891,gemma-2-9b-it-Q4_K_M.gguf,6282.56,3.1837600000000004,0.0,0.0
1780411234.8224928,gemma-2-9b-it-Q4_K_M.gguf,6282.56,3.32307,0.0,0.0
1780411235.329153,gemma-2-9b-it-Q4_K_M.gguf,6282.56,3.09814,0.0,0.0
1780411235.835854,gemma-2-9b-it-Q4_K_M.gguf,6282.58,3.1269899999999997,0.0,0.0
1780411236.343315,gemma-2-9b-it-Q4_K_M.gguf,6282.58,3.03368,0.0,0.0
1780411236.850275,gemma-2-9b-it-Q4_K_M.gguf,6282.58,3.05481,0.0,0.0
1780411237.3576581,gemma-2-9b-it-Q4_K_M.gguf,6282.58,3.38985,0.0,0.0
1780411237.864896,gemma-2-9b-it-Q4_K_M.gguf,6282.58,3.16363,0.0,0.0
1780411238.3723059,gemma-2-9b-it-Q4_K_M.gguf,6282.58,3.25877,0.0,0.0
1780411238.879592,gemma-2-9b-it-Q4_K_M.gguf,6282.58,3.04884,0.0,0.0
1780411239.3865001,gemma-2-9b-it-Q4_K_M.gguf,6282.58,3.1074200000000003,0.0,0.0
1780411239.8942158,gemma-2-9b-it-Q4_K_M.gguf,4718.61,3.2135599999999998,0.0,0.0
1780411242.115256,gemma-2-9b-it-Q4_K_M.gguf,6282.17,4.16221,0.0,0.0
1780411242.622715,gemma-2-9b-it-Q4_K_M.gguf,6285.25,2.43891,0.0,0.0
1780411243.12921,gemma-2-9b-it-Q4_K_M.gguf,6285.25,2.9274299999999998,0.0,0.0
1780411243.636278,gemma-2-9b-it-Q4_K_M.gguf,6285.25,3.6165,0.0,0.0
1780411244.143573,gemma-2-9b-it-Q4_K_M.gguf,6285.25,3.47841,0.0,0.0
1780411244.650631,gemma-2-9b-it-Q4_K_M.gguf,6285.25,3.4865399999999998,0.0,0.0
1780411245.157696,gemma-2-9b-it-Q4_K_M.gguf,6285.25,3.12076,0.0,0.0
1780411245.6650019,gemma-2-9b-it-Q4_K_M.gguf,6285.25,3.35837,0.0,0.0
1780411246.172508,gemma-2-9b-it-Q4_K_M.gguf,6285.23,3.0932399999999998,0.0,0.0
1780411246.6792161,gemma-2-9b-it-Q4_K_M.gguf,6285.23,3.30317,0.0,0.0
1780411247.1859179,gemma-2-9b-it-Q4_K_M.gguf,6285.23,2.86313,0.0,0.0
1780411247.693048,gemma-2-9b-it-Q4_K_M.gguf,6285.23,3.0963600000000002,0.0,0.0
1780411248.199905,gemma-2-9b-it-Q4_K_M.gguf,6285.23,3.60141,0.0,0.0
1780411248.7077692,gemma-2-9b-it-Q4_K_M.gguf,6285.23,3.08654,0.0,0.0
1780411249.2146811,gemma-2-9b-it-Q4_K_M.gguf,6285.23,2.9564899999999996,0.0,0.0
1780411249.721419,gemma-2-9b-it-Q4_K_M.gguf,6285.25,3.2928800000000003,0.0,0.0
1780411250.228535,gemma-2-9b-it-Q4_K_M.gguf,6285.25,3.11968,0.0,0.0
1780411250.7353659,gemma-2-9b-it-Q4_K_M.gguf,6285.25,3.20039,0.0,0.0
1780411251.242944,gemma-2-9b-it-Q4_K_M.gguf,6285.25,3.1059099999999997,0.0,0.0
1780411251.749481,gemma-2-9b-it-Q4_K_M.gguf,6285.27,3.04083,0.0,0.0
1780411252.256704,gemma-2-9b-it-Q4_K_M.gguf,6285.27,3.3929,0.0,0.0
1780411252.7638881,gemma-2-9b-it-Q4_K_M.gguf,6285.27,3.37281,0.0,0.0
1780411253.2705789,gemma-2-9b-it-Q4_K_M.gguf,6285.27,3.16928,0.0,0.0
1780411253.777695,gemma-2-9b-it-Q4_K_M.gguf,6285.27,3.02671,0.0,0.0
1780411254.284705,gemma-2-9b-it-Q4_K_M.gguf,6285.27,2.9611300000000003,0.0,0.0
1780411254.792712,gemma-2-9b-it-Q4_K_M.gguf,6285.27,2.94315,0.0,0.0
1780411255.2990122,gemma-2-9b-it-Q4_K_M.gguf,6285.27,3.3241799999999997,0.0,0.0
1780411255.806457,gemma-2-9b-it-Q4_K_M.gguf,6285.27,3.43072,0.0,0.0
1780411256.3137448,gemma-2-9b-it-Q4_K_M.gguf,6285.27,3.4104099999999997,0.0,0.0
1780411256.82053,gemma-2-9b-it-Q4_K_M.gguf,6285.27,3.1449499999999997,0.0,0.0
1780411257.3277051,gemma-2-9b-it-Q4_K_M.gguf,6285.27,3.29157,0.0,0.0
1780411257.834261,gemma-2-9b-it-Q4_K_M.gguf,6285.27,3.13921,0.0,0.0
1780411258.341672,gemma-2-9b-it-Q4_K_M.gguf,6285.27,3.0060700000000002,0.0,0.0
1780411258.8484569,gemma-2-9b-it-Q4_K_M.gguf,6285.27,3.12217,0.0,0.0
1780411259.355257,gemma-2-9b-it-Q4_K_M.gguf,6285.27,3.19875,0.0,0.0
1780411259.862366,gemma-2-9b-it-Q4_K_M.gguf,6285.27,3.30592,0.0,0.0
1780411260.3691142,gemma-2-9b-it-Q4_K_M.gguf,6285.27,3.32125,0.0,0.0
1780411260.8766248,gemma-2-9b-it-Q4_K_M.gguf,6285.27,3.07985,0.0,0.0
1780411261.383404,gemma-2-9b-it-Q4_K_M.gguf,6285.27,3.21978,0.0,0.0
1780411261.890632,gemma-2-9b-it-Q4_K_M.gguf,6285.28,3.25236,0.0,0.0
1780411262.39786,gemma-2-9b-it-Q4_K_M.gguf,6285.28,3.04608,0.0,0.0
1780411262.905152,gemma-2-9b-it-Q4_K_M.gguf,6285.28,3.25764,0.0,0.0
1780411263.412214,gemma-2-9b-it-Q4_K_M.gguf,6285.28,3.1806300000000003,0.0,0.0
1780411263.9185832,gemma-2-9b-it-Q4_K_M.gguf,6285.28,3.41779,0.0,0.0
1780411264.4264472,gemma-2-9b-it-Q4_K_M.gguf,6285.28,2.95171,0.0,0.0
1780411264.9328902,gemma-2-9b-it-Q4_K_M.gguf,6285.28,3.21103,0.0,0.0
1780411265.439876,gemma-2-9b-it-Q4_K_M.gguf,6285.28,3.1161399999999997,0.0,0.0
1780411265.9470239,gemma-2-9b-it-Q4_K_M.gguf,6285.28,3.1694400000000003,0.0,0.0
1780411266.4541922,gemma-2-9b-it-Q4_K_M.gguf,123.11,3.29479,0.0,0.0
1780411268.712415,gemma-2-9b-it-Q4_K_M.gguf,6269.2,4.62938,0.0,0.0
1780411269.219397,gemma-2-9b-it-Q4_K_M.gguf,6272.2,3.10339,0.0,0.0
1780411269.726206,gemma-2-9b-it-Q4_K_M.gguf,6272.22,3.30564,0.0,0.0
1780411270.232954,gemma-2-9b-it-Q4_K_M.gguf,6272.23,3.43731,0.0,0.0
1780411270.7402189,gemma-2-9b-it-Q4_K_M.gguf,6272.23,2.8494099999999998,0.0,0.0
1780411271.247162,gemma-2-9b-it-Q4_K_M.gguf,6272.23,3.21508,0.0,0.0
1780411271.754206,gemma-2-9b-it-Q4_K_M.gguf,6272.23,3.41304,0.0,0.0
1780411272.261326,gemma-2-9b-it-Q4_K_M.gguf,6272.23,3.25715,0.0,0.0
1780411272.7684522,gemma-2-9b-it-Q4_K_M.gguf,6272.22,3.34627,0.0,0.0
1780411273.275489,gemma-2-9b-it-Q4_K_M.gguf,6272.22,3.02468,0.0,0.0
1780411273.7811499,gemma-2-9b-it-Q4_K_M.gguf,6272.22,3.36444,0.0,0.0
1780411274.2883599,gemma-2-9b-it-Q4_K_M.gguf,6272.23,3.11321,0.0,0.0
1780411274.795192,gemma-2-9b-it-Q4_K_M.gguf,6272.23,3.06222,0.0,0.0
1780411275.302324,gemma-2-9b-it-Q4_K_M.gguf,6272.23,3.4039699999999997,0.0,0.0
1780411275.8094149,gemma-2-9b-it-Q4_K_M.gguf,6272.25,3.08687,0.0,0.0
1780411276.316556,gemma-2-9b-it-Q4_K_M.gguf,6272.27,3.43147,0.0,0.0
1780411276.823173,gemma-2-9b-it-Q4_K_M.gguf,6272.27,3.16816,0.0,0.0
1780411277.330286,gemma-2-9b-it-Q4_K_M.gguf,6272.27,3.24478,0.0,0.0
1780411277.83667,gemma-2-9b-it-Q4_K_M.gguf,6272.27,3.88579,0.0,0.0
1780411278.3441868,gemma-2-9b-it-Q4_K_M.gguf,6272.27,3.11923,0.0,0.0
1780411278.850754,gemma-2-9b-it-Q4_K_M.gguf,6272.27,2.94598,0.0,0.0
1780411279.357973,gemma-2-9b-it-Q4_K_M.gguf,6272.27,3.1726,0.0,0.0
1780411279.864822,gemma-2-9b-it-Q4_K_M.gguf,6272.27,2.96344,0.0,0.0
1780411280.3721,gemma-2-9b-it-Q4_K_M.gguf,6272.27,2.9701,0.0,0.0
1780411280.879447,gemma-2-9b-it-Q4_K_M.gguf,6272.27,3.2069699999999997,0.0,0.0
1780411281.3865101,gemma-2-9b-it-Q4_K_M.gguf,6272.27,3.20844,0.0,0.0
1780411281.8935602,gemma-2-9b-it-Q4_K_M.gguf,6272.27,3.29527,0.0,0.0
1780411282.400491,gemma-2-9b-it-Q4_K_M.gguf,6272.27,3.70684,0.0,0.0
1780411282.9075148,gemma-2-9b-it-Q4_K_M.gguf,6272.27,2.97128,0.0,0.0
1780411283.414577,gemma-2-9b-it-Q4_K_M.gguf,6272.27,3.08988,0.0,0.0
1780411283.92242,gemma-2-9b-it-Q4_K_M.gguf,6272.27,3.22373,0.0,0.0
1780411284.428965,gemma-2-9b-it-Q4_K_M.gguf,6272.28,3.2086799999999998,0.0,0.0
1780411284.936065,gemma-2-9b-it-Q4_K_M.gguf,6272.28,2.98003,0.0,0.0
1780411285.4427671,gemma-2-9b-it-Q4_K_M.gguf,6272.28,3.2705300000000004,0.0,0.0
1780411285.949717,gemma-2-9b-it-Q4_K_M.gguf,6272.28,3.3386199999999997,0.0,0.0
1780411286.456355,gemma-2-9b-it-Q4_K_M.gguf,6272.28,3.2649,0.0,0.0
1780411286.963299,gemma-2-9b-it-Q4_K_M.gguf,6272.28,3.22856,0.0,0.0
1780411287.4701,gemma-2-9b-it-Q4_K_M.gguf,6272.28,3.37713,0.0,0.0
1780411287.9773388,gemma-2-9b-it-Q4_K_M.gguf,6272.28,3.1734,0.0,0.0
1780411288.484013,gemma-2-9b-it-Q4_K_M.gguf,6272.28,3.21372,0.0,0.0
1780411288.9913092,gemma-2-9b-it-Q4_K_M.gguf,6272.28,3.16767,0.0,0.0
1780411289.498076,gemma-2-9b-it-Q4_K_M.gguf,6272.28,2.979,0.0,0.0
1780411290.005172,gemma-2-9b-it-Q4_K_M.gguf,6272.28,3.17063,0.0,0.0
1780411290.5131211,gemma-2-9b-it-Q4_K_M.gguf,6272.28,3.25706,0.0,0.0
1780411291.0201228,gemma-2-9b-it-Q4_K_M.gguf,6272.3,3.16107,0.0,0.0
1780411291.5271611,gemma-2-9b-it-Q4_K_M.gguf,6272.33,3.25235,0.0,0.0
1780411292.034106,gemma-2-9b-it-Q4_K_M.gguf,6272.33,3.40323,0.0,0.0
1780411292.541514,gemma-2-9b-it-Q4_K_M.gguf,6272.33,3.1401,0.0,0.0
1780411293.048322,gemma-2-9b-it-Q4_K_M.gguf,6272.33,3.34634,0.0,0.0
1780411295.319625,gemma-2-9b-it-Q4_K_M.gguf,6278.67,4.3312,0.0,0.0
1780411295.826596,gemma-2-9b-it-Q4_K_M.gguf,6278.73,2.3996999999999997,0.0,0.0
1780411296.3333561,gemma-2-9b-it-Q4_K_M.gguf,6278.75,3.03655,0.0,0.0
1780411296.840819,gemma-2-9b-it-Q4_K_M.gguf,6278.75,3.4632899999999998,0.0,0.0
1780411297.3477812,gemma-2-9b-it-Q4_K_M.gguf,6278.75,3.6259099999999997,0.0,0.0
1780411297.8553758,gemma-2-9b-it-Q4_K_M.gguf,6278.75,3.28952,0.0,0.0
1780411298.36304,gemma-2-9b-it-Q4_K_M.gguf,6278.75,3.1390700000000002,0.0,0.0
1780411298.870165,gemma-2-9b-it-Q4_K_M.gguf,6278.75,3.1093200000000003,0.0,0.0
1780411299.3770711,gemma-2-9b-it-Q4_K_M.gguf,6278.75,3.36506,0.0,0.0
1780411299.8841002,gemma-2-9b-it-Q4_K_M.gguf,6278.75,3.32471,0.0,0.0
1780411300.391681,gemma-2-9b-it-Q4_K_M.gguf,6278.75,2.99645,0.0,0.0
1780411300.89854,gemma-2-9b-it-Q4_K_M.gguf,6278.75,3.29062,0.0,0.0
1780411301.4053261,gemma-2-9b-it-Q4_K_M.gguf,6278.75,3.2561199999999997,0.0,0.0
1780411301.913156,gemma-2-9b-it-Q4_K_M.gguf,6278.75,3.5169200000000003,0.0,0.0
1780411302.41988,gemma-2-9b-it-Q4_K_M.gguf,6278.75,3.0696,0.0,0.0
1780411302.9270122,gemma-2-9b-it-Q4_K_M.gguf,6278.75,3.27731,0.0,0.0
1780411303.43313,gemma-2-9b-it-Q4_K_M.gguf,6278.75,3.0150300000000003,0.0,0.0
1780411303.939955,gemma-2-9b-it-Q4_K_M.gguf,6278.75,3.20277,0.0,0.0
1780411304.447008,gemma-2-9b-it-Q4_K_M.gguf,6278.75,3.29935,0.0,0.0
1780411304.954068,gemma-2-9b-it-Q4_K_M.gguf,6278.75,3.2199299999999997,0.0,0.0
1780411305.462114,gemma-2-9b-it-Q4_K_M.gguf,6278.75,3.25592,0.0,0.0
1780411305.9684522,gemma-2-9b-it-Q4_K_M.gguf,6278.75,3.08588,0.0,0.0
1780411306.4758599,gemma-2-9b-it-Q4_K_M.gguf,6278.75,3.2839899999999997,0.0,0.0
1780411306.98294,gemma-2-9b-it-Q4_K_M.gguf,6278.75,2.92261,0.0,0.0
1780411307.4900868,gemma-2-9b-it-Q4_K_M.gguf,6278.75,3.10876,0.0,0.0
1780411307.99683,gemma-2-9b-it-Q4_K_M.gguf,6278.75,3.27098,0.0,0.0
1780411308.503805,gemma-2-9b-it-Q4_K_M.gguf,6278.75,3.52334,0.0,0.0
1780411309.009506,gemma-2-9b-it-Q4_K_M.gguf,6278.75,3.05918,0.0,0.0
1780411309.516206,gemma-2-9b-it-Q4_K_M.gguf,6278.75,3.23396,0.0,0.0
1780411310.0235252,gemma-2-9b-it-Q4_K_M.gguf,6278.75,3.21744,0.0,0.0
1780411310.53052,gemma-2-9b-it-Q4_K_M.gguf,6278.75,2.8881900000000003,0.0,0.0
1780411311.0375621,gemma-2-9b-it-Q4_K_M.gguf,6278.75,3.2051999999999996,0.0,0.0
1780411311.544977,gemma-2-9b-it-Q4_K_M.gguf,6278.75,2.9412399999999996,0.0,0.0
1780411312.052108,gemma-2-9b-it-Q4_K_M.gguf,6278.75,3.1975700000000002,0.0,0.0
1780411312.5593228,gemma-2-9b-it-Q4_K_M.gguf,6278.75,3.2636700000000003,0.0,0.0
1780411313.066313,gemma-2-9b-it-Q4_K_M.gguf,6278.75,3.38191,0.0,0.0
1780411313.573109,gemma-2-9b-it-Q4_K_M.gguf,6278.75,3.18504,0.0,0.0
1780411314.080101,gemma-2-9b-it-Q4_K_M.gguf,6278.75,3.10823,0.0,0.0
1780411314.587449,gemma-2-9b-it-Q4_K_M.gguf,6278.75,3.37529,0.0,0.0
1780411315.093947,gemma-2-9b-it-Q4_K_M.gguf,6278.8,3.10797,0.0,0.0
1780411315.600466,gemma-2-9b-it-Q4_K_M.gguf,6278.8,3.40304,0.0,0.0
1780411316.10779,gemma-2-9b-it-Q4_K_M.gguf,6278.8,3.5326999999999997,0.0,0.0
1780411316.614892,gemma-2-9b-it-Q4_K_M.gguf,6278.8,3.234,0.0,0.0
1780411317.123586,gemma-2-9b-it-Q4_K_M.gguf,116.66,3.1875999999999998,0.0,0.0
1780411319.3681989,gemma-2-9b-it-Q4_K_M.gguf,6282.55,4.62633,0.0,0.0
1780411319.8747141,gemma-2-9b-it-Q4_K_M.gguf,6285.53,2.7279,0.0,0.0
1780411320.3815308,gemma-2-9b-it-Q4_K_M.gguf,6285.53,3.48958,0.0,0.0
1780411320.8885381,gemma-2-9b-it-Q4_K_M.gguf,6285.53,3.59404,0.0,0.0
1780411321.395652,gemma-2-9b-it-Q4_K_M.gguf,6285.53,3.15492,0.0,0.0
1780411321.902427,gemma-2-9b-it-Q4_K_M.gguf,6285.53,3.42482,0.0,0.0
1780411322.410207,gemma-2-9b-it-Q4_K_M.gguf,6285.53,3.28795,0.0,0.0
1780411322.916907,gemma-2-9b-it-Q4_K_M.gguf,6285.56,3.08176,0.0,0.0
1780411323.4240692,gemma-2-9b-it-Q4_K_M.gguf,6285.55,3.1296500000000003,0.0,0.0
1780411323.9311502,gemma-2-9b-it-Q4_K_M.gguf,6285.55,2.9416100000000003,0.0,0.0
1780411324.4383712,gemma-2-9b-it-Q4_K_M.gguf,6285.55,3.18859,0.0,0.0
1780411324.945533,gemma-2-9b-it-Q4_K_M.gguf,6285.55,3.1075,0.0,0.0
1780411325.452853,gemma-2-9b-it-Q4_K_M.gguf,6285.55,3.2185799999999998,0.0,0.0
1780411325.959916,gemma-2-9b-it-Q4_K_M.gguf,6285.55,3.26635,0.0,0.0
1780411326.466559,gemma-2-9b-it-Q4_K_M.gguf,6285.55,3.2696300000000003,0.0,0.0
1780411326.9741051,gemma-2-9b-it-Q4_K_M.gguf,6285.55,3.30627,0.0,0.0
1780411327.481353,gemma-2-9b-it-Q4_K_M.gguf,6285.56,3.76453,0.0,0.0
1780411327.987975,gemma-2-9b-it-Q4_K_M.gguf,6285.56,3.16053,0.0,0.0
1780411328.4950762,gemma-2-9b-it-Q4_K_M.gguf,6285.56,2.87247,0.0,0.0
1780411329.002057,gemma-2-9b-it-Q4_K_M.gguf,6285.56,3.09933,0.0,0.0
1780411329.509593,gemma-2-9b-it-Q4_K_M.gguf,6285.58,3.06944,0.0,0.0
1780411330.0166678,gemma-2-9b-it-Q4_K_M.gguf,6285.58,3.26373,0.0,0.0
1780411330.5236108,gemma-2-9b-it-Q4_K_M.gguf,6285.58,3.38451,0.0,0.0
1780411331.0305972,gemma-2-9b-it-Q4_K_M.gguf,6285.58,3.18423,0.0,0.0
1780411331.537554,gemma-2-9b-it-Q4_K_M.gguf,6285.58,3.11,0.0,0.0
1780411332.0450492,gemma-2-9b-it-Q4_K_M.gguf,6285.58,3.0912100000000002,0.0,0.0
1780411332.551723,gemma-2-9b-it-Q4_K_M.gguf,6285.58,3.1683600000000003,0.0,0.0
1780411333.059031,gemma-2-9b-it-Q4_K_M.gguf,6285.58,3.0437600000000002,0.0,0.0
1780411333.565962,gemma-2-9b-it-Q4_K_M.gguf,6285.59,3.31501,0.0,0.0
1780411334.072978,gemma-2-9b-it-Q4_K_M.gguf,6285.59,3.44787,0.0,0.0
1780411334.579993,gemma-2-9b-it-Q4_K_M.gguf,6285.59,3.24051,0.0,0.0
1780411335.086783,gemma-2-9b-it-Q4_K_M.gguf,6285.62,3.14118,0.0,0.0
1780411335.593722,gemma-2-9b-it-Q4_K_M.gguf,6285.62,3.3793,0.0,0.0
1780411336.100587,gemma-2-9b-it-Q4_K_M.gguf,6285.62,2.8566599999999998,0.0,0.0
1780411336.607765,gemma-2-9b-it-Q4_K_M.gguf,6285.62,3.19932,0.0,0.0
1780411337.115198,gemma-2-9b-it-Q4_K_M.gguf,6285.62,3.24928,0.0,0.0
1780411337.622265,gemma-2-9b-it-Q4_K_M.gguf,6285.62,3.5601599999999998,0.0,0.0
1780411338.129767,gemma-2-9b-it-Q4_K_M.gguf,6285.62,2.99526,0.0,0.0
1780411338.636796,gemma-2-9b-it-Q4_K_M.gguf,6285.62,3.2841,0.0,0.0
1780411339.14434,gemma-2-9b-it-Q4_K_M.gguf,6285.62,3.41648,0.0,0.0
1780411339.6516402,gemma-2-9b-it-Q4_K_M.gguf,6285.62,2.99865,0.0,0.0
1780411340.158937,gemma-2-9b-it-Q4_K_M.gguf,6285.62,3.5189,0.0,0.0
1780411340.666166,gemma-2-9b-it-Q4_K_M.gguf,6285.62,3.1639899999999996,0.0,0.0
1780411341.172399,gemma-2-9b-it-Q4_K_M.gguf,6285.62,3.00619,0.0,0.0
1780411341.6793,gemma-2-9b-it-Q4_K_M.gguf,6285.62,3.0307399999999998,0.0,0.0
1780411342.186402,gemma-2-9b-it-Q4_K_M.gguf,6285.62,3.20176,0.0,0.0
1780411342.693501,gemma-2-9b-it-Q4_K_M.gguf,6285.62,3.08749,0.0,0.0
1780411343.200564,gemma-2-9b-it-Q4_K_M.gguf,6285.62,3.13833,0.0,0.0
1780411343.7110121,gemma-2-9b-it-Q4_K_M.gguf,123.48,3.3378400000000004,0.0,0.0
1780411345.948621,gemma-2-9b-it-Q4_K_M.gguf,6274.23,4.6301000000000005,0.0,0.0
1780411346.4551868,gemma-2-9b-it-Q4_K_M.gguf,6277.56,3.00057,0.0,0.0
1780411346.962139,gemma-2-9b-it-Q4_K_M.gguf,6277.56,3.25332,0.0,0.0
1780411347.468705,gemma-2-9b-it-Q4_K_M.gguf,6277.56,3.48673,0.0,0.0
1780411347.9766982,gemma-2-9b-it-Q4_K_M.gguf,6277.56,3.36989,0.0,0.0
1780411348.483649,gemma-2-9b-it-Q4_K_M.gguf,6277.56,3.3264899999999997,0.0,0.0
1780411348.991051,gemma-2-9b-it-Q4_K_M.gguf,6277.56,3.09884,0.0,0.0
1780411349.498004,gemma-2-9b-it-Q4_K_M.gguf,6277.56,3.09906,0.0,0.0
1780411350.005353,gemma-2-9b-it-Q4_K_M.gguf,6277.55,3.3339000000000003,0.0,0.0
1780411350.5127318,gemma-2-9b-it-Q4_K_M.gguf,6277.58,3.29467,0.0,0.0
1780411351.019565,gemma-2-9b-it-Q4_K_M.gguf,6277.58,3.0878699999999997,0.0,0.0
1780411351.526906,gemma-2-9b-it-Q4_K_M.gguf,6277.58,3.1270700000000002,0.0,0.0
1780411352.0337422,gemma-2-9b-it-Q4_K_M.gguf,6277.59,3.35177,0.0,0.0
1780411352.540844,gemma-2-9b-it-Q4_K_M.gguf,6277.59,3.2377800000000003,0.0,0.0
1780411353.047786,gemma-2-9b-it-Q4_K_M.gguf,6277.59,3.2769299999999997,0.0,0.0
1780411353.554581,gemma-2-9b-it-Q4_K_M.gguf,6277.59,3.17069,0.0,0.0
1780411354.060864,gemma-2-9b-it-Q4_K_M.gguf,6277.61,3.25586,0.0,0.0
1780411354.5678122,gemma-2-9b-it-Q4_K_M.gguf,6277.61,3.07971,0.0,0.0
1780411355.074591,gemma-2-9b-it-Q4_K_M.gguf,6277.61,3.4417199999999997,0.0,0.0
1780411355.5823061,gemma-2-9b-it-Q4_K_M.gguf,6277.61,3.26537,0.0,0.0
1780411356.089083,gemma-2-9b-it-Q4_K_M.gguf,6277.61,3.13703,0.0,0.0
1780411356.596246,gemma-2-9b-it-Q4_K_M.gguf,6277.61,3.23379,0.0,0.0
1780411357.1033611,gemma-2-9b-it-Q4_K_M.gguf,6277.61,3.4544,0.0,0.0
1780411357.610634,gemma-2-9b-it-Q4_K_M.gguf,6277.61,3.19925,0.0,0.0
1780411358.117373,gemma-2-9b-it-Q4_K_M.gguf,6277.61,3.3225,0.0,0.0
1780411358.624115,gemma-2-9b-it-Q4_K_M.gguf,6277.61,3.1275500000000003,0.0,0.0
1780411359.131906,gemma-2-9b-it-Q4_K_M.gguf,6277.61,3.14915,0.0,0.0
1780411359.638856,gemma-2-9b-it-Q4_K_M.gguf,6277.61,3.03308,0.0,0.0
1780411360.145928,gemma-2-9b-it-Q4_K_M.gguf,6277.61,3.47906,0.0,0.0
1780411360.653173,gemma-2-9b-it-Q4_K_M.gguf,6277.61,3.23187,0.0,0.0
1780411361.1601012,gemma-2-9b-it-Q4_K_M.gguf,6277.62,3.16883,0.0,0.0
1780411361.667434,gemma-2-9b-it-Q4_K_M.gguf,6277.62,3.47046,0.0,0.0
1780411362.1744158,gemma-2-9b-it-Q4_K_M.gguf,6277.62,3.1271,0.0,0.0
1780411362.681531,gemma-2-9b-it-Q4_K_M.gguf,6277.62,3.0650999999999997,0.0,0.0
1780411363.189,gemma-2-9b-it-Q4_K_M.gguf,6277.62,3.32599,0.0,0.0
1780411363.696186,gemma-2-9b-it-Q4_K_M.gguf,6277.62,2.89369,0.0,0.0
1780411364.203062,gemma-2-9b-it-Q4_K_M.gguf,6277.62,3.2896300000000003,0.0,0.0
1780411364.7100182,gemma-2-9b-it-Q4_K_M.gguf,6277.62,3.29193,0.0,0.0
1780411365.220362,gemma-2-9b-it-Q4_K_M.gguf,6277.62,3.19906,0.0,0.0
1780411365.723993,gemma-2-9b-it-Q4_K_M.gguf,6277.62,3.42981,0.0,0.0
1780411366.230634,gemma-2-9b-it-Q4_K_M.gguf,6277.62,3.25734,0.0,0.0
1780411366.7375622,gemma-2-9b-it-Q4_K_M.gguf,6277.62,3.35123,0.0,0.0
1780411367.244981,gemma-2-9b-it-Q4_K_M.gguf,6277.64,3.26273,0.0,0.0
1780411367.751957,gemma-2-9b-it-Q4_K_M.gguf,6277.64,3.1427899999999998,0.0,0.0
1780411368.2595358,gemma-2-9b-it-Q4_K_M.gguf,6277.64,2.85107,0.0,0.0
1780411368.7662358,gemma-2-9b-it-Q4_K_M.gguf,6277.64,3.38325,0.0,0.0
1780411369.27342,gemma-2-9b-it-Q4_K_M.gguf,6277.66,3.26416,0.0,0.0
1780411369.780297,gemma-2-9b-it-Q4_K_M.gguf,6277.66,3.0738600000000003,0.0,0.0
1780411372.078889,gemma-2-9b-it-Q4_K_M.gguf,6277.14,3.59848,0.0,0.0
1780411372.585333,gemma-2-9b-it-Q4_K_M.gguf,6280.12,2.56348,0.0,0.0
1780411373.091903,gemma-2-9b-it-Q4_K_M.gguf,6280.12,3.25695,0.0,0.0
1780411373.598943,gemma-2-9b-it-Q4_K_M.gguf,6280.16,3.4991,0.0,0.0
1780411374.106178,gemma-2-9b-it-Q4_K_M.gguf,6280.16,3.58982,0.0,0.0
1780411374.613548,gemma-2-9b-it-Q4_K_M.gguf,6280.17,3.3872199999999997,0.0,0.0
1780411375.120786,gemma-2-9b-it-Q4_K_M.gguf,6280.17,3.47273,0.0,0.0
1780411375.627829,gemma-2-9b-it-Q4_K_M.gguf,6280.17,3.1468000000000003,0.0,0.0
1780411376.134539,gemma-2-9b-it-Q4_K_M.gguf,6280.16,3.4878400000000003,0.0,0.0
1780411376.6421041,gemma-2-9b-it-Q4_K_M.gguf,6280.16,3.10885,0.0,0.0
1780411377.149169,gemma-2-9b-it-Q4_K_M.gguf,6280.16,3.5498000000000003,0.0,0.0
1780411377.6564841,gemma-2-9b-it-Q4_K_M.gguf,6280.16,3.0203699999999998,0.0,0.0
1780411378.163297,gemma-2-9b-it-Q4_K_M.gguf,6280.16,3.1407399999999996,0.0,0.0
1780411378.670122,gemma-2-9b-it-Q4_K_M.gguf,6280.16,3.23586,0.0,0.0
1780411379.176995,gemma-2-9b-it-Q4_K_M.gguf,6280.16,3.32287,0.0,0.0
1780411379.683886,gemma-2-9b-it-Q4_K_M.gguf,6280.16,3.17847,0.0,0.0
1780411380.190681,gemma-2-9b-it-Q4_K_M.gguf,6280.16,3.5422,0.0,0.0
1780411380.6982021,gemma-2-9b-it-Q4_K_M.gguf,6280.16,3.0557,0.0,0.0
1780411381.205485,gemma-2-9b-it-Q4_K_M.gguf,6280.16,3.37977,0.0,0.0
1780411381.712364,gemma-2-9b-it-Q4_K_M.gguf,6280.16,2.93555,0.0,0.0
1780411382.2192519,gemma-2-9b-it-Q4_K_M.gguf,6280.16,3.28064,0.0,0.0
1780411382.726291,gemma-2-9b-it-Q4_K_M.gguf,6280.16,3.42178,0.0,0.0
1780411383.233226,gemma-2-9b-it-Q4_K_M.gguf,6280.16,2.9579899999999997,0.0,0.0
1780411383.740291,gemma-2-9b-it-Q4_K_M.gguf,6280.16,3.17197,0.0,0.0
1780411384.247376,gemma-2-9b-it-Q4_K_M.gguf,6280.16,3.33264,0.0,0.0
1780411384.754924,gemma-2-9b-it-Q4_K_M.gguf,6280.16,3.30647,0.0,0.0
1780411385.263461,gemma-2-9b-it-Q4_K_M.gguf,6280.16,3.0637399999999997,0.0,0.0
1780411385.769921,gemma-2-9b-it-Q4_K_M.gguf,6280.17,3.2461599999999997,0.0,0.0
1780411386.2774541,gemma-2-9b-it-Q4_K_M.gguf,6280.17,3.463,0.0,0.0
1780411386.7847471,gemma-2-9b-it-Q4_K_M.gguf,6280.17,3.37442,0.0,0.0
1780411387.291718,gemma-2-9b-it-Q4_K_M.gguf,6280.19,3.78295,0.0,0.0
1780411387.798686,gemma-2-9b-it-Q4_K_M.gguf,6280.2,4.99425,0.0,0.0
1780411388.305388,gemma-2-9b-it-Q4_K_M.gguf,6280.2,3.15077,0.0,0.0
1780411388.8124008,gemma-2-9b-it-Q4_K_M.gguf,6280.2,3.1262399999999997,0.0,0.0
1780411389.318871,gemma-2-9b-it-Q4_K_M.gguf,6280.2,2.96382,0.0,0.0
1780411389.826536,gemma-2-9b-it-Q4_K_M.gguf,6280.2,3.18193,0.0,0.0
1780411390.3334148,gemma-2-9b-it-Q4_K_M.gguf,6280.2,3.21237,0.0,0.0
1780411390.8410728,gemma-2-9b-it-Q4_K_M.gguf,6280.2,3.54743,0.0,0.0
1780411391.349612,gemma-2-9b-it-Q4_K_M.gguf,6280.2,4.3235600000000005,0.0,0.0
1780411391.857375,gemma-2-9b-it-Q4_K_M.gguf,6280.2,6.33054,0.0,0.0
1780411392.364655,gemma-2-9b-it-Q4_K_M.gguf,6280.2,2.51975,0.0,0.0
1780411392.871836,gemma-2-9b-it-Q4_K_M.gguf,6280.2,2.63706,0.0,0.0
1780411393.378967,gemma-2-9b-it-Q4_K_M.gguf,6280.2,2.64661,0.0,0.0
1780411393.885914,gemma-2-9b-it-Q4_K_M.gguf,6280.2,3.22111,0.0,0.0
1780411394.3938181,gemma-2-9b-it-Q4_K_M.gguf,6280.2,2.98997,0.0,0.0
1780411394.900597,gemma-2-9b-it-Q4_K_M.gguf,6280.2,3.48285,0.0,0.0
1780411395.407538,gemma-2-9b-it-Q4_K_M.gguf,6280.2,3.48765,0.0,0.0
1780411395.914813,gemma-2-9b-it-Q4_K_M.gguf,6280.2,3.30422,0.0,0.0
1780411396.422103,gemma-2-9b-it-Q4_K_M.gguf,6280.2,3.44105,0.0,0.0
1780411396.929067,gemma-2-9b-it-Q4_K_M.gguf,6280.2,3.10385,0.0,0.0
1780411864.305095,gemma-2-9b-it-Q4_K_M.gguf,7711.19,7.761819999999999,0.0,0.0
1780411864.811656,gemma-2-9b-it-Q4_K_M.gguf,7711.19,4.23801,0.0,0.0
1780411865.3185542,gemma-2-9b-it-Q4_K_M.gguf,7711.19,3.81993,0.0,0.0
1780411865.825987,gemma-2-9b-it-Q4_K_M.gguf,7711.19,3.43936,0.0,0.0
1780411866.332714,gemma-2-9b-it-Q4_K_M.gguf,7711.2,3.4155100000000003,0.0,0.0
1780411866.839854,gemma-2-9b-it-Q4_K_M.gguf,7711.2,3.06581,0.0,0.0
1780411867.3471,gemma-2-9b-it-Q4_K_M.gguf,7711.2,2.66668,0.0,0.0
1780411867.853921,gemma-2-9b-it-Q4_K_M.gguf,7711.2,3.41742,0.0,0.0
1780411868.361364,gemma-2-9b-it-Q4_K_M.gguf,7711.19,3.2393400000000003,0.0,0.0
1780411868.868157,gemma-2-9b-it-Q4_K_M.gguf,7711.19,3.43066,0.0,0.0
1780411869.375152,gemma-2-9b-it-Q4_K_M.gguf,7711.19,3.55822,0.0,0.0
1780411869.882379,gemma-2-9b-it-Q4_K_M.gguf,7711.19,3.2477300000000002,0.0,0.0
1780411870.389905,gemma-2-9b-it-Q4_K_M.gguf,7711.19,3.39554,0.0,0.0
1780411870.896752,gemma-2-9b-it-Q4_K_M.gguf,7711.19,3.43717,0.0,0.0
1780411871.403817,gemma-2-9b-it-Q4_K_M.gguf,7711.19,3.6103899999999998,0.0,0.0
1780411871.911131,gemma-2-9b-it-Q4_K_M.gguf,7711.19,3.28489,0.0,0.0
1780411872.418106,gemma-2-9b-it-Q4_K_M.gguf,7711.19,3.37732,0.0,0.0
1780411872.925097,gemma-2-9b-it-Q4_K_M.gguf,7711.19,3.63553,0.0,0.0
1780411873.432218,gemma-2-9b-it-Q4_K_M.gguf,7711.19,3.11708,0.0,0.0
1780411873.939937,gemma-2-9b-it-Q4_K_M.gguf,7711.19,3.38595,0.0,0.0
1780411874.447659,gemma-2-9b-it-Q4_K_M.gguf,7711.2,3.14573,0.0,0.0
1780411874.954454,gemma-2-9b-it-Q4_K_M.gguf,7711.2,3.32712,0.0,0.0
1780411875.4618409,gemma-2-9b-it-Q4_K_M.gguf,7711.2,3.4145100000000004,0.0,0.0
1780411875.96881,gemma-2-9b-it-Q4_K_M.gguf,7711.2,3.39545,0.0,0.0
1780411876.476079,gemma-2-9b-it-Q4_K_M.gguf,7711.2,3.21643,0.0,0.0
1780411876.983308,gemma-2-9b-it-Q4_K_M.gguf,7711.2,3.14145,0.0,0.0
1780411877.490541,gemma-2-9b-it-Q4_K_M.gguf,7711.2,3.52183,0.0,0.0
1780411877.997566,gemma-2-9b-it-Q4_K_M.gguf,7711.2,3.6066,0.0,0.0
1780411878.504642,gemma-2-9b-it-Q4_K_M.gguf,7711.2,3.2747100000000002,0.0,0.0
1780411879.0116649,gemma-2-9b-it-Q4_K_M.gguf,7711.2,3.24275,0.0,0.0
1780411879.51832,gemma-2-9b-it-Q4_K_M.gguf,7711.2,3.3601,0.0,0.0
1780411880.025131,gemma-2-9b-it-Q4_K_M.gguf,7711.2,3.2745300000000004,0.0,0.0
1780411880.532136,gemma-2-9b-it-Q4_K_M.gguf,7711.2,3.24462,0.0,0.0
1780411881.039072,gemma-2-9b-it-Q4_K_M.gguf,7711.2,3.33437,0.0,0.0
1780411881.5465732,gemma-2-9b-it-Q4_K_M.gguf,7711.2,3.36266,0.0,0.0
1780411882.053445,gemma-2-9b-it-Q4_K_M.gguf,7711.2,3.2818899999999998,0.0,0.0
1780411882.561273,gemma-2-9b-it-Q4_K_M.gguf,7711.2,3.14675,0.0,0.0
1780411883.067605,gemma-2-9b-it-Q4_K_M.gguf,7711.2,3.19135,0.0,0.0
1780411883.574571,gemma-2-9b-it-Q4_K_M.gguf,7711.2,3.59755,0.0,0.0
1780411884.081755,gemma-2-9b-it-Q4_K_M.gguf,7711.2,3.49642,0.0,0.0
1780411884.589292,gemma-2-9b-it-Q4_K_M.gguf,7711.2,3.2334,0.0,0.0
1780411885.0964081,gemma-2-9b-it-Q4_K_M.gguf,7711.2,3.28309,0.0,0.0
1780411885.60364,gemma-2-9b-it-Q4_K_M.gguf,7711.2,3.4829499999999998,0.0,0.0
1780411886.1104589,gemma-2-9b-it-Q4_K_M.gguf,7711.2,3.2978400000000003,0.0,0.0
1780411886.617103,gemma-2-9b-it-Q4_K_M.gguf,7711.2,3.23229,0.0,0.0
1780411887.132063,gemma-2-9b-it-Q4_K_M.gguf,121.06,3.64555,0.0,0.0
1780411889.282551,gemma-2-9b-it-Q4_K_M.gguf,7692.25,5.01648,0.0,0.0
1780411889.789259,gemma-2-9b-it-Q4_K_M.gguf,7695.41,3.16268,0.0,0.0
1780411890.2968519,gemma-2-9b-it-Q4_K_M.gguf,7695.41,3.03021,0.0,0.0
1780411890.803359,gemma-2-9b-it-Q4_K_M.gguf,7695.44,3.44949,0.0,0.0
1780411891.310025,gemma-2-9b-it-Q4_K_M.gguf,7695.44,3.46334,0.0,0.0
1780411891.817214,gemma-2-9b-it-Q4_K_M.gguf,7695.44,3.4654499999999997,0.0,0.0
1780411892.324213,gemma-2-9b-it-Q4_K_M.gguf,7695.44,3.25457,0.0,0.0
1780411892.831135,gemma-2-9b-it-Q4_K_M.gguf,7695.44,3.27473,0.0,0.0
1780411893.3377988,gemma-2-9b-it-Q4_K_M.gguf,7695.42,3.3352600000000003,0.0,0.0
1780411893.844651,gemma-2-9b-it-Q4_K_M.gguf,7695.42,3.28333,0.0,0.0
1780411894.351864,gemma-2-9b-it-Q4_K_M.gguf,7695.42,3.42157,0.0,0.0
1780411894.858581,gemma-2-9b-it-Q4_K_M.gguf,7695.42,3.23229,0.0,0.0
1780411895.365889,gemma-2-9b-it-Q4_K_M.gguf,7695.42,3.1639299999999997,0.0,0.0
1780411895.8729348,gemma-2-9b-it-Q4_K_M.gguf,7695.42,3.51564,0.0,0.0
1780411896.381622,gemma-2-9b-it-Q4_K_M.gguf,7695.42,3.18491,0.0,0.0
1780411896.88644,gemma-2-9b-it-Q4_K_M.gguf,7695.42,3.20706,0.0,0.0
1780411897.3934238,gemma-2-9b-it-Q4_K_M.gguf,7695.42,3.4369,0.0,0.0
1780411897.90121,gemma-2-9b-it-Q4_K_M.gguf,7695.42,3.29724,0.0,0.0
1780411898.40821,gemma-2-9b-it-Q4_K_M.gguf,7695.42,3.26122,0.0,0.0
1780411898.9158669,gemma-2-9b-it-Q4_K_M.gguf,7695.44,3.10433,0.0,0.0
1780411899.4230442,gemma-2-9b-it-Q4_K_M.gguf,7695.44,3.50562,0.0,0.0
1780411899.930673,gemma-2-9b-it-Q4_K_M.gguf,7695.44,3.19744,0.0,0.0
1780411900.437035,gemma-2-9b-it-Q4_K_M.gguf,7695.44,3.53338,0.0,0.0
1780411900.9441228,gemma-2-9b-it-Q4_K_M.gguf,7695.44,3.04884,0.0,0.0
1780411901.450847,gemma-2-9b-it-Q4_K_M.gguf,7695.44,3.1756599999999997,0.0,0.0
1780411901.95781,gemma-2-9b-it-Q4_K_M.gguf,7695.44,3.32478,0.0,0.0
1780411902.465301,gemma-2-9b-it-Q4_K_M.gguf,7695.44,3.44051,0.0,0.0
1780411902.971293,gemma-2-9b-it-Q4_K_M.gguf,7695.44,3.56401,0.0,0.0
1780411903.478783,gemma-2-9b-it-Q4_K_M.gguf,7695.44,3.3344099999999997,0.0,0.0
1780411903.984092,gemma-2-9b-it-Q4_K_M.gguf,7695.44,3.00506,0.0,0.0
1780411904.491188,gemma-2-9b-it-Q4_K_M.gguf,7695.44,3.35785,0.0,0.0
1780411904.9978728,gemma-2-9b-it-Q4_K_M.gguf,7695.44,3.31637,0.0,0.0
1780411905.5050921,gemma-2-9b-it-Q4_K_M.gguf,7695.44,3.2759,0.0,0.0
1780411906.012005,gemma-2-9b-it-Q4_K_M.gguf,7695.44,3.01256,0.0,0.0
1780411906.518511,gemma-2-9b-it-Q4_K_M.gguf,7695.45,3.23587,0.0,0.0
1780411907.025593,gemma-2-9b-it-Q4_K_M.gguf,7695.62,3.43351,0.0,0.0
1780411907.5327601,gemma-2-9b-it-Q4_K_M.gguf,7695.62,3.2069099999999997,0.0,0.0
1780411908.0398269,gemma-2-9b-it-Q4_K_M.gguf,7695.62,3.31018,0.0,0.0
1780411908.547592,gemma-2-9b-it-Q4_K_M.gguf,7695.62,3.2212199999999998,0.0,0.0
1780411909.054049,gemma-2-9b-it-Q4_K_M.gguf,7695.62,3.4592199999999997,0.0,0.0
1780411909.561476,gemma-2-9b-it-Q4_K_M.gguf,7695.62,3.27968,0.0,0.0
1780411910.068466,gemma-2-9b-it-Q4_K_M.gguf,7695.62,2.81371,0.0,0.0
1780411910.57542,gemma-2-9b-it-Q4_K_M.gguf,7695.62,3.21151,0.0,0.0
1780411911.082557,gemma-2-9b-it-Q4_K_M.gguf,7695.62,3.2183,0.0,0.0
1780411911.589628,gemma-2-9b-it-Q4_K_M.gguf,7695.62,3.1519299999999997,0.0,0.0
1780411912.096583,gemma-2-9b-it-Q4_K_M.gguf,7695.62,3.22257,0.0,0.0
1780411912.603538,gemma-2-9b-it-Q4_K_M.gguf,7695.62,3.47972,0.0,0.0
1780411914.8610759,gemma-2-9b-it-Q4_K_M.gguf,7692.66,4.3392100000000005,0.0,0.0
1780411915.3674638,gemma-2-9b-it-Q4_K_M.gguf,7695.66,2.93902,0.0,0.0
1780411915.874228,gemma-2-9b-it-Q4_K_M.gguf,7695.67,3.12831,0.0,0.0
1780411916.3814862,gemma-2-9b-it-Q4_K_M.gguf,7695.69,3.57029,0.0,0.0
1780411916.8882198,gemma-2-9b-it-Q4_K_M.gguf,7695.69,3.76507,0.0,0.0
1780411917.394469,gemma-2-9b-it-Q4_K_M.gguf,7695.69,3.36645,0.0,0.0
1780411917.9015071,gemma-2-9b-it-Q4_K_M.gguf,7695.69,3.40088,0.0,0.0
1780411918.408565,gemma-2-9b-it-Q4_K_M.gguf,7695.69,3.1652,0.0,0.0
1780411918.915932,gemma-2-9b-it-Q4_K_M.gguf,7695.69,3.2496300000000002,0.0,0.0
1780411919.422724,gemma-2-9b-it-Q4_K_M.gguf,7695.69,3.21662,0.0,0.0
1780411919.929683,gemma-2-9b-it-Q4_K_M.gguf,7695.69,3.29135,0.0,0.0
1780411920.436952,gemma-2-9b-it-Q4_K_M.gguf,7695.69,3.21623,0.0,0.0
1780411920.943786,gemma-2-9b-it-Q4_K_M.gguf,7695.69,2.7799,0.0,0.0
1780411921.451039,gemma-2-9b-it-Q4_K_M.gguf,7695.69,3.41407,0.0,0.0
1780411921.9580271,gemma-2-9b-it-Q4_K_M.gguf,7695.69,3.3679,0.0,0.0
1780411922.464957,gemma-2-9b-it-Q4_K_M.gguf,7695.69,3.1310100000000003,0.0,0.0
1780411922.9720142,gemma-2-9b-it-Q4_K_M.gguf,7695.69,3.33312,0.0,0.0
1780411923.479588,gemma-2-9b-it-Q4_K_M.gguf,7695.69,3.13389,0.0,0.0
1780411923.9862342,gemma-2-9b-it-Q4_K_M.gguf,7695.69,3.2247399999999997,0.0,0.0
1780411924.4937432,gemma-2-9b-it-Q4_K_M.gguf,7695.69,3.12103,0.0,0.0
1780411925.000451,gemma-2-9b-it-Q4_K_M.gguf,7695.69,3.13944,0.0,0.0
1780411925.507485,gemma-2-9b-it-Q4_K_M.gguf,7695.69,3.32708,0.0,0.0
1780411926.014413,gemma-2-9b-it-Q4_K_M.gguf,7695.69,3.18212,0.0,0.0
1780411926.521684,gemma-2-9b-it-Q4_K_M.gguf,7695.69,3.2236700000000003,0.0,0.0
1780411927.0286012,gemma-2-9b-it-Q4_K_M.gguf,7695.69,3.428,0.0,0.0
1780411927.535329,gemma-2-9b-it-Q4_K_M.gguf,7695.69,3.60622,0.0,0.0
1780411928.042222,gemma-2-9b-it-Q4_K_M.gguf,7695.69,3.2301100000000003,0.0,0.0
1780411928.550168,gemma-2-9b-it-Q4_K_M.gguf,7695.69,3.34006,0.0,0.0
1780411929.057027,gemma-2-9b-it-Q4_K_M.gguf,7695.69,3.1509699999999996,0.0,0.0
1780411929.564331,gemma-2-9b-it-Q4_K_M.gguf,7695.69,2.90138,0.0,0.0
1780411930.0708978,gemma-2-9b-it-Q4_K_M.gguf,7695.69,3.17044,0.0,0.0
1780411930.5785978,gemma-2-9b-it-Q4_K_M.gguf,7695.7,3.47273,0.0,0.0
1780411931.085442,gemma-2-9b-it-Q4_K_M.gguf,7695.7,3.0996799999999998,0.0,0.0
1780411931.592437,gemma-2-9b-it-Q4_K_M.gguf,7695.7,3.26524,0.0,0.0
1780411932.09969,gemma-2-9b-it-Q4_K_M.gguf,7695.7,3.14274,0.0,0.0
1780411932.606365,gemma-2-9b-it-Q4_K_M.gguf,7695.7,3.34611,0.0,0.0
1780411933.11389,gemma-2-9b-it-Q4_K_M.gguf,7695.7,2.97013,0.0,0.0
1780411933.620484,gemma-2-9b-it-Q4_K_M.gguf,7695.7,3.26603,0.0,0.0
1780411934.127797,gemma-2-9b-it-Q4_K_M.gguf,7695.7,3.4043400000000004,0.0,0.0
1780411934.634749,gemma-2-9b-it-Q4_K_M.gguf,7695.7,2.9895,0.0,0.0
1780411935.1417532,gemma-2-9b-it-Q4_K_M.gguf,7695.7,3.06229,0.0,0.0
1780411935.649258,gemma-2-9b-it-Q4_K_M.gguf,7695.7,3.1735,0.0,0.0
1780411936.1564028,gemma-2-9b-it-Q4_K_M.gguf,7695.7,3.21854,0.0,0.0
1780411936.664299,gemma-2-9b-it-Q4_K_M.gguf,7695.7,3.0058499999999997,0.0,0.0
1780411937.170963,gemma-2-9b-it-Q4_K_M.gguf,7695.7,3.02337,0.0,0.0
1780411937.6783721,gemma-2-9b-it-Q4_K_M.gguf,7695.7,3.20099,0.0,0.0
1780411938.1853921,gemma-2-9b-it-Q4_K_M.gguf,7695.7,3.24607,0.0,0.0
1780411938.692394,gemma-2-9b-it-Q4_K_M.gguf,7695.7,3.09321,0.0,0.0
1780411940.9656892,gemma-2-9b-it-Q4_K_M.gguf,7692.36,4.3670100000000005,0.0,0.0
1780411941.4721699,gemma-2-9b-it-Q4_K_M.gguf,7695.44,2.6426399999999997,0.0,0.0
1780411941.979052,gemma-2-9b-it-Q4_K_M.gguf,7695.44,2.93309,0.0,0.0
1780411942.486708,gemma-2-9b-it-Q4_K_M.gguf,7695.45,3.62056,0.0,0.0
1780411942.993587,gemma-2-9b-it-Q4_K_M.gguf,7695.45,3.6153899999999997,0.0,0.0
1780411943.5012841,gemma-2-9b-it-Q4_K_M.gguf,7695.45,3.2289299999999996,0.0,0.0
1780411944.00811,gemma-2-9b-it-Q4_K_M.gguf,7695.45,3.25695,0.0,0.0
1780411944.51512,gemma-2-9b-it-Q4_K_M.gguf,7695.45,3.28917,0.0,0.0
1780411945.021952,gemma-2-9b-it-Q4_K_M.gguf,7695.44,3.28094,0.0,0.0
1780411945.529553,gemma-2-9b-it-Q4_K_M.gguf,7695.44,2.9093299999999997,0.0,0.0
1780411946.0360699,gemma-2-9b-it-Q4_K_M.gguf,7695.44,3.04773,0.0,0.0
1780411946.5432289,gemma-2-9b-it-Q4_K_M.gguf,7695.44,3.38568,0.0,0.0
1780411947.05122,gemma-2-9b-it-Q4_K_M.gguf,7695.44,3.16394,0.0,0.0
1780411947.5581062,gemma-2-9b-it-Q4_K_M.gguf,7695.45,3.6685,0.0,0.0
1780411948.0650449,gemma-2-9b-it-Q4_K_M.gguf,7695.45,2.789,0.0,0.0
1780411948.574835,gemma-2-9b-it-Q4_K_M.gguf,7695.45,3.0764,0.0,0.0
1780411949.082178,gemma-2-9b-it-Q4_K_M.gguf,7695.45,3.58079,0.0,0.0
1780411949.588427,gemma-2-9b-it-Q4_K_M.gguf,7695.45,2.92462,0.0,0.0
1780411950.095422,gemma-2-9b-it-Q4_K_M.gguf,7695.45,3.02214,0.0,0.0
1780411950.601948,gemma-2-9b-it-Q4_K_M.gguf,7695.45,3.30296,0.0,0.0
1780411951.108744,gemma-2-9b-it-Q4_K_M.gguf,7695.47,3.10251,0.0,0.0
1780411951.615901,gemma-2-9b-it-Q4_K_M.gguf,7695.47,3.50845,0.0,0.0
1780411952.123057,gemma-2-9b-it-Q4_K_M.gguf,7695.47,3.15708,0.0,0.0
1780411952.630399,gemma-2-9b-it-Q4_K_M.gguf,7695.47,3.0368000000000004,0.0,0.0
1780411953.137454,gemma-2-9b-it-Q4_K_M.gguf,7695.47,3.27665,0.0,0.0
1780411953.644761,gemma-2-9b-it-Q4_K_M.gguf,7695.47,3.19798,0.0,0.0
1780411954.151825,gemma-2-9b-it-Q4_K_M.gguf,7695.47,2.78032,0.0,0.0
1780411954.659232,gemma-2-9b-it-Q4_K_M.gguf,7695.47,3.2887199999999996,0.0,0.0
1780411955.166096,gemma-2-9b-it-Q4_K_M.gguf,7695.47,3.39086,0.0,0.0
1780411955.673404,gemma-2-9b-it-Q4_K_M.gguf,7695.47,3.2236700000000003,0.0,0.0
1780411956.180747,gemma-2-9b-it-Q4_K_M.gguf,7695.47,3.0927399999999996,0.0,0.0
1780411956.6879098,gemma-2-9b-it-Q4_K_M.gguf,7695.47,3.1857800000000003,0.0,0.0
1780411957.1953049,gemma-2-9b-it-Q4_K_M.gguf,7695.48,3.37086,0.0,0.0
1780411957.702174,gemma-2-9b-it-Q4_K_M.gguf,7695.48,3.22329,0.0,0.0
1780411958.2091148,gemma-2-9b-it-Q4_K_M.gguf,7695.48,3.08367,0.0,0.0
1780411958.7163038,gemma-2-9b-it-Q4_K_M.gguf,7695.48,3.2516700000000003,0.0,0.0
1780411959.223161,gemma-2-9b-it-Q4_K_M.gguf,7695.48,3.28485,0.0,0.0
1780411959.730454,gemma-2-9b-it-Q4_K_M.gguf,7695.48,3.30987,0.0,0.0
1780411960.237331,gemma-2-9b-it-Q4_K_M.gguf,7695.5,3.2792199999999996,0.0,0.0
1780411960.745119,gemma-2-9b-it-Q4_K_M.gguf,7695.5,2.93317,0.0,0.0
1780411961.25203,gemma-2-9b-it-Q4_K_M.gguf,7695.5,2.97498,0.0,0.0
1780411961.7593431,gemma-2-9b-it-Q4_K_M.gguf,7695.5,3.25019,0.0,0.0
1780411962.267075,gemma-2-9b-it-Q4_K_M.gguf,7695.5,3.00631,0.0,0.0
1780411962.774137,gemma-2-9b-it-Q4_K_M.gguf,7695.5,3.3163899999999997,0.0,0.0
1780411963.281473,gemma-2-9b-it-Q4_K_M.gguf,7695.5,3.33604,0.0,0.0
1780411963.788652,gemma-2-9b-it-Q4_K_M.gguf,7695.5,3.1739699999999997,0.0,0.0
1780411964.2959812,gemma-2-9b-it-Q4_K_M.gguf,7695.5,3.3340199999999998,0.0,0.0
1780411964.803016,gemma-2-9b-it-Q4_K_M.gguf,7695.5,3.0678400000000003,0.0,0.0
1780411965.3102028,gemma-2-9b-it-Q4_K_M.gguf,6128.16,3.2519899999999997,0.0,0.0
1780411967.5251079,gemma-2-9b-it-Q4_K_M.gguf,7709.23,4.47037,0.0,0.0
1780411968.03163,gemma-2-9b-it-Q4_K_M.gguf,7712.22,2.56226,0.0,0.0
1780411968.538775,gemma-2-9b-it-Q4_K_M.gguf,7712.25,3.3025900000000004,0.0,0.0
1780411969.045519,gemma-2-9b-it-Q4_K_M.gguf,7712.27,3.52895,0.0,0.0
1780411969.552632,gemma-2-9b-it-Q4_K_M.gguf,7712.27,3.28378,0.0,0.0
1780411970.0601358,gemma-2-9b-it-Q4_K_M.gguf,7712.27,3.41235,0.0,0.0
1780411970.5674088,gemma-2-9b-it-Q4_K_M.gguf,7712.27,3.2244200000000003,0.0,0.0
1780411971.074353,gemma-2-9b-it-Q4_K_M.gguf,7712.27,3.2817800000000004,0.0,0.0
1780411971.581293,gemma-2-9b-it-Q4_K_M.gguf,7712.25,3.06508,0.0,0.0
1780411972.0882719,gemma-2-9b-it-Q4_K_M.gguf,7712.25,3.04598,0.0,0.0
1780411972.595428,gemma-2-9b-it-Q4_K_M.gguf,7712.25,3.3104400000000003,0.0,0.0
1780411973.10241,gemma-2-9b-it-Q4_K_M.gguf,7712.25,3.1494,0.0,0.0
1780411973.6093209,gemma-2-9b-it-Q4_K_M.gguf,7712.25,3.2815,0.0,0.0
1780411974.116266,gemma-2-9b-it-Q4_K_M.gguf,7712.27,2.8442800000000004,0.0,0.0
1780411974.623521,gemma-2-9b-it-Q4_K_M.gguf,7712.27,3.27102,0.0,0.0
1780411975.130719,gemma-2-9b-it-Q4_K_M.gguf,7712.27,3.03121,0.0,0.0
1780411975.637728,gemma-2-9b-it-Q4_K_M.gguf,7712.27,3.19825,0.0,0.0
1780411976.145243,gemma-2-9b-it-Q4_K_M.gguf,7712.27,3.248,0.0,0.0
1780411976.652283,gemma-2-9b-it-Q4_K_M.gguf,7712.27,3.44713,0.0,0.0
1780411977.159261,gemma-2-9b-it-Q4_K_M.gguf,7712.27,3.1581900000000003,0.0,0.0
1780411977.666708,gemma-2-9b-it-Q4_K_M.gguf,7712.27,3.27791,0.0,0.0
1780411978.1734788,gemma-2-9b-it-Q4_K_M.gguf,7712.27,3.01633,0.0,0.0
1780411978.680777,gemma-2-9b-it-Q4_K_M.gguf,7712.27,3.1567600000000002,0.0,0.0
1780411979.187653,gemma-2-9b-it-Q4_K_M.gguf,7712.27,3.2315500000000004,0.0,0.0
1780411979.694852,gemma-2-9b-it-Q4_K_M.gguf,7712.27,3.06544,0.0,0.0
1780411980.201727,gemma-2-9b-it-Q4_K_M.gguf,7712.28,3.01675,0.0,0.0
1780411980.708427,gemma-2-9b-it-Q4_K_M.gguf,7712.28,3.31837,0.0,0.0
1780411981.2163079,gemma-2-9b-it-Q4_K_M.gguf,7712.3,3.37756,0.0,0.0
1780411981.7225978,gemma-2-9b-it-Q4_K_M.gguf,7712.3,3.21598,0.0,0.0
1780411982.22997,gemma-2-9b-it-Q4_K_M.gguf,7712.3,3.11031,0.0,0.0
1780411982.7366662,gemma-2-9b-it-Q4_K_M.gguf,7712.3,3.2080100000000003,0.0,0.0
1780411983.243957,gemma-2-9b-it-Q4_K_M.gguf,7712.31,3.27003,0.0,0.0
1780411983.7511601,gemma-2-9b-it-Q4_K_M.gguf,7712.31,3.14029,0.0,0.0
1780411984.257911,gemma-2-9b-it-Q4_K_M.gguf,7712.31,3.32599,0.0,0.0
1780411984.765387,gemma-2-9b-it-Q4_K_M.gguf,7712.31,3.26312,0.0,0.0
1780411985.271042,gemma-2-9b-it-Q4_K_M.gguf,7712.31,3.03261,0.0,0.0
1780411985.7783911,gemma-2-9b-it-Q4_K_M.gguf,7712.31,3.2484699999999997,0.0,0.0
1780411986.28495,gemma-2-9b-it-Q4_K_M.gguf,7712.31,3.01236,0.0,0.0
1780411986.792297,gemma-2-9b-it-Q4_K_M.gguf,7712.31,3.2690300000000003,0.0,0.0
1780411987.299019,gemma-2-9b-it-Q4_K_M.gguf,7712.31,3.0974899999999996,0.0,0.0
1780411987.806249,gemma-2-9b-it-Q4_K_M.gguf,7712.31,3.17677,0.0,0.0
1780411988.3130639,gemma-2-9b-it-Q4_K_M.gguf,7712.31,3.14141,0.0,0.0
1780411988.819639,gemma-2-9b-it-Q4_K_M.gguf,7712.31,3.4052800000000003,0.0,0.0
1780411989.32509,gemma-2-9b-it-Q4_K_M.gguf,7712.31,3.33325,0.0,0.0
1780411989.8322072,gemma-2-9b-it-Q4_K_M.gguf,7712.31,3.45804,0.0,0.0
1780411990.339625,gemma-2-9b-it-Q4_K_M.gguf,7712.31,3.80344,0.0,0.0
1780411990.848033,gemma-2-9b-it-Q4_K_M.gguf,7712.31,3.15411,0.0,0.0
1780411991.3552918,gemma-2-9b-it-Q4_K_M.gguf,7712.31,2.88152,0.0,0.0
1780411991.862375,gemma-2-9b-it-Q4_K_M.gguf,7712.31,3.21666,0.0,0.0
1780411994.1878982,gemma-2-9b-it-Q4_K_M.gguf,7705.25,4.40825,0.0,0.0
1780411994.694885,gemma-2-9b-it-Q4_K_M.gguf,7705.31,2.96845,0.0,0.0
1780411995.201377,gemma-2-9b-it-Q4_K_M.gguf,7705.33,3.1660100000000004,0.0,0.0
1780411995.707944,gemma-2-9b-it-Q4_K_M.gguf,7705.34,3.68566,0.0,0.0
1780411996.2148721,gemma-2-9b-it-Q4_K_M.gguf,7705.38,3.52285,0.0,0.0
1780411996.7217522,gemma-2-9b-it-Q4_K_M.gguf,7705.41,3.11805,0.0,0.0
1780411997.229028,gemma-2-9b-it-Q4_K_M.gguf,7705.41,3.41161,0.0,0.0
1780411997.735914,gemma-2-9b-it-Q4_K_M.gguf,7705.41,3.41309,0.0,0.0
1780411998.243351,gemma-2-9b-it-Q4_K_M.gguf,7705.39,3.35913,0.0,0.0
1780411998.750446,gemma-2-9b-it-Q4_K_M.gguf,7705.39,2.9485300000000003,0.0,0.0
1780411999.257055,gemma-2-9b-it-Q4_K_M.gguf,7705.41,3.11449,0.0,0.0
1780411999.764103,gemma-2-9b-it-Q4_K_M.gguf,7705.41,2.88837,0.0,0.0
1780412000.270985,gemma-2-9b-it-Q4_K_M.gguf,7705.42,3.37247,0.0,0.0
1780412000.7782469,gemma-2-9b-it-Q4_K_M.gguf,7705.42,3.06972,0.0,0.0
1780412001.285405,gemma-2-9b-it-Q4_K_M.gguf,7705.42,3.00704,0.0,0.0
1780412001.7926211,gemma-2-9b-it-Q4_K_M.gguf,7705.42,3.27967,0.0,0.0
1780412002.299836,gemma-2-9b-it-Q4_K_M.gguf,7705.44,3.09923,0.0,0.0
1780412002.807243,gemma-2-9b-it-Q4_K_M.gguf,7705.44,3.34022,0.0,0.0
1780412003.314593,gemma-2-9b-it-Q4_K_M.gguf,7705.44,3.12479,0.0,0.0
1780412003.8215392,gemma-2-9b-it-Q4_K_M.gguf,7705.44,3.31243,0.0,0.0
1780412004.328866,gemma-2-9b-it-Q4_K_M.gguf,7705.45,2.95257,0.0,0.0
1780412004.835914,gemma-2-9b-it-Q4_K_M.gguf,7705.45,3.16187,0.0,0.0
1780412005.342997,gemma-2-9b-it-Q4_K_M.gguf,7705.45,3.1110300000000004,0.0,0.0
1780412005.849628,gemma-2-9b-it-Q4_K_M.gguf,7705.47,3.14043,0.0,0.0
1780412006.356988,gemma-2-9b-it-Q4_K_M.gguf,7705.47,3.5822399999999996,0.0,0.0
1780412006.864228,gemma-2-9b-it-Q4_K_M.gguf,7705.47,3.2198200000000003,0.0,0.0
1780412007.371348,gemma-2-9b-it-Q4_K_M.gguf,7705.47,2.77473,0.0,0.0
1780412007.877686,gemma-2-9b-it-Q4_K_M.gguf,7705.47,2.90529,0.0,0.0
1780412008.384075,gemma-2-9b-it-Q4_K_M.gguf,7705.47,2.66303,0.0,0.0
1780412008.890838,gemma-2-9b-it-Q4_K_M.gguf,7705.47,3.15376,0.0,0.0
1780412009.397705,gemma-2-9b-it-Q4_K_M.gguf,7705.48,3.36347,0.0,0.0
1780412009.904835,gemma-2-9b-it-Q4_K_M.gguf,7705.48,2.84969,0.0,0.0
1780412010.411649,gemma-2-9b-it-Q4_K_M.gguf,7705.48,2.89314,0.0,0.0
1780412010.918818,gemma-2-9b-it-Q4_K_M.gguf,7705.48,2.89683,0.0,0.0
1780412011.425615,gemma-2-9b-it-Q4_K_M.gguf,7705.48,2.9595599999999997,0.0,0.0
1780412011.932557,gemma-2-9b-it-Q4_K_M.gguf,7705.48,2.74494,0.0,0.0
1780412012.4393349,gemma-2-9b-it-Q4_K_M.gguf,7705.48,2.7245700000000004,0.0,0.0
1780412012.9458308,gemma-2-9b-it-Q4_K_M.gguf,7705.48,2.70044,0.0,0.0
1780412013.452918,gemma-2-9b-it-Q4_K_M.gguf,7705.48,3.01794,0.0,0.0
1780412013.959491,gemma-2-9b-it-Q4_K_M.gguf,7705.48,2.6927800000000004,0.0,0.0
1780412014.46626,gemma-2-9b-it-Q4_K_M.gguf,7705.48,3.0215199999999998,0.0,0.0
1780412014.972929,gemma-2-9b-it-Q4_K_M.gguf,7705.48,3.19925,0.0,0.0
1780412015.480696,gemma-2-9b-it-Q4_K_M.gguf,7705.48,3.16853,0.0,0.0
1780412015.986822,gemma-2-9b-it-Q4_K_M.gguf,7705.48,3.0831,0.0,0.0
1780412016.494045,gemma-2-9b-it-Q4_K_M.gguf,7705.48,2.59935,0.0,0.0
1780412017.012543,gemma-2-9b-it-Q4_K_M.gguf,115.34,2.52679,0.0,0.0
1780412019.1565282,gemma-2-9b-it-Q4_K_M.gguf,7710.23,6.2056000000000004,0.0,0.0
1780412019.663293,gemma-2-9b-it-Q4_K_M.gguf,7710.25,3.21927,0.0,0.0
1780412020.1705039,gemma-2-9b-it-Q4_K_M.gguf,7710.27,3.6437600000000003,0.0,0.0
1780412020.677763,gemma-2-9b-it-Q4_K_M.gguf,7710.27,2.96608,0.0,0.0
1780412021.184957,gemma-2-9b-it-Q4_K_M.gguf,7710.27,2.92967,0.0,0.0
1780412021.691885,gemma-2-9b-it-Q4_K_M.gguf,7710.27,2.89644,0.0,0.0
1780412022.1987789,gemma-2-9b-it-Q4_K_M.gguf,7710.27,2.85879,0.0,0.0
1780412022.7057412,gemma-2-9b-it-Q4_K_M.gguf,7710.27,3.12444,0.0,0.0
1780412023.212394,gemma-2-9b-it-Q4_K_M.gguf,7710.25,2.98025,0.0,0.0
1780412023.719023,gemma-2-9b-it-Q4_K_M.gguf,7710.25,3.15494,0.0,0.0
1780412024.226183,gemma-2-9b-it-Q4_K_M.gguf,7710.25,3.62735,0.0,0.0
1780412024.7335281,gemma-2-9b-it-Q4_K_M.gguf,7710.25,3.10574,0.0,0.0
1780412025.2401018,gemma-2-9b-it-Q4_K_M.gguf,7710.25,2.4363,0.0,0.0
1780412025.746898,gemma-2-9b-it-Q4_K_M.gguf,7710.25,2.8915,0.0,0.0
1780412026.252886,gemma-2-9b-it-Q4_K_M.gguf,7710.25,3.1416999999999997,0.0,0.0
1780412026.759307,gemma-2-9b-it-Q4_K_M.gguf,7710.25,2.9707199999999996,0.0,0.0
1780412027.266829,gemma-2-9b-it-Q4_K_M.gguf,7710.25,2.89155,0.0,0.0
1780412027.7742069,gemma-2-9b-it-Q4_K_M.gguf,7710.25,2.92639,0.0,0.0
1780412028.281025,gemma-2-9b-it-Q4_K_M.gguf,7710.25,2.56536,0.0,0.0
1780412028.7879958,gemma-2-9b-it-Q4_K_M.gguf,7710.25,2.86327,0.0,0.0
1780412029.295645,gemma-2-9b-it-Q4_K_M.gguf,7710.25,2.9397699999999998,0.0,0.0
1780412029.8023832,gemma-2-9b-it-Q4_K_M.gguf,7710.25,2.85222,0.0,0.0
1780412030.309243,gemma-2-9b-it-Q4_K_M.gguf,7710.25,2.89656,0.0,0.0
1780412030.8163872,gemma-2-9b-it-Q4_K_M.gguf,7710.25,2.71392,0.0,0.0
1780412031.3232908,gemma-2-9b-it-Q4_K_M.gguf,7710.25,2.7984299999999998,0.0,0.0
1780412031.8297899,gemma-2-9b-it-Q4_K_M.gguf,7710.25,3.27074,0.0,0.0
1780412032.3370152,gemma-2-9b-it-Q4_K_M.gguf,7710.25,2.78171,0.0,0.0
1780412032.844248,gemma-2-9b-it-Q4_K_M.gguf,7710.25,3.5714,0.0,0.0
1780412033.350754,gemma-2-9b-it-Q4_K_M.gguf,7710.25,3.80376,0.0,0.0
1780412033.8576388,gemma-2-9b-it-Q4_K_M.gguf,7710.25,2.64631,0.0,0.0
1780412034.3640819,gemma-2-9b-it-Q4_K_M.gguf,7710.25,3.07975,0.0,0.0
1780412034.871116,gemma-2-9b-it-Q4_K_M.gguf,7710.25,3.13584,0.0,0.0
1780412035.378525,gemma-2-9b-it-Q4_K_M.gguf,7710.25,2.99451,0.0,0.0
1780412035.88549,gemma-2-9b-it-Q4_K_M.gguf,7710.25,2.3440700000000003,0.0,0.0
1780412036.3922691,gemma-2-9b-it-Q4_K_M.gguf,7710.25,2.59341,0.0,0.0
1780412036.8989,gemma-2-9b-it-Q4_K_M.gguf,7710.25,2.93541,0.0,0.0
1780412037.405489,gemma-2-9b-it-Q4_K_M.gguf,7710.25,3.20449,0.0,0.0
1780412037.9125881,gemma-2-9b-it-Q4_K_M.gguf,7710.25,3.1680900000000003,0.0,0.0
1780412038.4193778,gemma-2-9b-it-Q4_K_M.gguf,7710.25,3.584,0.0,0.0
1780412038.9262028,gemma-2-9b-it-Q4_K_M.gguf,7710.25,3.6958699999999998,0.0,0.0
1780412039.432707,gemma-2-9b-it-Q4_K_M.gguf,7710.25,3.21752,0.0,0.0
1780412039.9397051,gemma-2-9b-it-Q4_K_M.gguf,7710.25,2.53757,0.0,0.0
1780412040.446532,gemma-2-9b-it-Q4_K_M.gguf,7710.25,2.9836300000000002,0.0,0.0
1780412040.9543328,gemma-2-9b-it-Q4_K_M.gguf,120.16,3.1176999999999997,0.0,0.0
1780412042.790097,gemma-2-9b-it-Q4_K_M.gguf,7729.88,5.04164,0.0,0.0
1780412043.2967732,gemma-2-9b-it-Q4_K_M.gguf,7729.94,2.9121300000000003,0.0,0.0
1780412043.803711,gemma-2-9b-it-Q4_K_M.gguf,7729.94,3.32742,0.0,0.0
1780412044.31057,gemma-2-9b-it-Q4_K_M.gguf,7729.94,3.41552,0.0,0.0
1780412044.817955,gemma-2-9b-it-Q4_K_M.gguf,7729.94,3.2303699999999997,0.0,0.0
1780412045.3247738,gemma-2-9b-it-Q4_K_M.gguf,7729.94,3.15149,0.0,0.0
1780412045.831826,gemma-2-9b-it-Q4_K_M.gguf,7729.94,3.1112100000000003,0.0,0.0
1780412046.338592,gemma-2-9b-it-Q4_K_M.gguf,7729.94,3.34728,0.0,0.0
1780412046.845975,gemma-2-9b-it-Q4_K_M.gguf,7729.92,3.49747,0.0,0.0
1780412047.353174,gemma-2-9b-it-Q4_K_M.gguf,7729.92,3.19189,0.0,0.0
1780412047.859475,gemma-2-9b-it-Q4_K_M.gguf,7729.92,3.21388,0.0,0.0
1780412048.366737,gemma-2-9b-it-Q4_K_M.gguf,7729.92,2.91946,0.0,0.0
1780412048.873523,gemma-2-9b-it-Q4_K_M.gguf,7729.92,3.50262,0.0,0.0
1780412049.380768,gemma-2-9b-it-Q4_K_M.gguf,7729.92,3.10575,0.0,0.0
1780412049.8872828,gemma-2-9b-it-Q4_K_M.gguf,7729.92,3.5356300000000003,0.0,0.0
1780412050.394681,gemma-2-9b-it-Q4_K_M.gguf,7729.92,3.89893,0.0,0.0
1780412050.902095,gemma-2-9b-it-Q4_K_M.gguf,7729.92,2.8966,0.0,0.0
1780412051.408808,gemma-2-9b-it-Q4_K_M.gguf,7729.92,3.12361,0.0,0.0
1780412051.9158819,gemma-2-9b-it-Q4_K_M.gguf,7729.92,3.0640500000000004,0.0,0.0
1780412052.4218361,gemma-2-9b-it-Q4_K_M.gguf,7729.92,3.23039,0.0,0.0
1780412052.928839,gemma-2-9b-it-Q4_K_M.gguf,7729.92,3.2471900000000002,0.0,0.0
1780412053.436299,gemma-2-9b-it-Q4_K_M.gguf,7729.92,3.27854,0.0,0.0
1780412053.943265,gemma-2-9b-it-Q4_K_M.gguf,7729.92,3.37128,0.0,0.0
1780412054.450609,gemma-2-9b-it-Q4_K_M.gguf,7729.92,3.17553,0.0,0.0
1780412054.958158,gemma-2-9b-it-Q4_K_M.gguf,7729.92,3.17463,0.0,0.0
1780412055.465772,gemma-2-9b-it-Q4_K_M.gguf,7729.92,3.02493,0.0,0.0
1780412055.9726799,gemma-2-9b-it-Q4_K_M.gguf,7729.92,3.2209299999999996,0.0,0.0
1780412056.479742,gemma-2-9b-it-Q4_K_M.gguf,7729.92,3.06291,0.0,0.0
1780412056.9868422,gemma-2-9b-it-Q4_K_M.gguf,7729.92,3.44313,0.0,0.0
1780412057.493661,gemma-2-9b-it-Q4_K_M.gguf,7729.92,3.2094699999999996,0.0,0.0
1780412058.000627,gemma-2-9b-it-Q4_K_M.gguf,7729.92,3.14663,0.0,0.0
1780412058.507746,gemma-2-9b-it-Q4_K_M.gguf,7729.94,3.3997800000000002,0.0,0.0
1780412059.0148532,gemma-2-9b-it-Q4_K_M.gguf,7729.94,3.19692,0.0,0.0
1780412059.521777,gemma-2-9b-it-Q4_K_M.gguf,7729.95,3.54154,0.0,0.0
1780412060.028739,gemma-2-9b-it-Q4_K_M.gguf,7729.95,3.4742800000000003,0.0,0.0
1780412060.536195,gemma-2-9b-it-Q4_K_M.gguf,7729.95,3.50025,0.0,0.0
1780412061.042905,gemma-2-9b-it-Q4_K_M.gguf,7729.95,2.6633899999999997,0.0,0.0
1780412061.550223,gemma-2-9b-it-Q4_K_M.gguf,7729.97,3.2317,0.0,0.0
1780412062.0565262,gemma-2-9b-it-Q4_K_M.gguf,7729.97,3.23885,0.0,0.0
1780412062.563573,gemma-2-9b-it-Q4_K_M.gguf,7729.97,2.93396,0.0,0.0
1780412063.0701718,gemma-2-9b-it-Q4_K_M.gguf,7729.97,3.44132,0.0,0.0
1780412063.577921,gemma-2-9b-it-Q4_K_M.gguf,7729.97,3.30329,0.0,0.0
1780412064.085087,gemma-2-9b-it-Q4_K_M.gguf,7729.97,3.1213200000000003,0.0,0.0
1780412064.592569,gemma-2-9b-it-Q4_K_M.gguf,7729.97,3.0928,0.0,0.0
1780412065.099249,gemma-2-9b-it-Q4_K_M.gguf,7729.97,3.06906,0.0,0.0
1780412065.60686,gemma-2-9b-it-Q4_K_M.gguf,7729.97,3.2741599999999997,0.0,0.0
1780412066.113281,gemma-2-9b-it-Q4_K_M.gguf,7729.97,3.53303,0.0,0.0
1780412066.620678,gemma-2-9b-it-Q4_K_M.gguf,7729.97,3.5207100000000002,0.0,0.0
1780412068.887032,gemma-2-9b-it-Q4_K_M.gguf,7696.09,4.50521,0.0,0.0
1780412069.3937862,gemma-2-9b-it-Q4_K_M.gguf,7699.08,2.90517,0.0,0.0
1780412069.900227,gemma-2-9b-it-Q4_K_M.gguf,7699.11,3.13887,0.0,0.0
1780412070.407318,gemma-2-9b-it-Q4_K_M.gguf,7699.14,3.82442,0.0,0.0
1780412070.914691,gemma-2-9b-it-Q4_K_M.gguf,7699.16,3.4662800000000002,0.0,0.0
1780412071.421778,gemma-2-9b-it-Q4_K_M.gguf,7699.16,3.26165,0.0,0.0
1780412071.929157,gemma-2-9b-it-Q4_K_M.gguf,7699.16,3.30767,0.0,0.0
1780412072.4361,gemma-2-9b-it-Q4_K_M.gguf,7699.16,3.28543,0.0,0.0
1780412072.943329,gemma-2-9b-it-Q4_K_M.gguf,7699.12,2.99698,0.0,0.0
1780412073.45069,gemma-2-9b-it-Q4_K_M.gguf,7699.12,3.08796,0.0,0.0
1780412073.957609,gemma-2-9b-it-Q4_K_M.gguf,7699.12,3.3653899999999997,0.0,0.0
1780412074.464413,gemma-2-9b-it-Q4_K_M.gguf,7699.12,3.3378699999999997,0.0,0.0
1780412074.971133,gemma-2-9b-it-Q4_K_M.gguf,7699.12,3.28667,0.0,0.0
1780412075.4784472,gemma-2-9b-it-Q4_K_M.gguf,7699.12,3.12886,0.0,0.0
1780412075.985638,gemma-2-9b-it-Q4_K_M.gguf,7699.12,3.2514499999999997,0.0,0.0
1780412076.4924831,gemma-2-9b-it-Q4_K_M.gguf,7699.12,3.29722,0.0,0.0
1780412076.999524,gemma-2-9b-it-Q4_K_M.gguf,7699.12,3.41958,0.0,0.0
1780412077.5077891,gemma-2-9b-it-Q4_K_M.gguf,7699.12,3.7393899999999998,0.0,0.0
1780412078.0140228,gemma-2-9b-it-Q4_K_M.gguf,7699.12,3.21114,0.0,0.0
1780412078.5210218,gemma-2-9b-it-Q4_K_M.gguf,7699.12,3.29099,0.0,0.0
1780412079.028075,gemma-2-9b-it-Q4_K_M.gguf,7699.12,2.93746,0.0,0.0
1780412079.535017,gemma-2-9b-it-Q4_K_M.gguf,7699.12,3.2747800000000002,0.0,0.0
1780412080.04239,gemma-2-9b-it-Q4_K_M.gguf,7699.12,3.2816,0.0,0.0
1780412080.549821,gemma-2-9b-it-Q4_K_M.gguf,7699.12,3.0254000000000003,0.0,0.0
1780412081.056737,gemma-2-9b-it-Q4_K_M.gguf,7699.12,3.29447,0.0,0.0
1780412081.563906,gemma-2-9b-it-Q4_K_M.gguf,7699.12,3.28598,0.0,0.0
1780412082.070752,gemma-2-9b-it-Q4_K_M.gguf,7699.12,3.3425700000000003,0.0,0.0
1780412082.57813,gemma-2-9b-it-Q4_K_M.gguf,7699.12,3.26923,0.0,0.0
1780412083.085248,gemma-2-9b-it-Q4_K_M.gguf,7699.12,3.33044,0.0,0.0
1780412083.59273,gemma-2-9b-it-Q4_K_M.gguf,7699.12,3.03095,0.0,0.0
1780412084.099494,gemma-2-9b-it-Q4_K_M.gguf,7699.12,3.331,0.0,0.0
1780412084.6062489,gemma-2-9b-it-Q4_K_M.gguf,7699.12,3.3872199999999997,0.0,0.0
1780412085.113299,gemma-2-9b-it-Q4_K_M.gguf,7699.12,3.0796300000000003,0.0,0.0
1780412085.621326,gemma-2-9b-it-Q4_K_M.gguf,7699.12,3.23737,0.0,0.0
1780412086.127865,gemma-2-9b-it-Q4_K_M.gguf,7699.12,3.33154,0.0,0.0
1780412086.634799,gemma-2-9b-it-Q4_K_M.gguf,7699.12,3.49816,0.0,0.0
1780412087.142024,gemma-2-9b-it-Q4_K_M.gguf,7699.12,3.24115,0.0,0.0
1780412087.6493561,gemma-2-9b-it-Q4_K_M.gguf,7699.14,3.2794299999999996,0.0,0.0
1780412088.1559339,gemma-2-9b-it-Q4_K_M.gguf,7699.16,3.3180500000000004,0.0,0.0
1780412088.662823,gemma-2-9b-it-Q4_K_M.gguf,7699.16,3.09263,0.0,0.0
1780412089.169771,gemma-2-9b-it-Q4_K_M.gguf,7699.16,3.34776,0.0,0.0
1780412089.677001,gemma-2-9b-it-Q4_K_M.gguf,7699.16,3.16141,0.0,0.0
1780412090.18415,gemma-2-9b-it-Q4_K_M.gguf,7699.16,3.25719,0.0,0.0
1780412090.691531,gemma-2-9b-it-Q4_K_M.gguf,7699.16,3.27957,0.0,0.0
1780412091.198478,gemma-2-9b-it-Q4_K_M.gguf,7699.16,3.1212,0.0,0.0
1780412091.705343,gemma-2-9b-it-Q4_K_M.gguf,7699.16,3.32036,0.0,0.0
1780412092.212165,gemma-2-9b-it-Q4_K_M.gguf,7699.16,3.07653,0.0,0.0
1780412092.719533,gemma-2-9b-it-Q4_K_M.gguf,7699.16,3.5708200000000003,0.0,0.0
1780412094.92497,gemma-2-9b-it-Q4_K_M.gguf,7694.03,4.09817,0.0,0.0
1780412095.431602,gemma-2-9b-it-Q4_K_M.gguf,7694.08,2.51572,0.0,0.0
1780412095.938643,gemma-2-9b-it-Q4_K_M.gguf,7694.09,3.2216199999999997,0.0,0.0
1780412096.4457128,gemma-2-9b-it-Q4_K_M.gguf,7694.09,3.74528,0.0,0.0
1780412096.952566,gemma-2-9b-it-Q4_K_M.gguf,7694.09,3.81472,0.0,0.0
1780412097.459311,gemma-2-9b-it-Q4_K_M.gguf,7694.09,3.39859,0.0,0.0
1780412097.966487,gemma-2-9b-it-Q4_K_M.gguf,7694.09,3.42563,0.0,0.0
1780412098.473435,gemma-2-9b-it-Q4_K_M.gguf,7694.09,3.28064,0.0,0.0
1780412098.980509,gemma-2-9b-it-Q4_K_M.gguf,7694.09,3.2734,0.0,0.0
1780412099.487574,gemma-2-9b-it-Q4_K_M.gguf,7694.09,3.0433000000000003,0.0,0.0
1780412099.9945211,gemma-2-9b-it-Q4_K_M.gguf,7694.09,3.13165,0.0,0.0
1780412100.501408,gemma-2-9b-it-Q4_K_M.gguf,7694.09,3.2570900000000003,0.0,0.0
1780412101.008727,gemma-2-9b-it-Q4_K_M.gguf,7694.09,3.4728499999999998,0.0,0.0
1780412101.516018,gemma-2-9b-it-Q4_K_M.gguf,7694.09,3.30709,0.0,0.0
1780412102.022584,gemma-2-9b-it-Q4_K_M.gguf,7694.09,3.39743,0.0,0.0
1780412102.529803,gemma-2-9b-it-Q4_K_M.gguf,7694.09,3.11871,0.0,0.0
1780412103.0370948,gemma-2-9b-it-Q4_K_M.gguf,7694.11,3.3526599999999998,0.0,0.0
1780412103.543821,gemma-2-9b-it-Q4_K_M.gguf,7694.11,3.17376,0.0,0.0
1780412104.051274,gemma-2-9b-it-Q4_K_M.gguf,7694.11,3.44197,0.0,0.0
1780412104.557855,gemma-2-9b-it-Q4_K_M.gguf,7694.11,3.27531,0.0,0.0
1780412105.063735,gemma-2-9b-it-Q4_K_M.gguf,7694.11,3.18106,0.0,0.0
1780412105.570681,gemma-2-9b-it-Q4_K_M.gguf,7694.16,3.20667,0.0,0.0
1780412106.077761,gemma-2-9b-it-Q4_K_M.gguf,7694.16,3.32167,0.0,0.0
1780412106.584765,gemma-2-9b-it-Q4_K_M.gguf,7694.16,3.27184,0.0,0.0
1780412107.0916932,gemma-2-9b-it-Q4_K_M.gguf,7694.16,3.0245900000000003,0.0,0.0
1780412107.598719,gemma-2-9b-it-Q4_K_M.gguf,7694.16,3.1046799999999997,0.0,0.0
1780412108.105833,gemma-2-9b-it-Q4_K_M.gguf,7694.11,3.32558,0.0,0.0
1780412108.6128058,gemma-2-9b-it-Q4_K_M.gguf,7694.11,2.99022,0.0,0.0
1780412109.119402,gemma-2-9b-it-Q4_K_M.gguf,7694.11,3.31802,0.0,0.0
1780412109.6262012,gemma-2-9b-it-Q4_K_M.gguf,7694.11,3.3704699999999996,0.0,0.0
1780412110.133652,gemma-2-9b-it-Q4_K_M.gguf,7694.11,3.24743,0.0,0.0
1780412110.640589,gemma-2-9b-it-Q4_K_M.gguf,7694.12,3.3284000000000002,0.0,0.0
1780412111.148242,gemma-2-9b-it-Q4_K_M.gguf,7694.12,2.96286,0.0,0.0
1780412111.6553988,gemma-2-9b-it-Q4_K_M.gguf,7694.12,3.19854,0.0,0.0
1780412112.162316,gemma-2-9b-it-Q4_K_M.gguf,7694.12,3.33241,0.0,0.0
1780412112.669652,gemma-2-9b-it-Q4_K_M.gguf,7694.12,3.04196,0.0,0.0
1780412113.176964,gemma-2-9b-it-Q4_K_M.gguf,7694.12,3.19366,0.0,0.0
1780412113.684222,gemma-2-9b-it-Q4_K_M.gguf,7694.12,3.28544,0.0,0.0
1780412114.191446,gemma-2-9b-it-Q4_K_M.gguf,7694.12,3.1924200000000003,0.0,0.0
1780412114.699145,gemma-2-9b-it-Q4_K_M.gguf,7694.12,2.98187,0.0,0.0
1780412115.2055428,gemma-2-9b-it-Q4_K_M.gguf,7694.12,3.2836,0.0,0.0
1780412115.712485,gemma-2-9b-it-Q4_K_M.gguf,7694.12,3.0256999999999996,0.0,0.0
1780412116.219498,gemma-2-9b-it-Q4_K_M.gguf,7694.17,3.33513,0.0,0.0
1780412116.726649,gemma-2-9b-it-Q4_K_M.gguf,7694.17,3.1066700000000003,0.0,0.0
1780412117.233074,gemma-2-9b-it-Q4_K_M.gguf,7694.17,2.96066,0.0,0.0
1780412117.739886,gemma-2-9b-it-Q4_K_M.gguf,7694.17,2.57123,0.0,0.0
1780412118.246907,gemma-2-9b-it-Q4_K_M.gguf,7694.17,2.8380799999999997,0.0,0.0
1780412144.0071218,Meta-Llama-3.1-8B-Instruct-Q4_K_M.gguf,4863.44,6.95616,0.0,0.0
1780412144.5140202,Meta-Llama-3.1-8B-Instruct-Q4_K_M.gguf,4863.44,3.1968400000000003,0.0,0.0
1780412145.02089,Meta-Llama-3.1-8B-Instruct-Q4_K_M.gguf,4863.44,3.15036,0.0,0.0
1780412145.528151,Meta-Llama-3.1-8B-Instruct-Q4_K_M.gguf,4863.44,3.08898,0.0,0.0
1780412146.0354629,Meta-Llama-3.1-8B-Instruct-Q4_K_M.gguf,4863.44,3.4165,0.0,0.0
1780412146.54244,Meta-Llama-3.1-8B-Instruct-Q4_K_M.gguf,4863.45,3.2357600000000004,0.0,0.0
1780412147.049355,Meta-Llama-3.1-8B-Instruct-Q4_K_M.gguf,4863.45,2.8333600000000003,0.0,0.0
1780412147.5560892,Meta-Llama-3.1-8B-Instruct-Q4_K_M.gguf,4863.45,3.05825,0.0,0.0
1780412148.063869,Meta-Llama-3.1-8B-Instruct-Q4_K_M.gguf,4863.44,3.16628,0.0,0.0
1780412148.570583,Meta-Llama-3.1-8B-Instruct-Q4_K_M.gguf,4863.44,3.40022,0.0,0.0
1780412149.077622,Meta-Llama-3.1-8B-Instruct-Q4_K_M.gguf,4863.44,3.20004,0.0,0.0
1780412149.584525,Meta-Llama-3.1-8B-Instruct-Q4_K_M.gguf,4863.44,3.2600599999999997,0.0,0.0
1780412150.0910761,Meta-Llama-3.1-8B-Instruct-Q4_K_M.gguf,4863.44,3.06557,0.0,0.0
1780412150.597903,Meta-Llama-3.1-8B-Instruct-Q4_K_M.gguf,4863.44,3.2081399999999998,0.0,0.0
1780412151.104966,Meta-Llama-3.1-8B-Instruct-Q4_K_M.gguf,4863.44,3.21604,0.0,0.0
1780412151.6117098,Meta-Llama-3.1-8B-Instruct-Q4_K_M.gguf,4863.44,3.3303000000000003,0.0,0.0
1780412152.118363,Meta-Llama-3.1-8B-Instruct-Q4_K_M.gguf,4863.44,3.2793699999999997,0.0,0.0
1780412152.6256151,Meta-Llama-3.1-8B-Instruct-Q4_K_M.gguf,4863.44,3.27814,0.0,0.0
1780412153.1325839,Meta-Llama-3.1-8B-Instruct-Q4_K_M.gguf,4863.44,2.98697,0.0,0.0
1780412153.6395662,Meta-Llama-3.1-8B-Instruct-Q4_K_M.gguf,4863.44,3.3543499999999997,0.0,0.0
1780412154.146654,Meta-Llama-3.1-8B-Instruct-Q4_K_M.gguf,4863.44,3.03187,0.0,0.0
1780412154.653365,Meta-Llama-3.1-8B-Instruct-Q4_K_M.gguf,4863.44,3.19447,0.0,0.0
1780412155.1606998,Meta-Llama-3.1-8B-Instruct-Q4_K_M.gguf,4863.44,3.21455,0.0,0.0
1780412155.667561,Meta-Llama-3.1-8B-Instruct-Q4_K_M.gguf,4863.44,3.35697,0.0,0.0
1780412156.174633,Meta-Llama-3.1-8B-Instruct-Q4_K_M.gguf,4863.44,3.40628,0.0,0.0
1780412156.6818519,Meta-Llama-3.1-8B-Instruct-Q4_K_M.gguf,4863.44,3.04283,0.0,0.0
1780412157.18886,Meta-Llama-3.1-8B-Instruct-Q4_K_M.gguf,4863.44,3.18615,0.0,0.0
1780412157.6961842,Meta-Llama-3.1-8B-Instruct-Q4_K_M.gguf,4863.44,3.26469,0.0,0.0
1780412158.202831,Meta-Llama-3.1-8B-Instruct-Q4_K_M.gguf,4863.44,3.29204,0.0,0.0
1780412158.710471,Meta-Llama-3.1-8B-Instruct-Q4_K_M.gguf,4863.44,3.14859,0.0,0.0
1780412159.217249,Meta-Llama-3.1-8B-Instruct-Q4_K_M.gguf,4863.44,3.2752600000000003,0.0,0.0
1780412159.724392,Meta-Llama-3.1-8B-Instruct-Q4_K_M.gguf,4863.44,3.1152399999999996,0.0,0.0
1780412160.2323031,Meta-Llama-3.1-8B-Instruct-Q4_K_M.gguf,4863.44,2.99716,0.0,0.0
1780412160.7389581,Meta-Llama-3.1-8B-Instruct-Q4_K_M.gguf,4863.44,3.27588,0.0,0.0
1780412161.246048,Meta-Llama-3.1-8B-Instruct-Q4_K_M.gguf,4863.44,3.42957,0.0,0.0
1780412161.7529879,Meta-Llama-3.1-8B-Instruct-Q4_K_M.gguf,4863.44,3.1525100000000004,0.0,0.0
1780412162.259991,Meta-Llama-3.1-8B-Instruct-Q4_K_M.gguf,111.97,3.09518,0.0,0.0
1780412164.52905,Meta-Llama-3.1-8B-Instruct-Q4_K_M.gguf,4886.39,4.70302,0.0,0.0
1780412165.0358348,Meta-Llama-3.1-8B-Instruct-Q4_K_M.gguf,4886.39,2.94403,0.0,0.0
1780412165.542409,Meta-Llama-3.1-8B-Instruct-Q4_K_M.gguf,4886.42,2.94046,0.0,0.0
1780412166.049552,Meta-Llama-3.1-8B-Instruct-Q4_K_M.gguf,4886.45,3.28587,0.0,0.0
1780412166.556675,Meta-Llama-3.1-8B-Instruct-Q4_K_M.gguf,4886.47,3.2241500000000003,0.0,0.0
1780412167.064845,Meta-Llama-3.1-8B-Instruct-Q4_K_M.gguf,4886.48,3.5488299999999997,0.0,0.0
1780412167.571358,Meta-Llama-3.1-8B-Instruct-Q4_K_M.gguf,4886.48,3.21238,0.0,0.0
1780412168.078513,Meta-Llama-3.1-8B-Instruct-Q4_K_M.gguf,4886.48,3.19028,0.0,0.0
1780412168.5852642,Meta-Llama-3.1-8B-Instruct-Q4_K_M.gguf,4886.47,3.24955,0.0,0.0
1780412169.092566,Meta-Llama-3.1-8B-Instruct-Q4_K_M.gguf,4886.47,3.18296,0.0,0.0
1780412169.5994391,Meta-Llama-3.1-8B-Instruct-Q4_K_M.gguf,4886.47,3.27319,0.0,0.0
1780412170.106452,Meta-Llama-3.1-8B-Instruct-Q4_K_M.gguf,4886.47,3.32068,0.0,0.0
1780412170.6139278,Meta-Llama-3.1-8B-Instruct-Q4_K_M.gguf,4886.47,3.36044,0.0,0.0
1780412171.1206112,Meta-Llama-3.1-8B-Instruct-Q4_K_M.gguf,4886.47,2.9817600000000004,0.0,0.0
1780412171.6279948,Meta-Llama-3.1-8B-Instruct-Q4_K_M.gguf,4886.47,2.89407,0.0,0.0
1780412172.13457,Meta-Llama-3.1-8B-Instruct-Q4_K_M.gguf,4886.47,3.3791599999999997,0.0,0.0
1780412172.6416929,Meta-Llama-3.1-8B-Instruct-Q4_K_M.gguf,4886.47,3.57558,0.0,0.0
1780412173.14876,Meta-Llama-3.1-8B-Instruct-Q4_K_M.gguf,4886.47,3.01436,0.0,0.0
1780412173.6557639,Meta-Llama-3.1-8B-Instruct-Q4_K_M.gguf,4886.47,3.33515,0.0,0.0
1780412174.16304,Meta-Llama-3.1-8B-Instruct-Q4_K_M.gguf,4886.47,3.1626399999999997,0.0,0.0
1780412174.670339,Meta-Llama-3.1-8B-Instruct-Q4_K_M.gguf,4886.47,3.2282100000000002,0.0,0.0
1780412175.177577,Meta-Llama-3.1-8B-Instruct-Q4_K_M.gguf,4886.47,3.09496,0.0,0.0
1780412175.6847548,Meta-Llama-3.1-8B-Instruct-Q4_K_M.gguf,4886.47,3.3057600000000003,0.0,0.0
1780412176.191665,Meta-Llama-3.1-8B-Instruct-Q4_K_M.gguf,4886.47,3.33227,0.0,0.0
1780412176.698462,Meta-Llama-3.1-8B-Instruct-Q4_K_M.gguf,4886.47,3.12194,0.0,0.0
1780412177.205462,Meta-Llama-3.1-8B-Instruct-Q4_K_M.gguf,4886.47,3.07589,0.0,0.0
1780412177.712862,Meta-Llama-3.1-8B-Instruct-Q4_K_M.gguf,4886.47,3.36354,0.0,0.0
1780412178.2198179,Meta-Llama-3.1-8B-Instruct-Q4_K_M.gguf,4886.47,3.23471,0.0,0.0
1780412178.727232,Meta-Llama-3.1-8B-Instruct-Q4_K_M.gguf,4886.47,3.26348,0.0,0.0
1780412179.2346082,Meta-Llama-3.1-8B-Instruct-Q4_K_M.gguf,4886.47,3.01491,0.0,0.0
1780412179.739577,Meta-Llama-3.1-8B-Instruct-Q4_K_M.gguf,4886.47,3.16948,0.0,0.0
1780412180.246903,Meta-Llama-3.1-8B-Instruct-Q4_K_M.gguf,4886.47,3.16861,0.0,0.0
1780412180.7535732,Meta-Llama-3.1-8B-Instruct-Q4_K_M.gguf,4886.47,3.27323,0.0,0.0
1780412181.260499,Meta-Llama-3.1-8B-Instruct-Q4_K_M.gguf,4886.47,3.20208,0.0,0.0
1780412181.76761,Meta-Llama-3.1-8B-Instruct-Q4_K_M.gguf,4886.47,3.25965,0.0,0.0
1780412182.274791,Meta-Llama-3.1-8B-Instruct-Q4_K_M.gguf,4886.47,3.1967600000000003,0.0,0.0
1780412182.781612,Meta-Llama-3.1-8B-Instruct-Q4_K_M.gguf,4886.47,3.03193,0.0,0.0
1780412185.0252402,Meta-Llama-3.1-8B-Instruct-Q4_K_M.gguf,4884.31,3.68367,0.0,0.0
1780412185.532813,Meta-Llama-3.1-8B-Instruct-Q4_K_M.gguf,4884.34,2.64476,0.0,0.0
1780412186.038903,Meta-Llama-3.1-8B-Instruct-Q4_K_M.gguf,4884.36,3.0650399999999998,0.0,0.0
1780412186.545792,Meta-Llama-3.1-8B-Instruct-Q4_K_M.gguf,4884.36,3.65698,0.0,0.0
1780412187.0529978,Meta-Llama-3.1-8B-Instruct-Q4_K_M.gguf,4884.38,3.6115399999999998,0.0,0.0
1780412187.559916,Meta-Llama-3.1-8B-Instruct-Q4_K_M.gguf,4884.38,3.3944699999999997,0.0,0.0
1780412188.0669708,Meta-Llama-3.1-8B-Instruct-Q4_K_M.gguf,4884.38,3.26337,0.0,0.0
1780412188.57392,Meta-Llama-3.1-8B-Instruct-Q4_K_M.gguf,4884.38,3.11325,0.0,0.0
1780412189.0806909,Meta-Llama-3.1-8B-Instruct-Q4_K_M.gguf,4884.38,3.36643,0.0,0.0
1780412189.587438,Meta-Llama-3.1-8B-Instruct-Q4_K_M.gguf,4884.38,3.27227,0.0,0.0
1780412190.094526,Meta-Llama-3.1-8B-Instruct-Q4_K_M.gguf,4884.38,2.9533899999999997,0.0,0.0
1780412190.60184,Meta-Llama-3.1-8B-Instruct-Q4_K_M.gguf,4884.38,3.2527600000000003,0.0,0.0
1780412191.1082602,Meta-Llama-3.1-8B-Instruct-Q4_K_M.gguf,4884.38,3.36462,0.0,0.0
1780412191.615511,Meta-Llama-3.1-8B-Instruct-Q4_K_M.gguf,4884.38,3.21259,0.0,0.0
1780412192.122664,Meta-Llama-3.1-8B-Instruct-Q4_K_M.gguf,4884.36,3.3087,0.0,0.0
1780412192.630708,Meta-Llama-3.1-8B-Instruct-Q4_K_M.gguf,4884.36,3.17667,0.0,0.0
1780412193.137721,Meta-Llama-3.1-8B-Instruct-Q4_K_M.gguf,4884.36,3.06507,0.0,0.0
1780412193.645113,Meta-Llama-3.1-8B-Instruct-Q4_K_M.gguf,4884.36,3.1016,0.0,0.0
1780412194.152152,Meta-Llama-3.1-8B-Instruct-Q4_K_M.gguf,4884.36,3.15623,0.0,0.0
1780412194.6593568,Meta-Llama-3.1-8B-Instruct-Q4_K_M.gguf,4884.36,3.1306599999999998,0.0,0.0
1780412195.16632,Meta-Llama-3.1-8B-Instruct-Q4_K_M.gguf,4884.36,3.18013,0.0,0.0
1780412195.673385,Meta-Llama-3.1-8B-Instruct-Q4_K_M.gguf,4884.36,3.2005,0.0,0.0
1780412196.1809201,Meta-Llama-3.1-8B-Instruct-Q4_K_M.gguf,4884.36,3.09617,0.0,0.0
1780412196.688229,Meta-Llama-3.1-8B-Instruct-Q4_K_M.gguf,4884.36,3.3561199999999998,0.0,0.0
1780412197.195466,Meta-Llama-3.1-8B-Instruct-Q4_K_M.gguf,4884.36,3.2607600000000003,0.0,0.0
1780412197.702537,Meta-Llama-3.1-8B-Instruct-Q4_K_M.gguf,4884.36,3.4485900000000003,0.0,0.0
1780412198.210009,Meta-Llama-3.1-8B-Instruct-Q4_K_M.gguf,4884.36,3.17401,0.0,0.0
1780412198.715683,Meta-Llama-3.1-8B-Instruct-Q4_K_M.gguf,4884.36,3.12123,0.0,0.0
1780412199.222208,Meta-Llama-3.1-8B-Instruct-Q4_K_M.gguf,4884.36,3.37657,0.0,0.0
1780412199.729381,Meta-Llama-3.1-8B-Instruct-Q4_K_M.gguf,4884.36,3.09772,0.0,0.0
1780412200.235874,Meta-Llama-3.1-8B-Instruct-Q4_K_M.gguf,4884.36,3.2737,0.0,0.0
1780412200.742965,Meta-Llama-3.1-8B-Instruct-Q4_K_M.gguf,4884.36,3.06881,0.0,0.0
1780412201.25006,Meta-Llama-3.1-8B-Instruct-Q4_K_M.gguf,4884.36,3.2910500000000003,0.0,0.0
1780412201.756825,Meta-Llama-3.1-8B-Instruct-Q4_K_M.gguf,4884.36,3.29298,0.0,0.0
1780412202.264149,Meta-Llama-3.1-8B-Instruct-Q4_K_M.gguf,4884.36,3.20461,0.0,0.0
1780412202.77133,Meta-Llama-3.1-8B-Instruct-Q4_K_M.gguf,4884.36,3.25752,0.0,0.0
1780412203.2792299,Meta-Llama-3.1-8B-Instruct-Q4_K_M.gguf,4884.36,3.00863,0.0,0.0
1780412203.7855449,Meta-Llama-3.1-8B-Instruct-Q4_K_M.gguf,4884.36,3.19806,0.0,0.0
1780412205.997654,Meta-Llama-3.1-8B-Instruct-Q4_K_M.gguf,4873.91,3.73413,0.0,0.0
1780412206.50372,Meta-Llama-3.1-8B-Instruct-Q4_K_M.gguf,4873.91,2.91419,0.0,0.0
1780412207.010644,Meta-Llama-3.1-8B-Instruct-Q4_K_M.gguf,4873.94,3.00284,0.0,0.0
1780412207.517733,Meta-Llama-3.1-8B-Instruct-Q4_K_M.gguf,4873.95,3.7303699999999997,0.0,0.0
1780412208.024399,Meta-Llama-3.1-8B-Instruct-Q4_K_M.gguf,4873.97,3.9340300000000004,0.0,0.0
1780412208.531625,Meta-Llama-3.1-8B-Instruct-Q4_K_M.gguf,4873.98,3.06563,0.0,0.0
1780412209.03842,Meta-Llama-3.1-8B-Instruct-Q4_K_M.gguf,4873.98,3.15915,0.0,0.0
1780412209.545749,Meta-Llama-3.1-8B-Instruct-Q4_K_M.gguf,4873.98,2.81421,0.0,0.0
1780412210.052589,Meta-Llama-3.1-8B-Instruct-Q4_K_M.gguf,4873.98,2.88435,0.0,0.0
1780412210.560044,Meta-Llama-3.1-8B-Instruct-Q4_K_M.gguf,4873.98,3.2172899999999998,0.0,0.0
1780412211.066611,Meta-Llama-3.1-8B-Instruct-Q4_K_M.gguf,4873.98,3.05766,0.0,0.0
1780412211.573492,Meta-Llama-3.1-8B-Instruct-Q4_K_M.gguf,4873.98,3.1826,0.0,0.0
1780412212.080887,Meta-Llama-3.1-8B-Instruct-Q4_K_M.gguf,4873.98,3.12848,0.0,0.0
1780412212.587609,Meta-Llama-3.1-8B-Instruct-Q4_K_M.gguf,4873.98,3.37848,0.0,0.0
1780412213.095052,Meta-Llama-3.1-8B-Instruct-Q4_K_M.gguf,4873.97,3.11627,0.0,0.0
1780412213.602258,Meta-Llama-3.1-8B-Instruct-Q4_K_M.gguf,4873.97,3.0774299999999997,0.0,0.0
1780412214.1077828,Meta-Llama-3.1-8B-Instruct-Q4_K_M.gguf,4873.97,3.10529,0.0,0.0
1780412214.615353,Meta-Llama-3.1-8B-Instruct-Q4_K_M.gguf,4873.97,3.12141,0.0,0.0
1780412215.122371,Meta-Llama-3.1-8B-Instruct-Q4_K_M.gguf,4873.97,3.3451999999999997,0.0,0.0
1780412215.62975,Meta-Llama-3.1-8B-Instruct-Q4_K_M.gguf,4873.97,3.23108,0.0,0.0
1780412216.135376,Meta-Llama-3.1-8B-Instruct-Q4_K_M.gguf,4873.97,3.4888000000000003,0.0,0.0
1780412216.6425889,Meta-Llama-3.1-8B-Instruct-Q4_K_M.gguf,4873.97,3.01419,0.0,0.0
1780412217.149976,Meta-Llama-3.1-8B-Instruct-Q4_K_M.gguf,4873.97,3.14865,0.0,0.0
1780412217.656903,Meta-Llama-3.1-8B-Instruct-Q4_K_M.gguf,4873.97,3.35879,0.0,0.0
1780412218.164146,Meta-Llama-3.1-8B-Instruct-Q4_K_M.gguf,4873.97,3.14404,0.0,0.0
1780412218.671308,Meta-Llama-3.1-8B-Instruct-Q4_K_M.gguf,4873.97,3.29115,0.0,0.0
1780412219.178464,Meta-Llama-3.1-8B-Instruct-Q4_K_M.gguf,4873.97,2.89154,0.0,0.0
1780412219.685303,Meta-Llama-3.1-8B-Instruct-Q4_K_M.gguf,4873.97,2.88857,0.0,0.0
1780412220.192204,Meta-Llama-3.1-8B-Instruct-Q4_K_M.gguf,4873.97,3.17653,0.0,0.0
1780412220.6992588,Meta-Llama-3.1-8B-Instruct-Q4_K_M.gguf,4873.98,3.18392,0.0,0.0
1780412221.206337,Meta-Llama-3.1-8B-Instruct-Q4_K_M.gguf,4873.98,3.0642199999999997,0.0,0.0
1780412221.713063,Meta-Llama-3.1-8B-Instruct-Q4_K_M.gguf,4873.98,3.4409899999999998,0.0,0.0
1780412222.219985,Meta-Llama-3.1-8B-Instruct-Q4_K_M.gguf,4873.98,3.21511,0.0,0.0
1780412222.727402,Meta-Llama-3.1-8B-Instruct-Q4_K_M.gguf,4873.98,3.37033,0.0,0.0
1780412223.234375,Meta-Llama-3.1-8B-Instruct-Q4_K_M.gguf,4873.98,3.17505,0.0,0.0
1780412223.7411919,Meta-Llama-3.1-8B-Instruct-Q4_K_M.gguf,4873.98,3.30463,0.0,0.0
1780412224.248647,Meta-Llama-3.1-8B-Instruct-Q4_K_M.gguf,4873.98,3.21319,0.0,0.0
1780412224.7638159,Meta-Llama-3.1-8B-Instruct-Q4_K_M.gguf,122.52,3.14384,0.0,0.0
1780412227.035882,Meta-Llama-3.1-8B-Instruct-Q4_K_M.gguf,4888.66,4.600899999999999,0.0,0.0
1780412227.543094,Meta-Llama-3.1-8B-Instruct-Q4_K_M.gguf,4888.66,3.2970300000000003,0.0,0.0
1780412228.0499918,Meta-Llama-3.1-8B-Instruct-Q4_K_M.gguf,4888.66,3.22295,0.0,0.0
1780412228.556938,Meta-Llama-3.1-8B-Instruct-Q4_K_M.gguf,4888.66,3.58764,0.0,0.0
1780412229.063993,Meta-Llama-3.1-8B-Instruct-Q4_K_M.gguf,4888.66,3.2818899999999998,0.0,0.0
1780412229.570693,Meta-Llama-3.1-8B-Instruct-Q4_K_M.gguf,4888.66,3.27138,0.0,0.0
1780412230.077783,Meta-Llama-3.1-8B-Instruct-Q4_K_M.gguf,4888.66,3.24952,0.0,0.0
1780412230.5848188,Meta-Llama-3.1-8B-Instruct-Q4_K_M.gguf,4888.66,3.36238,0.0,0.0
1780412231.092,Meta-Llama-3.1-8B-Instruct-Q4_K_M.gguf,4888.64,3.16963,0.0,0.0
1780412231.5991209,Meta-Llama-3.1-8B-Instruct-Q4_K_M.gguf,4888.64,3.04775,0.0,0.0
1780412232.105773,Meta-Llama-3.1-8B-Instruct-Q4_K_M.gguf,4888.64,3.2789800000000002,0.0,0.0
1780412232.6132631,Meta-Llama-3.1-8B-Instruct-Q4_K_M.gguf,4888.64,3.2384299999999997,0.0,0.0
1780412233.120225,Meta-Llama-3.1-8B-Instruct-Q4_K_M.gguf,4888.64,3.42954,0.0,0.0
1780412233.627435,Meta-Llama-3.1-8B-Instruct-Q4_K_M.gguf,4888.64,3.01247,0.0,0.0
1780412234.134639,Meta-Llama-3.1-8B-Instruct-Q4_K_M.gguf,4888.64,3.0699099999999997,0.0,0.0
1780412234.641338,Meta-Llama-3.1-8B-Instruct-Q4_K_M.gguf,4888.64,3.41424,0.0,0.0
1780412235.1486862,Meta-Llama-3.1-8B-Instruct-Q4_K_M.gguf,4888.66,3.34546,0.0,0.0
1780412235.656089,Meta-Llama-3.1-8B-Instruct-Q4_K_M.gguf,4888.66,4.51624,0.0,0.0
1780412236.16341,Meta-Llama-3.1-8B-Instruct-Q4_K_M.gguf,4888.66,2.95798,0.0,0.0
1780412236.6704,Meta-Llama-3.1-8B-Instruct-Q4_K_M.gguf,4888.66,2.95961,0.0,0.0
1780412237.1777558,Meta-Llama-3.1-8B-Instruct-Q4_K_M.gguf,4888.66,2.88937,0.0,0.0
1780412237.684574,Meta-Llama-3.1-8B-Instruct-Q4_K_M.gguf,4888.66,3.06375,0.0,0.0
1780412238.191562,Meta-Llama-3.1-8B-Instruct-Q4_K_M.gguf,4888.66,3.35161,0.0,0.0
1780412238.69916,Meta-Llama-3.1-8B-Instruct-Q4_K_M.gguf,4888.66,2.9713600000000002,0.0,0.0
1780412239.2063758,Meta-Llama-3.1-8B-Instruct-Q4_K_M.gguf,4888.66,3.2218,0.0,0.0
1780412239.713166,Meta-Llama-3.1-8B-Instruct-Q4_K_M.gguf,4888.66,3.01529,0.0,0.0
1780412240.220502,Meta-Llama-3.1-8B-Instruct-Q4_K_M.gguf,4888.66,3.0052,0.0,0.0
1780412240.7273972,Meta-Llama-3.1-8B-Instruct-Q4_K_M.gguf,4888.66,3.07639,0.0,0.0
1780412241.23394,Meta-Llama-3.1-8B-Instruct-Q4_K_M.gguf,4888.66,3.26235,0.0,0.0
1780412241.741319,Meta-Llama-3.1-8B-Instruct-Q4_K_M.gguf,4888.66,3.18819,0.0,0.0
1780412242.248276,Meta-Llama-3.1-8B-Instruct-Q4_K_M.gguf,4888.66,3.2711300000000003,0.0,0.0
1780412242.7551098,Meta-Llama-3.1-8B-Instruct-Q4_K_M.gguf,4888.66,3.09646,0.0,0.0
1780412243.262768,Meta-Llama-3.1-8B-Instruct-Q4_K_M.gguf,4888.66,3.0534299999999996,0.0,0.0
1780412243.769962,Meta-Llama-3.1-8B-Instruct-Q4_K_M.gguf,4888.66,3.21435,0.0,0.0
1780412244.277384,Meta-Llama-3.1-8B-Instruct-Q4_K_M.gguf,4888.66,3.2167800000000004,0.0,0.0
1780412244.784201,Meta-Llama-3.1-8B-Instruct-Q4_K_M.gguf,4888.66,3.13601,0.0,0.0
1780412245.29134,Meta-Llama-3.1-8B-Instruct-Q4_K_M.gguf,4888.66,3.34549,0.0,0.0
1780412247.451613,Meta-Llama-3.1-8B-Instruct-Q4_K_M.gguf,4890.95,3.2039299999999997,0.0,0.0
1780412247.9586391,Meta-Llama-3.1-8B-Instruct-Q4_K_M.gguf,4891.06,2.55842,0.0,0.0
1780412248.465429,Meta-Llama-3.1-8B-Instruct-Q4_K_M.gguf,4891.08,2.78628,0.0,0.0
1780412248.972445,Meta-Llama-3.1-8B-Instruct-Q4_K_M.gguf,4891.08,3.4131799999999997,0.0,0.0
1780412249.479807,Meta-Llama-3.1-8B-Instruct-Q4_K_M.gguf,4891.08,3.4046399999999997,0.0,0.0
1780412249.986701,Meta-Llama-3.1-8B-Instruct-Q4_K_M.gguf,4891.08,3.39798,0.0,0.0
1780412250.4934242,Meta-Llama-3.1-8B-Instruct-Q4_K_M.gguf,4891.08,3.47604,0.0,0.0
1780412251.0008051,Meta-Llama-3.1-8B-Instruct-Q4_K_M.gguf,4891.08,3.28715,0.0,0.0
1780412251.508415,Meta-Llama-3.1-8B-Instruct-Q4_K_M.gguf,4891.06,3.28717,0.0,0.0
1780412252.015084,Meta-Llama-3.1-8B-Instruct-Q4_K_M.gguf,4891.06,3.2716,0.0,0.0
1780412252.521844,Meta-Llama-3.1-8B-Instruct-Q4_K_M.gguf,4891.06,3.30272,0.0,0.0
1780412253.0291982,Meta-Llama-3.1-8B-Instruct-Q4_K_M.gguf,4891.06,3.11796,0.0,0.0
1780412253.536299,Meta-Llama-3.1-8B-Instruct-Q4_K_M.gguf,4891.06,3.0086399999999998,0.0,0.0
1780412254.043434,Meta-Llama-3.1-8B-Instruct-Q4_K_M.gguf,4891.06,3.1960300000000004,0.0,0.0
1780412254.5505862,Meta-Llama-3.1-8B-Instruct-Q4_K_M.gguf,4891.06,3.3906199999999997,0.0,0.0
1780412255.057627,Meta-Llama-3.1-8B-Instruct-Q4_K_M.gguf,4891.06,3.00766,0.0,0.0
1780412255.564967,Meta-Llama-3.1-8B-Instruct-Q4_K_M.gguf,4891.06,3.09377,0.0,0.0
1780412256.071519,Meta-Llama-3.1-8B-Instruct-Q4_K_M.gguf,4891.06,3.0919299999999996,0.0,0.0
1780412256.579444,Meta-Llama-3.1-8B-Instruct-Q4_K_M.gguf,4891.06,3.68288,0.0,0.0
1780412257.086963,Meta-Llama-3.1-8B-Instruct-Q4_K_M.gguf,4891.06,3.25248,0.0,0.0
1780412257.594364,Meta-Llama-3.1-8B-Instruct-Q4_K_M.gguf,4891.06,3.90054,0.0,0.0
1780412258.101928,Meta-Llama-3.1-8B-Instruct-Q4_K_M.gguf,4891.06,2.7950100000000004,0.0,0.0
1780412258.608787,Meta-Llama-3.1-8B-Instruct-Q4_K_M.gguf,4891.06,2.78996,0.0,0.0
1780412259.115996,Meta-Llama-3.1-8B-Instruct-Q4_K_M.gguf,4891.06,2.9448600000000003,0.0,0.0
1780412259.62304,Meta-Llama-3.1-8B-Instruct-Q4_K_M.gguf,4891.08,3.18326,0.0,0.0
1780412260.130216,Meta-Llama-3.1-8B-Instruct-Q4_K_M.gguf,4891.09,3.19066,0.0,0.0
1780412260.6365361,Meta-Llama-3.1-8B-Instruct-Q4_K_M.gguf,4891.09,3.2934,0.0,0.0
1780412261.143532,Meta-Llama-3.1-8B-Instruct-Q4_K_M.gguf,4891.09,2.97347,0.0,0.0
1780412261.650608,Meta-Llama-3.1-8B-Instruct-Q4_K_M.gguf,4891.09,3.278,0.0,0.0
1780412262.157526,Meta-Llama-3.1-8B-Instruct-Q4_K_M.gguf,4891.09,3.1296500000000003,0.0,0.0
1780412262.6648378,Meta-Llama-3.1-8B-Instruct-Q4_K_M.gguf,4891.09,3.38408,0.0,0.0
1780412263.171784,Meta-Llama-3.1-8B-Instruct-Q4_K_M.gguf,4891.09,3.3509,0.0,0.0
1780412263.679164,Meta-Llama-3.1-8B-Instruct-Q4_K_M.gguf,4891.09,3.12359,0.0,0.0
1780412264.186113,Meta-Llama-3.1-8B-Instruct-Q4_K_M.gguf,4891.09,3.3562600000000002,0.0,0.0
1780412264.693206,Meta-Llama-3.1-8B-Instruct-Q4_K_M.gguf,4891.09,3.07623,0.0,0.0
1780412265.200507,Meta-Llama-3.1-8B-Instruct-Q4_K_M.gguf,4891.09,3.23327,0.0,0.0
1780412265.7074602,Meta-Llama-3.1-8B-Instruct-Q4_K_M.gguf,4891.09,3.1854,0.0,0.0
1780412266.214824,Meta-Llama-3.1-8B-Instruct-Q4_K_M.gguf,4891.09,2.9979699999999996,0.0,0.0
1780412268.493902,Meta-Llama-3.1-8B-Instruct-Q4_K_M.gguf,4867.95,3.0229,0.0,0.0
1780412269.001133,Meta-Llama-3.1-8B-Instruct-Q4_K_M.gguf,4867.97,2.47137,0.0,0.0
1780412269.508008,Meta-Llama-3.1-8B-Instruct-Q4_K_M.gguf,4867.97,2.91135,0.0,0.0
1780412270.01474,Meta-Llama-3.1-8B-Instruct-Q4_K_M.gguf,4867.97,3.28026,0.0,0.0
1780412270.5219169,Meta-Llama-3.1-8B-Instruct-Q4_K_M.gguf,4867.97,3.6033600000000003,0.0,0.0
1780412271.029345,Meta-Llama-3.1-8B-Instruct-Q4_K_M.gguf,4867.98,3.3104400000000003,0.0,0.0
1780412271.536753,Meta-Llama-3.1-8B-Instruct-Q4_K_M.gguf,4867.98,3.5373699999999997,0.0,0.0
1780412272.043057,Meta-Llama-3.1-8B-Instruct-Q4_K_M.gguf,4867.98,3.22846,0.0,0.0
1780412272.5491579,Meta-Llama-3.1-8B-Instruct-Q4_K_M.gguf,4867.94,3.1862399999999997,0.0,0.0
1780412273.0561988,Meta-Llama-3.1-8B-Instruct-Q4_K_M.gguf,4867.94,3.0066100000000002,0.0,0.0
1780412273.5622778,Meta-Llama-3.1-8B-Instruct-Q4_K_M.gguf,4867.94,3.19309,0.0,0.0
1780412274.069303,Meta-Llama-3.1-8B-Instruct-Q4_K_M.gguf,4867.94,3.0589,0.0,0.0
1780412274.576393,Meta-Llama-3.1-8B-Instruct-Q4_K_M.gguf,4867.94,3.16924,0.0,0.0
1780412275.082987,Meta-Llama-3.1-8B-Instruct-Q4_K_M.gguf,4867.94,3.25937,0.0,0.0
1780412275.5902069,Meta-Llama-3.1-8B-Instruct-Q4_K_M.gguf,4867.94,3.0968400000000003,0.0,0.0
1780412276.0974789,Meta-Llama-3.1-8B-Instruct-Q4_K_M.gguf,4867.94,3.18714,0.0,0.0
1780412276.604178,Meta-Llama-3.1-8B-Instruct-Q4_K_M.gguf,4867.95,3.3306,0.0,0.0
1780412277.110917,Meta-Llama-3.1-8B-Instruct-Q4_K_M.gguf,4867.95,3.00796,0.0,0.0
1780412277.618047,Meta-Llama-3.1-8B-Instruct-Q4_K_M.gguf,4867.95,3.31221,0.0,0.0
1780412278.1241758,Meta-Llama-3.1-8B-Instruct-Q4_K_M.gguf,4867.95,3.07627,0.0,0.0
1780412278.631148,Meta-Llama-3.1-8B-Instruct-Q4_K_M.gguf,4867.95,2.98585,0.0,0.0
1780412279.1380448,Meta-Llama-3.1-8B-Instruct-Q4_K_M.gguf,4867.95,3.44054,0.0,0.0
1780412279.6447868,Meta-Llama-3.1-8B-Instruct-Q4_K_M.gguf,4867.95,3.13137,0.0,0.0
1780412280.151358,Meta-Llama-3.1-8B-Instruct-Q4_K_M.gguf,4867.95,3.2093000000000003,0.0,0.0
1780412280.658415,Meta-Llama-3.1-8B-Instruct-Q4_K_M.gguf,4867.97,3.33727,0.0,0.0
1780412281.166068,Meta-Llama-3.1-8B-Instruct-Q4_K_M.gguf,4867.97,3.1551199999999997,0.0,0.0
1780412281.6727219,Meta-Llama-3.1-8B-Instruct-Q4_K_M.gguf,4867.97,3.22158,0.0,0.0
1780412282.1800792,Meta-Llama-3.1-8B-Instruct-Q4_K_M.gguf,4867.97,3.0901,0.0,0.0
1780412282.687146,Meta-Llama-3.1-8B-Instruct-Q4_K_M.gguf,4867.97,3.17126,0.0,0.0
1780412283.194415,Meta-Llama-3.1-8B-Instruct-Q4_K_M.gguf,4867.97,2.97635,0.0,0.0
1780412283.701785,Meta-Llama-3.1-8B-Instruct-Q4_K_M.gguf,4867.97,2.95972,0.0,0.0
1780412284.208788,Meta-Llama-3.1-8B-Instruct-Q4_K_M.gguf,4867.97,3.34207,0.0,0.0
1780412284.716063,Meta-Llama-3.1-8B-Instruct-Q4_K_M.gguf,4867.97,3.01127,0.0,0.0
1780412285.2230349,Meta-Llama-3.1-8B-Instruct-Q4_K_M.gguf,4867.97,3.40164,0.0,0.0
1780412285.730552,Meta-Llama-3.1-8B-Instruct-Q4_K_M.gguf,4867.97,3.26742,0.0,0.0
1780412286.2371461,Meta-Llama-3.1-8B-Instruct-Q4_K_M.gguf,4867.97,3.1519299999999997,0.0,0.0
1780412286.744555,Meta-Llama-3.1-8B-Instruct-Q4_K_M.gguf,4867.97,3.03891,0.0,0.0
1780412288.8371048,Meta-Llama-3.1-8B-Instruct-Q4_K_M.gguf,4869.91,3.43973,0.0,0.0
1780412289.342869,Meta-Llama-3.1-8B-Instruct-Q4_K_M.gguf,4869.98,2.67476,0.0,0.0
1780412289.849526,Meta-Llama-3.1-8B-Instruct-Q4_K_M.gguf,4869.98,2.82398,0.0,0.0
1780412290.356651,Meta-Llama-3.1-8B-Instruct-Q4_K_M.gguf,4870.0,3.526,0.0,0.0
1780412290.863298,Meta-Llama-3.1-8B-Instruct-Q4_K_M.gguf,4870.0,3.32193,0.0,0.0
1780412291.370558,Meta-Llama-3.1-8B-Instruct-Q4_K_M.gguf,4870.0,3.9691,0.0,0.0
1780412291.8769128,Meta-Llama-3.1-8B-Instruct-Q4_K_M.gguf,4870.0,3.22311,0.0,0.0
1780412292.384819,Meta-Llama-3.1-8B-Instruct-Q4_K_M.gguf,4870.02,3.03019,0.0,0.0
1780412292.8918169,Meta-Llama-3.1-8B-Instruct-Q4_K_M.gguf,4869.97,3.26456,0.0,0.0
1780412293.399002,Meta-Llama-3.1-8B-Instruct-Q4_K_M.gguf,4869.97,3.03572,0.0,0.0
1780412293.905938,Meta-Llama-3.1-8B-Instruct-Q4_K_M.gguf,4869.97,3.13985,0.0,0.0
1780412294.413206,Meta-Llama-3.1-8B-Instruct-Q4_K_M.gguf,4869.97,2.9839,0.0,0.0
1780412294.920278,Meta-Llama-3.1-8B-Instruct-Q4_K_M.gguf,4869.97,3.3366599999999997,0.0,0.0
1780412295.427291,Meta-Llama-3.1-8B-Instruct-Q4_K_M.gguf,4869.97,2.8300300000000003,0.0,0.0
1780412295.934365,Meta-Llama-3.1-8B-Instruct-Q4_K_M.gguf,4869.98,3.1054299999999997,0.0,0.0
1780412296.441668,Meta-Llama-3.1-8B-Instruct-Q4_K_M.gguf,4870.0,3.40173,0.0,0.0
1780412296.948504,Meta-Llama-3.1-8B-Instruct-Q4_K_M.gguf,4870.0,3.10242,0.0,0.0
1780412297.45599,Meta-Llama-3.1-8B-Instruct-Q4_K_M.gguf,4870.0,5.064100000000001,0.0,0.0
1780412297.963376,Meta-Llama-3.1-8B-Instruct-Q4_K_M.gguf,4870.0,3.12713,0.0,0.0
1780412298.470459,Meta-Llama-3.1-8B-Instruct-Q4_K_M.gguf,4870.0,2.85759,0.0,0.0
1780412298.977649,Meta-Llama-3.1-8B-Instruct-Q4_K_M.gguf,4870.0,2.88746,0.0,0.0
1780412299.485004,Meta-Llama-3.1-8B-Instruct-Q4_K_M.gguf,4870.0,2.84652,0.0,0.0
1780412299.992128,Meta-Llama-3.1-8B-Instruct-Q4_K_M.gguf,4870.0,2.98629,0.0,0.0
1780412300.499688,Meta-Llama-3.1-8B-Instruct-Q4_K_M.gguf,4870.0,3.0517399999999997,0.0,0.0
1780412301.006811,Meta-Llama-3.1-8B-Instruct-Q4_K_M.gguf,4870.0,3.4923800000000003,0.0,0.0
1780412301.5140312,Meta-Llama-3.1-8B-Instruct-Q4_K_M.gguf,4870.0,3.13577,0.0,0.0
1780412302.019904,Meta-Llama-3.1-8B-Instruct-Q4_K_M.gguf,4870.0,3.23444,0.0,0.0
1780412302.526895,Meta-Llama-3.1-8B-Instruct-Q4_K_M.gguf,4870.0,3.16365,0.0,0.0
1780412303.032356,Meta-Llama-3.1-8B-Instruct-Q4_K_M.gguf,4870.0,3.19288,0.0,0.0
1780412303.539079,Meta-Llama-3.1-8B-Instruct-Q4_K_M.gguf,4870.0,3.01014,0.0,0.0
1780412304.046548,Meta-Llama-3.1-8B-Instruct-Q4_K_M.gguf,4870.0,3.11151,0.0,0.0
1780412304.553161,Meta-Llama-3.1-8B-Instruct-Q4_K_M.gguf,4870.0,3.09328,0.0,0.0
1780412305.06036,Meta-Llama-3.1-8B-Instruct-Q4_K_M.gguf,4870.0,3.1274499999999996,0.0,0.0
1780412305.56879,Meta-Llama-3.1-8B-Instruct-Q4_K_M.gguf,4870.0,3.3674299999999997,0.0,0.0
1780412306.074966,Meta-Llama-3.1-8B-Instruct-Q4_K_M.gguf,4870.0,3.60494,0.0,0.0
1780412306.582824,Meta-Llama-3.1-8B-Instruct-Q4_K_M.gguf,4870.0,3.39054,0.0,0.0
1780412307.0899122,Meta-Llama-3.1-8B-Instruct-Q4_K_M.gguf,4870.0,2.83731,0.0,0.0
1780412307.596983,Meta-Llama-3.1-8B-Instruct-Q4_K_M.gguf,4870.0,3.05604,0.0,0.0
1780412308.11326,Meta-Llama-3.1-8B-Instruct-Q4_K_M.gguf,118.53,3.07917,0.0,0.0
1780412310.266909,Meta-Llama-3.1-8B-Instruct-Q4_K_M.gguf,4877.16,4.937729999999999,0.0,0.0
1780412310.7735171,Meta-Llama-3.1-8B-Instruct-Q4_K_M.gguf,4877.16,3.17463,0.0,0.0
1780412311.2811468,Meta-Llama-3.1-8B-Instruct-Q4_K_M.gguf,4877.23,3.42104,0.0,0.0
1780412311.787938,Meta-Llama-3.1-8B-Instruct-Q4_K_M.gguf,4877.25,3.49242,0.0,0.0
1780412312.295104,Meta-Llama-3.1-8B-Instruct-Q4_K_M.gguf,4877.25,3.9329099999999997,0.0,0.0
1780412312.8022242,Meta-Llama-3.1-8B-Instruct-Q4_K_M.gguf,4877.27,2.81188,0.0,0.0
1780412313.308581,Meta-Llama-3.1-8B-Instruct-Q4_K_M.gguf,4877.27,3.2910700000000004,0.0,0.0
1780412313.816124,Meta-Llama-3.1-8B-Instruct-Q4_K_M.gguf,4877.27,3.14344,0.0,0.0
1780412314.323251,Meta-Llama-3.1-8B-Instruct-Q4_K_M.gguf,4877.22,2.97419,0.0,0.0
1780412314.8304262,Meta-Llama-3.1-8B-Instruct-Q4_K_M.gguf,4877.22,3.0527800000000003,0.0,0.0
1780412315.33697,Meta-Llama-3.1-8B-Instruct-Q4_K_M.gguf,4877.22,3.15839,0.0,0.0
1780412315.843838,Meta-Llama-3.1-8B-Instruct-Q4_K_M.gguf,4877.22,3.29841,0.0,0.0
1780412316.350803,Meta-Llama-3.1-8B-Instruct-Q4_K_M.gguf,4877.22,3.0910100000000003,0.0,0.0
1780412316.857676,Meta-Llama-3.1-8B-Instruct-Q4_K_M.gguf,4877.22,2.9081799999999998,0.0,0.0
1780412317.365259,Meta-Llama-3.1-8B-Instruct-Q4_K_M.gguf,4877.22,3.2055,0.0,0.0
1780412317.8719869,Meta-Llama-3.1-8B-Instruct-Q4_K_M.gguf,4877.22,3.03531,0.0,0.0
1780412318.379097,Meta-Llama-3.1-8B-Instruct-Q4_K_M.gguf,4877.22,3.28675,0.0,0.0
1780412318.885665,Meta-Llama-3.1-8B-Instruct-Q4_K_M.gguf,4877.22,3.0558400000000003,0.0,0.0
1780412319.392859,Meta-Llama-3.1-8B-Instruct-Q4_K_M.gguf,4877.22,3.26695,0.0,0.0
1780412319.900197,Meta-Llama-3.1-8B-Instruct-Q4_K_M.gguf,4877.22,3.26239,0.0,0.0
1780412320.4073431,Meta-Llama-3.1-8B-Instruct-Q4_K_M.gguf,4877.22,2.9350300000000002,0.0,0.0
1780412320.9142542,Meta-Llama-3.1-8B-Instruct-Q4_K_M.gguf,4877.22,3.14464,0.0,0.0
1780412321.421324,Meta-Llama-3.1-8B-Instruct-Q4_K_M.gguf,4877.22,3.1237600000000003,0.0,0.0
1780412321.9286442,Meta-Llama-3.1-8B-Instruct-Q4_K_M.gguf,4877.22,3.01486,0.0,0.0
1780412322.435758,Meta-Llama-3.1-8B-Instruct-Q4_K_M.gguf,4877.23,3.15275,0.0,0.0
1780412322.942555,Meta-Llama-3.1-8B-Instruct-Q4_K_M.gguf,4877.23,3.1277,0.0,0.0
1780412323.449603,Meta-Llama-3.1-8B-Instruct-Q4_K_M.gguf,4877.23,3.24312,0.0,0.0
1780412323.956535,Meta-Llama-3.1-8B-Instruct-Q4_K_M.gguf,4877.23,3.12342,0.0,0.0
1780412324.464428,Meta-Llama-3.1-8B-Instruct-Q4_K_M.gguf,4877.23,3.16783,0.0,0.0
1780412324.9713979,Meta-Llama-3.1-8B-Instruct-Q4_K_M.gguf,4877.23,3.09954,0.0,0.0
1780412325.478566,Meta-Llama-3.1-8B-Instruct-Q4_K_M.gguf,4877.23,3.24298,0.0,0.0
1780412325.9853618,Meta-Llama-3.1-8B-Instruct-Q4_K_M.gguf,4877.23,3.0329099999999998,0.0,0.0
1780412326.492169,Meta-Llama-3.1-8B-Instruct-Q4_K_M.gguf,4877.25,3.1541900000000003,0.0,0.0
1780412326.999527,Meta-Llama-3.1-8B-Instruct-Q4_K_M.gguf,4877.25,3.3755300000000004,0.0,0.0
1780412327.506509,Meta-Llama-3.1-8B-Instruct-Q4_K_M.gguf,4877.25,3.43342,0.0,0.0
1780412328.0134091,Meta-Llama-3.1-8B-Instruct-Q4_K_M.gguf,4877.25,3.16208,0.0,0.0
1780412328.5203588,Meta-Llama-3.1-8B-Instruct-Q4_K_M.gguf,4877.25,2.88323,0.0,0.0
1780412330.84208,Meta-Llama-3.1-8B-Instruct-Q4_K_M.gguf,4896.03,3.46454,0.0,0.0
1780412331.34971,Meta-Llama-3.1-8B-Instruct-Q4_K_M.gguf,4896.03,2.6788499999999997,0.0,0.0
1780412331.855804,Meta-Llama-3.1-8B-Instruct-Q4_K_M.gguf,4896.03,3.22176,0.0,0.0
1780412332.362586,Meta-Llama-3.1-8B-Instruct-Q4_K_M.gguf,4896.03,3.2881799999999997,0.0,0.0
1780412332.869728,Meta-Llama-3.1-8B-Instruct-Q4_K_M.gguf,4896.03,3.6502600000000003,0.0,0.0
1780412333.3767989,Meta-Llama-3.1-8B-Instruct-Q4_K_M.gguf,4896.03,3.27353,0.0,0.0
1780412333.884474,Meta-Llama-3.1-8B-Instruct-Q4_K_M.gguf,4896.03,3.45364,0.0,0.0
1780412334.3913002,Meta-Llama-3.1-8B-Instruct-Q4_K_M.gguf,4896.03,3.76687,0.0,0.0
1780412334.898863,Meta-Llama-3.1-8B-Instruct-Q4_K_M.gguf,4896.08,3.0601,0.0,0.0
1780412335.405726,Meta-Llama-3.1-8B-Instruct-Q4_K_M.gguf,4896.08,3.1681999999999997,0.0,0.0
1780412335.912972,Meta-Llama-3.1-8B-Instruct-Q4_K_M.gguf,4896.08,2.7223200000000003,0.0,0.0
1780412336.419668,Meta-Llama-3.1-8B-Instruct-Q4_K_M.gguf,4896.08,3.4236,0.0,0.0
1780412336.9265752,Meta-Llama-3.1-8B-Instruct-Q4_K_M.gguf,4896.08,3.24585,0.0,0.0
1780412337.432272,Meta-Llama-3.1-8B-Instruct-Q4_K_M.gguf,4896.08,2.9433499999999997,0.0,0.0
1780412337.939269,Meta-Llama-3.1-8B-Instruct-Q4_K_M.gguf,4896.08,3.46007,0.0,0.0
1780412338.44682,Meta-Llama-3.1-8B-Instruct-Q4_K_M.gguf,4896.08,3.14023,0.0,0.0
1780412338.953486,Meta-Llama-3.1-8B-Instruct-Q4_K_M.gguf,4896.08,3.17511,0.0,0.0
1780412339.460534,Meta-Llama-3.1-8B-Instruct-Q4_K_M.gguf,4896.08,3.0215199999999998,0.0,0.0
1780412339.967958,Meta-Llama-3.1-8B-Instruct-Q4_K_M.gguf,4896.08,3.22715,0.0,0.0
1780412340.47497,Meta-Llama-3.1-8B-Instruct-Q4_K_M.gguf,4896.08,3.21792,0.0,0.0
1780412340.9828238,Meta-Llama-3.1-8B-Instruct-Q4_K_M.gguf,4896.08,3.3535399999999997,0.0,0.0
1780412341.489603,Meta-Llama-3.1-8B-Instruct-Q4_K_M.gguf,4896.08,2.83604,0.0,0.0
1780412341.996848,Meta-Llama-3.1-8B-Instruct-Q4_K_M.gguf,4896.08,3.0041599999999997,0.0,0.0
1780412342.503606,Meta-Llama-3.1-8B-Instruct-Q4_K_M.gguf,4896.08,3.37702,0.0,0.0
1780412343.010792,Meta-Llama-3.1-8B-Instruct-Q4_K_M.gguf,4896.08,3.07793,0.0,0.0
1780412343.517706,Meta-Llama-3.1-8B-Instruct-Q4_K_M.gguf,4896.08,2.88056,0.0,0.0
1780412344.024916,Meta-Llama-3.1-8B-Instruct-Q4_K_M.gguf,4896.08,3.3308899999999997,0.0,0.0
1780412344.531816,Meta-Llama-3.1-8B-Instruct-Q4_K_M.gguf,4896.08,3.07835,0.0,0.0
1780412345.0388732,Meta-Llama-3.1-8B-Instruct-Q4_K_M.gguf,4896.08,3.32926,0.0,0.0
1780412345.54651,Meta-Llama-3.1-8B-Instruct-Q4_K_M.gguf,4896.08,3.19353,0.0,0.0
1780412346.053188,Meta-Llama-3.1-8B-Instruct-Q4_K_M.gguf,4896.08,3.38196,0.0,0.0
1780412346.5602381,Meta-Llama-3.1-8B-Instruct-Q4_K_M.gguf,4896.08,2.96987,0.0,0.0
1780412347.067289,Meta-Llama-3.1-8B-Instruct-Q4_K_M.gguf,4896.08,2.92627,0.0,0.0
1780412347.5742579,Meta-Llama-3.1-8B-Instruct-Q4_K_M.gguf,4896.08,3.13995,0.0,0.0
1780412348.0812428,Meta-Llama-3.1-8B-Instruct-Q4_K_M.gguf,4896.08,3.0825500000000003,0.0,0.0
1780412348.588025,Meta-Llama-3.1-8B-Instruct-Q4_K_M.gguf,4896.08,3.2937,0.0,0.0
1780412349.095528,Meta-Llama-3.1-8B-Instruct-Q4_K_M.gguf,4896.08,3.2345900000000003,0.0,0.0
1780412349.60999,Meta-Llama-3.1-8B-Instruct-Q4_K_M.gguf,144.61,3.00732,0.0,0.0
1780412437.973641,Meta-Llama-3.1-8B-Instruct-Q4_K_M.gguf,5080.56,5.47779,0.0,0.0
1780412438.479903,Meta-Llama-3.1-8B-Instruct-Q4_K_M.gguf,5080.56,3.42938,0.0,0.0
1780412438.986051,Meta-Llama-3.1-8B-Instruct-Q4_K_M.gguf,5080.56,3.65205,0.0,0.0
1780412439.4932868,Meta-Llama-3.1-8B-Instruct-Q4_K_M.gguf,5080.56,3.30964,0.0,0.0
1780412440.000504,Meta-Llama-3.1-8B-Instruct-Q4_K_M.gguf,5080.56,2.95733,0.0,0.0
1780412440.5078242,Meta-Llama-3.1-8B-Instruct-Q4_K_M.gguf,5080.56,3.45873,0.0,0.0
1780412441.014882,Meta-Llama-3.1-8B-Instruct-Q4_K_M.gguf,5080.56,3.02198,0.0,0.0
1780412441.521822,Meta-Llama-3.1-8B-Instruct-Q4_K_M.gguf,5080.59,3.15638,0.0,0.0
1780412442.0292559,Meta-Llama-3.1-8B-Instruct-Q4_K_M.gguf,5080.55,3.2563400000000002,0.0,0.0
1780412442.5353322,Meta-Llama-3.1-8B-Instruct-Q4_K_M.gguf,5080.55,3.2877199999999998,0.0,0.0
1780412443.0420852,Meta-Llama-3.1-8B-Instruct-Q4_K_M.gguf,5080.55,3.39198,0.0,0.0
1780412443.549488,Meta-Llama-3.1-8B-Instruct-Q4_K_M.gguf,5080.55,3.2768200000000003,0.0,0.0
1780412444.056671,Meta-Llama-3.1-8B-Instruct-Q4_K_M.gguf,5080.55,3.50617,0.0,0.0
1780412444.563427,Meta-Llama-3.1-8B-Instruct-Q4_K_M.gguf,5080.55,3.15342,0.0,0.0
1780412445.070276,Meta-Llama-3.1-8B-Instruct-Q4_K_M.gguf,5080.55,3.55954,0.0,0.0
1780412445.577722,Meta-Llama-3.1-8B-Instruct-Q4_K_M.gguf,5080.56,3.3389,0.0,0.0
1780412446.082481,Meta-Llama-3.1-8B-Instruct-Q4_K_M.gguf,5080.56,3.1681500000000002,0.0,0.0
1780412446.58967,Meta-Llama-3.1-8B-Instruct-Q4_K_M.gguf,5080.56,3.42156,0.0,0.0
1780412447.097386,Meta-Llama-3.1-8B-Instruct-Q4_K_M.gguf,5080.56,3.70358,0.0,0.0
1780412447.604479,Meta-Llama-3.1-8B-Instruct-Q4_K_M.gguf,5080.56,3.11713,0.0,0.0
1780412448.111397,Meta-Llama-3.1-8B-Instruct-Q4_K_M.gguf,5080.56,3.0518,0.0,0.0
1780412448.618597,Meta-Llama-3.1-8B-Instruct-Q4_K_M.gguf,5080.56,3.23424,0.0,0.0
1780412449.1258721,Meta-Llama-3.1-8B-Instruct-Q4_K_M.gguf,5080.56,3.49621,0.0,0.0
1780412449.6332831,Meta-Llama-3.1-8B-Instruct-Q4_K_M.gguf,5080.56,3.2288699999999997,0.0,0.0
1780412450.140088,Meta-Llama-3.1-8B-Instruct-Q4_K_M.gguf,5080.56,3.59336,0.0,0.0
1780412450.647145,Meta-Llama-3.1-8B-Instruct-Q4_K_M.gguf,5080.56,3.21505,0.0,0.0
1780412451.153929,Meta-Llama-3.1-8B-Instruct-Q4_K_M.gguf,5080.56,3.4864499999999996,0.0,0.0
1780412451.661315,Meta-Llama-3.1-8B-Instruct-Q4_K_M.gguf,5080.56,3.4305100000000004,0.0,0.0
1780412452.1685581,Meta-Llama-3.1-8B-Instruct-Q4_K_M.gguf,5080.56,3.3283400000000003,0.0,0.0
1780412452.6751099,Meta-Llama-3.1-8B-Instruct-Q4_K_M.gguf,5080.56,3.3386199999999997,0.0,0.0
1780412453.18274,Meta-Llama-3.1-8B-Instruct-Q4_K_M.gguf,5080.56,3.17567,0.0,0.0
1780412453.689495,Meta-Llama-3.1-8B-Instruct-Q4_K_M.gguf,5080.56,3.1903099999999998,0.0,0.0
1780412454.196177,Meta-Llama-3.1-8B-Instruct-Q4_K_M.gguf,5080.56,3.34663,0.0,0.0
1780412454.703171,Meta-Llama-3.1-8B-Instruct-Q4_K_M.gguf,5080.56,3.45517,0.0,0.0
1780412455.210146,Meta-Llama-3.1-8B-Instruct-Q4_K_M.gguf,137.06,3.27226,0.0,0.0
1780412457.3649259,Meta-Llama-3.1-8B-Instruct-Q4_K_M.gguf,5060.03,4.186100000000001,0.0,0.0
1780412457.8718872,Meta-Llama-3.1-8B-Instruct-Q4_K_M.gguf,5060.05,2.67412,0.0,0.0
1780412458.3784351,Meta-Llama-3.1-8B-Instruct-Q4_K_M.gguf,5060.11,3.19048,0.0,0.0
1780412458.886013,Meta-Llama-3.1-8B-Instruct-Q4_K_M.gguf,5060.12,3.45937,0.0,0.0
1780412459.3932438,Meta-Llama-3.1-8B-Instruct-Q4_K_M.gguf,5060.12,3.71307,0.0,0.0
1780412459.900419,Meta-Llama-3.1-8B-Instruct-Q4_K_M.gguf,5060.14,3.60908,0.0,0.0
1780412460.408322,Meta-Llama-3.1-8B-Instruct-Q4_K_M.gguf,5060.14,3.28375,0.0,0.0
1780412460.9145448,Meta-Llama-3.1-8B-Instruct-Q4_K_M.gguf,5060.14,3.11701,0.0,0.0
1780412461.4214752,Meta-Llama-3.1-8B-Instruct-Q4_K_M.gguf,5060.09,3.32832,0.0,0.0
1780412461.9284868,Meta-Llama-3.1-8B-Instruct-Q4_K_M.gguf,5060.09,3.40802,0.0,0.0
1780412462.435672,Meta-Llama-3.1-8B-Instruct-Q4_K_M.gguf,5060.09,3.1917199999999997,0.0,0.0
1780412462.9425678,Meta-Llama-3.1-8B-Instruct-Q4_K_M.gguf,5060.09,3.02603,0.0,0.0
1780412463.450419,Meta-Llama-3.1-8B-Instruct-Q4_K_M.gguf,5060.09,3.17003,0.0,0.0
1780412463.95716,Meta-Llama-3.1-8B-Instruct-Q4_K_M.gguf,5060.09,3.27721,0.0,0.0
1780412464.465295,Meta-Llama-3.1-8B-Instruct-Q4_K_M.gguf,5060.09,3.2530300000000003,0.0,0.0
1780412464.972193,Meta-Llama-3.1-8B-Instruct-Q4_K_M.gguf,5060.09,3.1672,0.0,0.0
1780412465.478815,Meta-Llama-3.1-8B-Instruct-Q4_K_M.gguf,5060.09,3.21111,0.0,0.0
1780412465.985663,Meta-Llama-3.1-8B-Instruct-Q4_K_M.gguf,5060.09,3.08879,0.0,0.0
1780412466.49297,Meta-Llama-3.1-8B-Instruct-Q4_K_M.gguf,5060.09,3.19427,0.0,0.0
1780412467.000267,Meta-Llama-3.1-8B-Instruct-Q4_K_M.gguf,5060.09,3.2176799999999997,0.0,0.0
1780412467.507593,Meta-Llama-3.1-8B-Instruct-Q4_K_M.gguf,5060.09,3.16114,0.0,0.0
1780412468.014966,Meta-Llama-3.1-8B-Instruct-Q4_K_M.gguf,5060.09,3.2933499999999998,0.0,0.0
1780412468.521673,Meta-Llama-3.1-8B-Instruct-Q4_K_M.gguf,5060.09,3.42304,0.0,0.0
1780412469.029263,Meta-Llama-3.1-8B-Instruct-Q4_K_M.gguf,5060.09,3.4632199999999997,0.0,0.0
1780412469.5364008,Meta-Llama-3.1-8B-Instruct-Q4_K_M.gguf,5060.09,3.35289,0.0,0.0
1780412470.04345,Meta-Llama-3.1-8B-Instruct-Q4_K_M.gguf,5060.11,3.09553,0.0,0.0
1780412470.550899,Meta-Llama-3.1-8B-Instruct-Q4_K_M.gguf,5060.11,3.22627,0.0,0.0
1780412471.057722,Meta-Llama-3.1-8B-Instruct-Q4_K_M.gguf,5060.11,3.1061799999999997,0.0,0.0
1780412471.5645308,Meta-Llama-3.1-8B-Instruct-Q4_K_M.gguf,5060.11,3.36745,0.0,0.0
1780412472.0719512,Meta-Llama-3.1-8B-Instruct-Q4_K_M.gguf,5060.11,2.8196,0.0,0.0
1780412472.580002,Meta-Llama-3.1-8B-Instruct-Q4_K_M.gguf,5060.11,3.2411999999999996,0.0,0.0
1780412473.086474,Meta-Llama-3.1-8B-Instruct-Q4_K_M.gguf,5060.11,3.08669,0.0,0.0
1780412473.5935948,Meta-Llama-3.1-8B-Instruct-Q4_K_M.gguf,5060.11,3.48667,0.0,0.0
1780412474.100671,Meta-Llama-3.1-8B-Instruct-Q4_K_M.gguf,5060.11,3.13598,0.0,0.0
1780412474.607726,Meta-Llama-3.1-8B-Instruct-Q4_K_M.gguf,5060.11,3.1243600000000002,0.0,0.0
1780412475.114989,Meta-Llama-3.1-8B-Instruct-Q4_K_M.gguf,5060.11,3.45396,0.0,0.0
1780412477.343712,Meta-Llama-3.1-8B-Instruct-Q4_K_M.gguf,5053.67,4.01,0.0,0.0
1780412477.850825,Meta-Llama-3.1-8B-Instruct-Q4_K_M.gguf,5053.69,3.0302800000000003,0.0,0.0
1780412478.356867,Meta-Llama-3.1-8B-Instruct-Q4_K_M.gguf,5053.7,3.0832800000000002,0.0,0.0
1780412478.863633,Meta-Llama-3.1-8B-Instruct-Q4_K_M.gguf,5053.72,3.20049,0.0,0.0
1780412479.3702881,Meta-Llama-3.1-8B-Instruct-Q4_K_M.gguf,5053.72,3.58058,0.0,0.0
1780412479.8772721,Meta-Llama-3.1-8B-Instruct-Q4_K_M.gguf,5053.72,3.27474,0.0,0.0
1780412480.384531,Meta-Llama-3.1-8B-Instruct-Q4_K_M.gguf,5053.72,3.32234,0.0,0.0
1780412480.8916311,Meta-Llama-3.1-8B-Instruct-Q4_K_M.gguf,5053.72,3.16683,0.0,0.0
1780412481.3988218,Meta-Llama-3.1-8B-Instruct-Q4_K_M.gguf,5053.72,2.9034,0.0,0.0
1780412481.9059782,Meta-Llama-3.1-8B-Instruct-Q4_K_M.gguf,5053.72,3.5291799999999998,0.0,0.0
1780412482.414639,Meta-Llama-3.1-8B-Instruct-Q4_K_M.gguf,5053.73,3.14556,0.0,0.0
1780412482.920767,Meta-Llama-3.1-8B-Instruct-Q4_K_M.gguf,5053.73,3.5067,0.0,0.0
1780412483.427504,Meta-Llama-3.1-8B-Instruct-Q4_K_M.gguf,5053.73,3.68948,0.0,0.0
1780412483.934528,Meta-Llama-3.1-8B-Instruct-Q4_K_M.gguf,5053.73,3.35486,0.0,0.0
1780412484.439876,Meta-Llama-3.1-8B-Instruct-Q4_K_M.gguf,5053.69,2.89834,0.0,0.0
1780412484.9467,Meta-Llama-3.1-8B-Instruct-Q4_K_M.gguf,5053.69,3.52028,0.0,0.0
1780412485.4540281,Meta-Llama-3.1-8B-Instruct-Q4_K_M.gguf,5053.69,3.0693,0.0,0.0
1780412485.960652,Meta-Llama-3.1-8B-Instruct-Q4_K_M.gguf,5053.69,3.32073,0.0,0.0
1780412486.46768,Meta-Llama-3.1-8B-Instruct-Q4_K_M.gguf,5053.69,3.55964,0.0,0.0
1780412486.974489,Meta-Llama-3.1-8B-Instruct-Q4_K_M.gguf,5053.69,3.27202,0.0,0.0
1780412487.48217,Meta-Llama-3.1-8B-Instruct-Q4_K_M.gguf,5053.69,3.09994,0.0,0.0
1780412487.9892428,Meta-Llama-3.1-8B-Instruct-Q4_K_M.gguf,5053.69,3.14401,0.0,0.0
1780412488.496601,Meta-Llama-3.1-8B-Instruct-Q4_K_M.gguf,5053.69,3.09263,0.0,0.0
1780412489.00354,Meta-Llama-3.1-8B-Instruct-Q4_K_M.gguf,5053.69,3.23683,0.0,0.0
1780412489.510658,Meta-Llama-3.1-8B-Instruct-Q4_K_M.gguf,5053.69,3.12434,0.0,0.0
1780412490.017854,Meta-Llama-3.1-8B-Instruct-Q4_K_M.gguf,5053.69,3.1574400000000002,0.0,0.0
1780412490.524601,Meta-Llama-3.1-8B-Instruct-Q4_K_M.gguf,5053.69,3.42802,0.0,0.0
1780412491.031821,Meta-Llama-3.1-8B-Instruct-Q4_K_M.gguf,5053.69,3.21675,0.0,0.0
1780412491.5390038,Meta-Llama-3.1-8B-Instruct-Q4_K_M.gguf,5053.69,3.1273,0.0,0.0
1780412492.046031,Meta-Llama-3.1-8B-Instruct-Q4_K_M.gguf,5053.69,3.2840100000000003,0.0,0.0
1780412492.552918,Meta-Llama-3.1-8B-Instruct-Q4_K_M.gguf,5053.69,3.4329,0.0,0.0
1780412493.059703,Meta-Llama-3.1-8B-Instruct-Q4_K_M.gguf,5053.69,3.11299,0.0,0.0
1780412493.566945,Meta-Llama-3.1-8B-Instruct-Q4_K_M.gguf,5053.69,3.29382,0.0,0.0
1780412494.073786,Meta-Llama-3.1-8B-Instruct-Q4_K_M.gguf,5053.69,3.21244,0.0,0.0
1780412494.5808551,Meta-Llama-3.1-8B-Instruct-Q4_K_M.gguf,5053.69,3.1918,0.0,0.0
1780412495.0882208,Meta-Llama-3.1-8B-Instruct-Q4_K_M.gguf,5053.69,3.26853,0.0,0.0
1780412495.595458,Meta-Llama-3.1-8B-Instruct-Q4_K_M.gguf,5053.69,2.9898800000000003,0.0,0.0
1780412496.1027899,Meta-Llama-3.1-8B-Instruct-Q4_K_M.gguf,5053.69,3.41765,0.0,0.0
1780412498.354572,Meta-Llama-3.1-8B-Instruct-Q4_K_M.gguf,5072.73,3.24362,0.0,0.0
1780412498.859853,Meta-Llama-3.1-8B-Instruct-Q4_K_M.gguf,5072.81,2.6219699999999997,0.0,0.0
1780412499.3667672,Meta-Llama-3.1-8B-Instruct-Q4_K_M.gguf,5072.81,2.87178,0.0,0.0
1780412499.873873,Meta-Llama-3.1-8B-Instruct-Q4_K_M.gguf,5072.84,3.3504,0.0,0.0
1780412500.38137,Meta-Llama-3.1-8B-Instruct-Q4_K_M.gguf,5072.86,3.60204,0.0,0.0
1780412500.888583,Meta-Llama-3.1-8B-Instruct-Q4_K_M.gguf,5072.89,3.51167,0.0,0.0
1780412501.3958578,Meta-Llama-3.1-8B-Instruct-Q4_K_M.gguf,5072.89,3.3438499999999998,0.0,0.0
1780412501.902965,Meta-Llama-3.1-8B-Instruct-Q4_K_M.gguf,5072.89,3.17006,0.0,0.0
1780412502.410112,Meta-Llama-3.1-8B-Instruct-Q4_K_M.gguf,5072.89,3.33679,0.0,0.0
1780412502.9179032,Meta-Llama-3.1-8B-Instruct-Q4_K_M.gguf,5072.89,3.22308,0.0,0.0
1780412503.424934,Meta-Llama-3.1-8B-Instruct-Q4_K_M.gguf,5072.89,2.94179,0.0,0.0
1780412503.932333,Meta-Llama-3.1-8B-Instruct-Q4_K_M.gguf,5072.89,3.08098,0.0,0.0
1780412504.439105,Meta-Llama-3.1-8B-Instruct-Q4_K_M.gguf,5072.89,3.03926,0.0,0.0
1780412504.9461231,Meta-Llama-3.1-8B-Instruct-Q4_K_M.gguf,5072.89,3.1493200000000003,0.0,0.0
1780412505.4528608,Meta-Llama-3.1-8B-Instruct-Q4_K_M.gguf,5072.89,3.3265100000000003,0.0,0.0
1780412505.960045,Meta-Llama-3.1-8B-Instruct-Q4_K_M.gguf,5072.89,3.16812,0.0,0.0
1780412506.4674811,Meta-Llama-3.1-8B-Instruct-Q4_K_M.gguf,5072.89,3.19791,0.0,0.0
1780412506.974489,Meta-Llama-3.1-8B-Instruct-Q4_K_M.gguf,5072.89,3.06204,0.0,0.0
1780412507.481907,Meta-Llama-3.1-8B-Instruct-Q4_K_M.gguf,5072.89,3.36951,0.0,0.0
1780412507.989225,Meta-Llama-3.1-8B-Instruct-Q4_K_M.gguf,5072.89,3.36084,0.0,0.0
1780412508.496437,Meta-Llama-3.1-8B-Instruct-Q4_K_M.gguf,5072.89,2.90042,0.0,0.0
1780412509.003416,Meta-Llama-3.1-8B-Instruct-Q4_K_M.gguf,5072.89,3.0732600000000003,0.0,0.0
1780412509.5107572,Meta-Llama-3.1-8B-Instruct-Q4_K_M.gguf,5072.89,3.55885,0.0,0.0
1780412510.0183182,Meta-Llama-3.1-8B-Instruct-Q4_K_M.gguf,5072.89,3.11177,0.0,0.0
1780412510.5253,Meta-Llama-3.1-8B-Instruct-Q4_K_M.gguf,5072.89,3.2570900000000003,0.0,0.0
1780412511.0328782,Meta-Llama-3.1-8B-Instruct-Q4_K_M.gguf,5072.89,3.2269200000000002,0.0,0.0
1780412511.539427,Meta-Llama-3.1-8B-Instruct-Q4_K_M.gguf,5072.89,3.01775,0.0,0.0
1780412512.046751,Meta-Llama-3.1-8B-Instruct-Q4_K_M.gguf,5072.89,3.4531199999999997,0.0,0.0
1780412512.553913,Meta-Llama-3.1-8B-Instruct-Q4_K_M.gguf,5072.89,3.27356,0.0,0.0
1780412513.060674,Meta-Llama-3.1-8B-Instruct-Q4_K_M.gguf,5072.89,3.05794,0.0,0.0
1780412513.5677729,Meta-Llama-3.1-8B-Instruct-Q4_K_M.gguf,5072.89,3.12275,0.0,0.0
1780412514.074612,Meta-Llama-3.1-8B-Instruct-Q4_K_M.gguf,5072.89,3.45311,0.0,0.0
1780412514.581265,Meta-Llama-3.1-8B-Instruct-Q4_K_M.gguf,5072.89,3.26907,0.0,0.0
1780412515.088567,Meta-Llama-3.1-8B-Instruct-Q4_K_M.gguf,5072.91,3.07523,0.0,0.0
1780412515.595733,Meta-Llama-3.1-8B-Instruct-Q4_K_M.gguf,5072.91,2.7842399999999996,0.0,0.0
1780412516.1030998,Meta-Llama-3.1-8B-Instruct-Q4_K_M.gguf,5072.91,3.45965,0.0,0.0
1780412516.6106272,Meta-Llama-3.1-8B-Instruct-Q4_K_M.gguf,5072.91,3.16825,0.0,0.0
1780412517.116949,Meta-Llama-3.1-8B-Instruct-Q4_K_M.gguf,5072.91,3.13965,0.0,0.0
1780412519.279236,Meta-Llama-3.1-8B-Instruct-Q4_K_M.gguf,5067.67,3.7479899999999997,0.0,0.0
1780412519.786413,Meta-Llama-3.1-8B-Instruct-Q4_K_M.gguf,5067.72,2.49064,0.0,0.0
1780412520.292993,Meta-Llama-3.1-8B-Instruct-Q4_K_M.gguf,5067.73,3.0404,0.0,0.0
1780412520.800169,Meta-Llama-3.1-8B-Instruct-Q4_K_M.gguf,5067.75,3.2419000000000002,0.0,0.0
1780412521.307442,Meta-Llama-3.1-8B-Instruct-Q4_K_M.gguf,5067.77,3.28465,0.0,0.0
1780412521.81439,Meta-Llama-3.1-8B-Instruct-Q4_K_M.gguf,5067.78,3.2821599999999997,0.0,0.0
1780412522.320746,Meta-Llama-3.1-8B-Instruct-Q4_K_M.gguf,5067.78,3.57119,0.0,0.0
1780412522.828002,Meta-Llama-3.1-8B-Instruct-Q4_K_M.gguf,5067.78,3.1600900000000003,0.0,0.0
1780412523.335406,Meta-Llama-3.1-8B-Instruct-Q4_K_M.gguf,5067.77,3.40061,0.0,0.0
1780412523.841902,Meta-Llama-3.1-8B-Instruct-Q4_K_M.gguf,5067.77,3.2994299999999996,0.0,0.0
1780412524.3488472,Meta-Llama-3.1-8B-Instruct-Q4_K_M.gguf,5067.77,3.01917,0.0,0.0
1780412524.8557708,Meta-Llama-3.1-8B-Instruct-Q4_K_M.gguf,5067.77,3.32491,0.0,0.0
1780412525.36247,Meta-Llama-3.1-8B-Instruct-Q4_K_M.gguf,5067.77,3.24942,0.0,0.0
1780412525.869189,Meta-Llama-3.1-8B-Instruct-Q4_K_M.gguf,5067.77,3.1134899999999996,0.0,0.0
1780412526.3760781,Meta-Llama-3.1-8B-Instruct-Q4_K_M.gguf,5067.77,3.2613499999999997,0.0,0.0
1780412526.8833501,Meta-Llama-3.1-8B-Instruct-Q4_K_M.gguf,5067.77,3.13054,0.0,0.0
1780412527.390056,Meta-Llama-3.1-8B-Instruct-Q4_K_M.gguf,5067.77,3.4398,0.0,0.0
1780412527.897625,Meta-Llama-3.1-8B-Instruct-Q4_K_M.gguf,5067.77,3.14867,0.0,0.0
1780412528.4042869,Meta-Llama-3.1-8B-Instruct-Q4_K_M.gguf,5067.77,3.27671,0.0,0.0
1780412528.911465,Meta-Llama-3.1-8B-Instruct-Q4_K_M.gguf,5067.77,3.02739,0.0,0.0
1780412529.418405,Meta-Llama-3.1-8B-Instruct-Q4_K_M.gguf,5067.77,3.07208,0.0,0.0
1780412529.925005,Meta-Llama-3.1-8B-Instruct-Q4_K_M.gguf,5067.77,3.04298,0.0,0.0
1780412530.432201,Meta-Llama-3.1-8B-Instruct-Q4_K_M.gguf,5067.77,3.13234,0.0,0.0
1780412530.9398458,Meta-Llama-3.1-8B-Instruct-Q4_K_M.gguf,5067.77,3.29813,0.0,0.0
1780412531.4472299,Meta-Llama-3.1-8B-Instruct-Q4_K_M.gguf,5067.77,3.1717199999999997,0.0,0.0
1780412531.954062,Meta-Llama-3.1-8B-Instruct-Q4_K_M.gguf,5067.77,3.1894299999999998,0.0,0.0
1780412532.461206,Meta-Llama-3.1-8B-Instruct-Q4_K_M.gguf,5067.77,2.96418,0.0,0.0
1780412532.9681358,Meta-Llama-3.1-8B-Instruct-Q4_K_M.gguf,5067.77,3.33675,0.0,0.0
1780412533.474932,Meta-Llama-3.1-8B-Instruct-Q4_K_M.gguf,5067.77,3.18023,0.0,0.0
1780412533.981914,Meta-Llama-3.1-8B-Instruct-Q4_K_M.gguf,5067.77,3.24527,0.0,0.0
1780412534.488857,Meta-Llama-3.1-8B-Instruct-Q4_K_M.gguf,5067.77,3.33765,0.0,0.0
1780412534.995955,Meta-Llama-3.1-8B-Instruct-Q4_K_M.gguf,5067.77,3.17255,0.0,0.0
1780412535.503503,Meta-Llama-3.1-8B-Instruct-Q4_K_M.gguf,5067.77,3.33268,0.0,0.0
1780412536.010185,Meta-Llama-3.1-8B-Instruct-Q4_K_M.gguf,5067.77,3.07065,0.0,0.0
1780412536.517469,Meta-Llama-3.1-8B-Instruct-Q4_K_M.gguf,5067.77,3.06182,0.0,0.0
1780412537.024517,Meta-Llama-3.1-8B-Instruct-Q4_K_M.gguf,5067.77,3.3723899999999998,0.0,0.0
1780412537.531369,Meta-Llama-3.1-8B-Instruct-Q4_K_M.gguf,5067.77,2.71825,0.0,0.0
1780412538.0378811,Meta-Llama-3.1-8B-Instruct-Q4_K_M.gguf,5067.77,3.2718000000000003,0.0,0.0
1780412540.2535481,Meta-Llama-3.1-8B-Instruct-Q4_K_M.gguf,5053.78,4.06808,0.0,0.0
1780412540.759664,Meta-Llama-3.1-8B-Instruct-Q4_K_M.gguf,5053.8,2.87934,0.0,0.0
1780412541.266451,Meta-Llama-3.1-8B-Instruct-Q4_K_M.gguf,5053.86,3.2900500000000004,0.0,0.0
1780412541.773504,Meta-Llama-3.1-8B-Instruct-Q4_K_M.gguf,5053.89,3.27771,0.0,0.0
1780412542.280565,Meta-Llama-3.1-8B-Instruct-Q4_K_M.gguf,5053.92,3.29663,0.0,0.0
1780412542.787225,Meta-Llama-3.1-8B-Instruct-Q4_K_M.gguf,5053.94,3.29433,0.0,0.0
1780412543.294314,Meta-Llama-3.1-8B-Instruct-Q4_K_M.gguf,5053.95,3.30994,0.0,0.0
1780412543.801692,Meta-Llama-3.1-8B-Instruct-Q4_K_M.gguf,5053.95,3.08797,0.0,0.0
1780412544.308651,Meta-Llama-3.1-8B-Instruct-Q4_K_M.gguf,5053.94,3.1408,0.0,0.0
1780412544.815671,Meta-Llama-3.1-8B-Instruct-Q4_K_M.gguf,5053.94,3.18227,0.0,0.0
1780412545.322331,Meta-Llama-3.1-8B-Instruct-Q4_K_M.gguf,5053.94,3.1382800000000004,0.0,0.0
1780412545.8295,Meta-Llama-3.1-8B-Instruct-Q4_K_M.gguf,5053.94,3.2157,0.0,0.0
1780412546.336488,Meta-Llama-3.1-8B-Instruct-Q4_K_M.gguf,5053.94,3.52004,0.0,0.0
1780412546.843061,Meta-Llama-3.1-8B-Instruct-Q4_K_M.gguf,5053.94,3.15967,0.0,0.0
1780412547.3506691,Meta-Llama-3.1-8B-Instruct-Q4_K_M.gguf,5053.94,3.1190700000000002,0.0,0.0
1780412547.857664,Meta-Llama-3.1-8B-Instruct-Q4_K_M.gguf,5053.95,2.87054,0.0,0.0
1780412548.3646631,Meta-Llama-3.1-8B-Instruct-Q4_K_M.gguf,5053.95,3.3108,0.0,0.0
1780412548.8714418,Meta-Llama-3.1-8B-Instruct-Q4_K_M.gguf,5053.95,3.28283,0.0,0.0
1780412549.378655,Meta-Llama-3.1-8B-Instruct-Q4_K_M.gguf,5053.95,3.03859,0.0,0.0
1780412549.885683,Meta-Llama-3.1-8B-Instruct-Q4_K_M.gguf,5053.95,3.1941100000000002,0.0,0.0
1780412550.391861,Meta-Llama-3.1-8B-Instruct-Q4_K_M.gguf,5053.95,3.22904,0.0,0.0
1780412550.899147,Meta-Llama-3.1-8B-Instruct-Q4_K_M.gguf,5053.95,3.13435,0.0,0.0
1780412551.406129,Meta-Llama-3.1-8B-Instruct-Q4_K_M.gguf,5053.95,3.41146,0.0,0.0
1780412551.913207,Meta-Llama-3.1-8B-Instruct-Q4_K_M.gguf,5053.95,3.06892,0.0,0.0
1780412552.420824,Meta-Llama-3.1-8B-Instruct-Q4_K_M.gguf,5053.97,3.15238,0.0,0.0
1780412552.927739,Meta-Llama-3.1-8B-Instruct-Q4_K_M.gguf,5053.97,3.12882,0.0,0.0
1780412553.435316,Meta-Llama-3.1-8B-Instruct-Q4_K_M.gguf,5053.97,3.017,0.0,0.0
1780412553.94244,Meta-Llama-3.1-8B-Instruct-Q4_K_M.gguf,5053.97,3.18118,0.0,0.0
1780412554.4493928,Meta-Llama-3.1-8B-Instruct-Q4_K_M.gguf,5053.97,3.26994,0.0,0.0
1780412554.956168,Meta-Llama-3.1-8B-Instruct-Q4_K_M.gguf,5053.97,3.44562,0.0,0.0
1780412555.462239,Meta-Llama-3.1-8B-Instruct-Q4_K_M.gguf,5053.97,3.2527399999999997,0.0,0.0
1780412555.966986,Meta-Llama-3.1-8B-Instruct-Q4_K_M.gguf,5053.97,3.00047,0.0,0.0
1780412556.4737659,Meta-Llama-3.1-8B-Instruct-Q4_K_M.gguf,5053.97,3.22327,0.0,0.0
1780412556.981119,Meta-Llama-3.1-8B-Instruct-Q4_K_M.gguf,5053.97,3.02175,0.0,0.0
1780412557.4873621,Meta-Llama-3.1-8B-Instruct-Q4_K_M.gguf,5053.97,3.61525,0.0,0.0
1780412557.994359,Meta-Llama-3.1-8B-Instruct-Q4_K_M.gguf,5053.97,3.95445,0.0,0.0
1780412558.502195,Meta-Llama-3.1-8B-Instruct-Q4_K_M.gguf,5053.97,3.19136,0.0,0.0
1780412559.0089731,Meta-Llama-3.1-8B-Instruct-Q4_K_M.gguf,5053.97,2.8574200000000003,0.0,0.0
1780412559.528086,Meta-Llama-3.1-8B-Instruct-Q4_K_M.gguf,110.47,3.02793,0.0,0.0
1780412561.723066,Meta-Llama-3.1-8B-Instruct-Q4_K_M.gguf,5085.92,4.88163,0.0,0.0
1780412562.22937,Meta-Llama-3.1-8B-Instruct-Q4_K_M.gguf,5085.92,2.81392,0.0,0.0
1780412562.736484,Meta-Llama-3.1-8B-Instruct-Q4_K_M.gguf,5085.92,3.21345,0.0,0.0
1780412563.243646,Meta-Llama-3.1-8B-Instruct-Q4_K_M.gguf,5085.92,3.67213,0.0,0.0
1780412563.751284,Meta-Llama-3.1-8B-Instruct-Q4_K_M.gguf,5085.92,3.10424,0.0,0.0
1780412564.256781,Meta-Llama-3.1-8B-Instruct-Q4_K_M.gguf,5085.92,3.14875,0.0,0.0
1780412564.763734,Meta-Llama-3.1-8B-Instruct-Q4_K_M.gguf,5085.92,2.98192,0.0,0.0
1780412565.2709289,Meta-Llama-3.1-8B-Instruct-Q4_K_M.gguf,5085.92,3.31894,0.0,0.0
1780412565.777791,Meta-Llama-3.1-8B-Instruct-Q4_K_M.gguf,5085.88,2.9575,0.0,0.0
1780412566.285301,Meta-Llama-3.1-8B-Instruct-Q4_K_M.gguf,5085.88,3.06487,0.0,0.0
1780412566.7930272,Meta-Llama-3.1-8B-Instruct-Q4_K_M.gguf,5085.88,3.3303499999999997,0.0,0.0
1780412567.2998989,Meta-Llama-3.1-8B-Instruct-Q4_K_M.gguf,5085.88,3.6681500000000002,0.0,0.0
1780412567.806963,Meta-Llama-3.1-8B-Instruct-Q4_K_M.gguf,5085.88,3.18444,0.0,0.0
1780412568.313913,Meta-Llama-3.1-8B-Instruct-Q4_K_M.gguf,5085.88,2.86858,0.0,0.0
1780412568.821187,Meta-Llama-3.1-8B-Instruct-Q4_K_M.gguf,5085.88,3.1079299999999996,0.0,0.0
1780412569.328428,Meta-Llama-3.1-8B-Instruct-Q4_K_M.gguf,5085.88,3.0322,0.0,0.0
1780412569.8362172,Meta-Llama-3.1-8B-Instruct-Q4_K_M.gguf,5085.89,2.8987,0.0,0.0
1780412570.343068,Meta-Llama-3.1-8B-Instruct-Q4_K_M.gguf,5085.89,3.3234,0.0,0.0
1780412570.849988,Meta-Llama-3.1-8B-Instruct-Q4_K_M.gguf,5085.89,3.18736,0.0,0.0
1780412571.356571,Meta-Llama-3.1-8B-Instruct-Q4_K_M.gguf,5085.89,3.0588800000000003,0.0,0.0
1780412571.8639302,Meta-Llama-3.1-8B-Instruct-Q4_K_M.gguf,5085.89,2.9199499999999996,0.0,0.0
1780412572.371184,Meta-Llama-3.1-8B-Instruct-Q4_K_M.gguf,5085.89,3.08006,0.0,0.0
1780412572.877907,Meta-Llama-3.1-8B-Instruct-Q4_K_M.gguf,5085.89,3.02712,0.0,0.0
1780412573.385362,Meta-Llama-3.1-8B-Instruct-Q4_K_M.gguf,5085.89,3.15202,0.0,0.0
1780412573.892189,Meta-Llama-3.1-8B-Instruct-Q4_K_M.gguf,5085.89,3.0925100000000003,0.0,0.0
1780412574.398989,Meta-Llama-3.1-8B-Instruct-Q4_K_M.gguf,5085.89,2.9409899999999998,0.0,0.0
1780412574.905715,Meta-Llama-3.1-8B-Instruct-Q4_K_M.gguf,5085.89,3.43614,0.0,0.0
1780412575.413196,Meta-Llama-3.1-8B-Instruct-Q4_K_M.gguf,5085.89,3.55393,0.0,0.0
1780412575.921408,Meta-Llama-3.1-8B-Instruct-Q4_K_M.gguf,5085.89,2.9568600000000003,0.0,0.0
1780412576.428589,Meta-Llama-3.1-8B-Instruct-Q4_K_M.gguf,5085.89,3.58999,0.0,0.0
1780412576.936613,Meta-Llama-3.1-8B-Instruct-Q4_K_M.gguf,5085.89,2.86492,0.0,0.0
1780412577.4432771,Meta-Llama-3.1-8B-Instruct-Q4_K_M.gguf,5085.89,3.02831,0.0,0.0
1780412577.950909,Meta-Llama-3.1-8B-Instruct-Q4_K_M.gguf,5085.89,3.10894,0.0,0.0
1780412578.458106,Meta-Llama-3.1-8B-Instruct-Q4_K_M.gguf,5085.89,3.2205700000000004,0.0,0.0
1780412578.965496,Meta-Llama-3.1-8B-Instruct-Q4_K_M.gguf,5085.89,2.87952,0.0,0.0
1780412579.472218,Meta-Llama-3.1-8B-Instruct-Q4_K_M.gguf,5085.89,3.25769,0.0,0.0
1780412579.979396,Meta-Llama-3.1-8B-Instruct-Q4_K_M.gguf,5085.89,3.36835,0.0,0.0
1780412580.490251,Meta-Llama-3.1-8B-Instruct-Q4_K_M.gguf,142.42,3.2968800000000003,0.0,0.0
1780412582.722131,Meta-Llama-3.1-8B-Instruct-Q4_K_M.gguf,5072.94,4.19757,0.0,0.0
1780412583.227322,Meta-Llama-3.1-8B-Instruct-Q4_K_M.gguf,5072.94,2.69369,0.0,0.0
1780412583.734236,Meta-Llama-3.1-8B-Instruct-Q4_K_M.gguf,5072.94,3.07378,0.0,0.0
1780412584.24127,Meta-Llama-3.1-8B-Instruct-Q4_K_M.gguf,5072.97,3.48823,0.0,0.0
1780412584.748276,Meta-Llama-3.1-8B-Instruct-Q4_K_M.gguf,5072.97,3.2706999999999997,0.0,0.0
1780412585.2551548,Meta-Llama-3.1-8B-Instruct-Q4_K_M.gguf,5073.0,3.38832,0.0,0.0
1780412585.762004,Meta-Llama-3.1-8B-Instruct-Q4_K_M.gguf,5073.03,3.34918,0.0,0.0
1780412586.2692952,Meta-Llama-3.1-8B-Instruct-Q4_K_M.gguf,5073.03,3.20544,0.0,0.0
1780412586.776417,Meta-Llama-3.1-8B-Instruct-Q4_K_M.gguf,5072.98,3.21185,0.0,0.0
1780412587.284375,Meta-Llama-3.1-8B-Instruct-Q4_K_M.gguf,5072.98,3.1422800000000004,0.0,0.0
1780412587.7909088,Meta-Llama-3.1-8B-Instruct-Q4_K_M.gguf,5072.98,3.09589,0.0,0.0
1780412588.2982578,Meta-Llama-3.1-8B-Instruct-Q4_K_M.gguf,5072.98,3.19061,0.0,0.0
1780412588.804922,Meta-Llama-3.1-8B-Instruct-Q4_K_M.gguf,5072.98,3.3418400000000004,0.0,0.0
1780412589.311618,Meta-Llama-3.1-8B-Instruct-Q4_K_M.gguf,5072.98,3.06337,0.0,0.0
1780412589.819087,Meta-Llama-3.1-8B-Instruct-Q4_K_M.gguf,5073.0,3.0844899999999997,0.0,0.0
1780412590.326168,Meta-Llama-3.1-8B-Instruct-Q4_K_M.gguf,5073.0,3.1046300000000002,0.0,0.0
1780412590.833214,Meta-Llama-3.1-8B-Instruct-Q4_K_M.gguf,5073.0,3.32276,0.0,0.0
1780412591.338756,Meta-Llama-3.1-8B-Instruct-Q4_K_M.gguf,5073.0,2.98253,0.0,0.0
1780412591.845737,Meta-Llama-3.1-8B-Instruct-Q4_K_M.gguf,5073.0,3.1628000000000003,0.0,0.0
1780412592.352741,Meta-Llama-3.1-8B-Instruct-Q4_K_M.gguf,5073.0,3.0292800000000004,0.0,0.0
1780412592.859918,Meta-Llama-3.1-8B-Instruct-Q4_K_M.gguf,5073.0,3.14535,0.0,0.0
1780412593.367033,Meta-Llama-3.1-8B-Instruct-Q4_K_M.gguf,5073.0,3.18199,0.0,0.0
1780412593.873845,Meta-Llama-3.1-8B-Instruct-Q4_K_M.gguf,5073.06,3.23461,0.0,0.0
1780412594.3809652,Meta-Llama-3.1-8B-Instruct-Q4_K_M.gguf,5073.06,3.27696,0.0,0.0
1780412594.8879511,Meta-Llama-3.1-8B-Instruct-Q4_K_M.gguf,5073.06,3.03685,0.0,0.0
1780412595.394827,Meta-Llama-3.1-8B-Instruct-Q4_K_M.gguf,5073.06,3.15406,0.0,0.0
1780412595.9020002,Meta-Llama-3.1-8B-Instruct-Q4_K_M.gguf,5073.06,3.11948,0.0,0.0
1780412596.409027,Meta-Llama-3.1-8B-Instruct-Q4_K_M.gguf,5073.06,3.42861,0.0,0.0
1780412596.916536,Meta-Llama-3.1-8B-Instruct-Q4_K_M.gguf,5073.06,3.18306,0.0,0.0
1780412597.4238641,Meta-Llama-3.1-8B-Instruct-Q4_K_M.gguf,5073.08,3.14534,0.0,0.0
1780412597.930728,Meta-Llama-3.1-8B-Instruct-Q4_K_M.gguf,5073.08,2.9685300000000003,0.0,0.0
1780412598.438161,Meta-Llama-3.1-8B-Instruct-Q4_K_M.gguf,5073.08,3.33246,0.0,0.0
1780412598.9451652,Meta-Llama-3.1-8B-Instruct-Q4_K_M.gguf,5073.08,3.12609,0.0,0.0
1780412599.452032,Meta-Llama-3.1-8B-Instruct-Q4_K_M.gguf,5073.08,3.2379499999999997,0.0,0.0
1780412599.9588852,Meta-Llama-3.1-8B-Instruct-Q4_K_M.gguf,5073.08,3.1542,0.0,0.0
1780412600.465985,Meta-Llama-3.1-8B-Instruct-Q4_K_M.gguf,5073.08,3.2719,0.0,0.0
1780412600.9725802,Meta-Llama-3.1-8B-Instruct-Q4_K_M.gguf,5073.08,3.1652600000000004,0.0,0.0
1780412603.1868238,Meta-Llama-3.1-8B-Instruct-Q4_K_M.gguf,5071.98,3.21748,0.0,0.0
1780412603.693193,Meta-Llama-3.1-8B-Instruct-Q4_K_M.gguf,5073.61,2.4737600000000004,0.0,0.0
1780412604.1999922,Meta-Llama-3.1-8B-Instruct-Q4_K_M.gguf,5073.61,2.85167,0.0,0.0
1780412604.706729,Meta-Llama-3.1-8B-Instruct-Q4_K_M.gguf,5073.62,3.42638,0.0,0.0
1780412605.214187,Meta-Llama-3.1-8B-Instruct-Q4_K_M.gguf,5073.64,3.5827600000000004,0.0,0.0
1780412605.720999,Meta-Llama-3.1-8B-Instruct-Q4_K_M.gguf,5073.66,3.22593,0.0,0.0
1780412606.227984,Meta-Llama-3.1-8B-Instruct-Q4_K_M.gguf,5073.66,3.53809,0.0,0.0
1780412606.73553,Meta-Llama-3.1-8B-Instruct-Q4_K_M.gguf,5073.66,3.1943,0.0,0.0
1780412607.24271,Meta-Llama-3.1-8B-Instruct-Q4_K_M.gguf,5073.61,3.07873,0.0,0.0
1780412607.74985,Meta-Llama-3.1-8B-Instruct-Q4_K_M.gguf,5073.61,3.05525,0.0,0.0
1780412608.25669,Meta-Llama-3.1-8B-Instruct-Q4_K_M.gguf,5073.61,3.21817,0.0,0.0
1780412608.763926,Meta-Llama-3.1-8B-Instruct-Q4_K_M.gguf,5073.61,3.08842,0.0,0.0
1780412609.270741,Meta-Llama-3.1-8B-Instruct-Q4_K_M.gguf,5073.61,3.16369,0.0,0.0
1780412609.778195,Meta-Llama-3.1-8B-Instruct-Q4_K_M.gguf,5073.61,3.54246,0.0,0.0
1780412610.285171,Meta-Llama-3.1-8B-Instruct-Q4_K_M.gguf,5073.61,2.94065,0.0,0.0
1780412610.792078,Meta-Llama-3.1-8B-Instruct-Q4_K_M.gguf,5073.61,3.27173,0.0,0.0
1780412611.299733,Meta-Llama-3.1-8B-Instruct-Q4_K_M.gguf,5073.61,2.8040100000000003,0.0,0.0
1780412611.806853,Meta-Llama-3.1-8B-Instruct-Q4_K_M.gguf,5073.61,3.17283,0.0,0.0
1780412612.314187,Meta-Llama-3.1-8B-Instruct-Q4_K_M.gguf,5073.61,3.4061500000000002,0.0,0.0
1780412612.821394,Meta-Llama-3.1-8B-Instruct-Q4_K_M.gguf,5073.61,3.25007,0.0,0.0
1780412613.328423,Meta-Llama-3.1-8B-Instruct-Q4_K_M.gguf,5073.61,3.1592399999999996,0.0,0.0
1780412613.835967,Meta-Llama-3.1-8B-Instruct-Q4_K_M.gguf,5073.61,3.30707,0.0,0.0
1780412614.343319,Meta-Llama-3.1-8B-Instruct-Q4_K_M.gguf,5073.64,3.18405,0.0,0.0
1780412614.850324,Meta-Llama-3.1-8B-Instruct-Q4_K_M.gguf,5073.64,2.99842,0.0,0.0
1780412615.356915,Meta-Llama-3.1-8B-Instruct-Q4_K_M.gguf,5073.64,3.20274,0.0,0.0
1780412615.8645608,Meta-Llama-3.1-8B-Instruct-Q4_K_M.gguf,5073.64,3.24175,0.0,0.0
1780412616.3712142,Meta-Llama-3.1-8B-Instruct-Q4_K_M.gguf,5073.64,3.05815,0.0,0.0
1780412616.878475,Meta-Llama-3.1-8B-Instruct-Q4_K_M.gguf,5073.64,3.3050900000000003,0.0,0.0
1780412617.38534,Meta-Llama-3.1-8B-Instruct-Q4_K_M.gguf,5073.64,3.32027,0.0,0.0
1780412617.892915,Meta-Llama-3.1-8B-Instruct-Q4_K_M.gguf,5073.64,3.46711,0.0,0.0
1780412618.3998332,Meta-Llama-3.1-8B-Instruct-Q4_K_M.gguf,5073.67,3.0164299999999997,0.0,0.0
1780412618.906649,Meta-Llama-3.1-8B-Instruct-Q4_K_M.gguf,5073.67,3.3312399999999998,0.0,0.0
1780412619.413876,Meta-Llama-3.1-8B-Instruct-Q4_K_M.gguf,5073.7,3.2050500000000004,0.0,0.0
1780412619.920626,Meta-Llama-3.1-8B-Instruct-Q4_K_M.gguf,5073.7,3.78717,0.0,0.0
1780412620.42894,Meta-Llama-3.1-8B-Instruct-Q4_K_M.gguf,5073.72,5.4077,0.0,0.0
1780412620.9368188,Meta-Llama-3.1-8B-Instruct-Q4_K_M.gguf,5073.72,4.82784,0.0,0.0
1780412621.443886,Meta-Llama-3.1-8B-Instruct-Q4_K_M.gguf,5073.72,2.2109099999999997,0.0,0.0
1780412621.951375,Meta-Llama-3.1-8B-Instruct-Q4_K_M.gguf,5073.72,2.46096,0.0,0.0
1780412622.458082,Meta-Llama-3.1-8B-Instruct-Q4_K_M.gguf,5073.72,3.09023,0.0,0.0
1780412624.6573818,Meta-Llama-3.1-8B-Instruct-Q4_K_M.gguf,5081.86,3.73665,0.0,0.0
1780412625.164431,Meta-Llama-3.1-8B-Instruct-Q4_K_M.gguf,5081.86,2.83515,0.0,0.0
1780412625.670772,Meta-Llama-3.1-8B-Instruct-Q4_K_M.gguf,5081.86,2.89611,0.0,0.0
1780412626.1778529,Meta-Llama-3.1-8B-Instruct-Q4_K_M.gguf,5081.88,3.43866,0.0,0.0
1780412626.684993,Meta-Llama-3.1-8B-Instruct-Q4_K_M.gguf,5081.89,3.28696,0.0,0.0
1780412627.1921952,Meta-Llama-3.1-8B-Instruct-Q4_K_M.gguf,5081.92,3.39135,0.0,0.0
1780412627.6989398,Meta-Llama-3.1-8B-Instruct-Q4_K_M.gguf,5081.94,3.2417800000000003,0.0,0.0
1780412628.206002,Meta-Llama-3.1-8B-Instruct-Q4_K_M.gguf,5081.94,3.47998,0.0,0.0
1780412628.713063,Meta-Llama-3.1-8B-Instruct-Q4_K_M.gguf,5081.92,3.09355,0.0,0.0
1780412629.22015,Meta-Llama-3.1-8B-Instruct-Q4_K_M.gguf,5081.92,3.11905,0.0,0.0
1780412629.727135,Meta-Llama-3.1-8B-Instruct-Q4_K_M.gguf,5081.92,3.0329099999999998,0.0,0.0
1780412630.235103,Meta-Llama-3.1-8B-Instruct-Q4_K_M.gguf,5081.92,4.347600000000001,0.0,0.0
1780412630.742759,Meta-Llama-3.1-8B-Instruct-Q4_K_M.gguf,5081.92,3.5059,0.0,0.0
1780412631.24961,Meta-Llama-3.1-8B-Instruct-Q4_K_M.gguf,5081.92,6.71094,0.0,0.0
1780412631.756702,Meta-Llama-3.1-8B-Instruct-Q4_K_M.gguf,5081.92,2.20445,0.0,0.0
1780412632.263472,Meta-Llama-3.1-8B-Instruct-Q4_K_M.gguf,5081.92,2.5609699999999997,0.0,0.0
1780412632.770326,Meta-Llama-3.1-8B-Instruct-Q4_K_M.gguf,5081.92,2.6935599999999997,0.0,0.0
1780412633.277508,Meta-Llama-3.1-8B-Instruct-Q4_K_M.gguf,5081.92,3.33195,0.0,0.0
1780412633.785297,Meta-Llama-3.1-8B-Instruct-Q4_K_M.gguf,5081.92,3.18698,0.0,0.0
1780412634.291729,Meta-Llama-3.1-8B-Instruct-Q4_K_M.gguf,5081.92,3.16187,0.0,0.0
1780412634.7989042,Meta-Llama-3.1-8B-Instruct-Q4_K_M.gguf,5081.92,3.4395100000000003,0.0,0.0
1780412635.3055518,Meta-Llama-3.1-8B-Instruct-Q4_K_M.gguf,5081.92,3.31533,0.0,0.0
1780412635.8125088,Meta-Llama-3.1-8B-Instruct-Q4_K_M.gguf,5081.92,3.01983,0.0,0.0
1780412636.319337,Meta-Llama-3.1-8B-Instruct-Q4_K_M.gguf,5081.92,3.63204,0.0,0.0
1780412636.825932,Meta-Llama-3.1-8B-Instruct-Q4_K_M.gguf,5081.92,2.9340300000000004,0.0,0.0
1780412637.3334029,Meta-Llama-3.1-8B-Instruct-Q4_K_M.gguf,5081.92,3.36272,0.0,0.0
1780412637.840416,Meta-Llama-3.1-8B-Instruct-Q4_K_M.gguf,5081.92,2.89075,0.0,0.0
1780412638.347353,Meta-Llama-3.1-8B-Instruct-Q4_K_M.gguf,5081.92,3.26248,0.0,0.0
1780412638.854597,Meta-Llama-3.1-8B-Instruct-Q4_K_M.gguf,5081.92,3.30844,0.0,0.0
1780412639.362659,Meta-Llama-3.1-8B-Instruct-Q4_K_M.gguf,5081.92,2.9898800000000003,0.0,0.0
1780412639.869148,Meta-Llama-3.1-8B-Instruct-Q4_K_M.gguf,5081.92,3.00243,0.0,0.0
1780412640.375883,Meta-Llama-3.1-8B-Instruct-Q4_K_M.gguf,5081.92,3.3567,0.0,0.0
1780412640.883283,Meta-Llama-3.1-8B-Instruct-Q4_K_M.gguf,5081.92,3.1700500000000003,0.0,0.0
1780412641.390226,Meta-Llama-3.1-8B-Instruct-Q4_K_M.gguf,5081.92,3.2826500000000003,0.0,0.0
1780412641.897556,Meta-Llama-3.1-8B-Instruct-Q4_K_M.gguf,5081.92,2.6893000000000002,0.0,0.0
1780412642.4045398,Meta-Llama-3.1-8B-Instruct-Q4_K_M.gguf,5081.92,3.21291,0.0,0.0
1780412642.911464,Meta-Llama-3.1-8B-Instruct-Q4_K_M.gguf,5081.92,3.16722,0.0,0.0
1780412643.418356,Meta-Llama-3.1-8B-Instruct-Q4_K_M.gguf,5081.92,3.34355,0.0,0.0
1780412643.925998,Meta-Llama-3.1-8B-Instruct-Q4_K_M.gguf,5081.92,3.27657,0.0,0.0
1780413015.241431,Meta-Llama-3.1-8B-Instruct-Q4_K_M.gguf,5850.95,6.8212600000000005,0.0,0.0
1780413015.74849,Meta-Llama-3.1-8B-Instruct-Q4_K_M.gguf,5850.97,3.41663,0.0,0.0
1780413016.255264,Meta-Llama-3.1-8B-Instruct-Q4_K_M.gguf,5850.98,3.23208,0.0,0.0
1780413016.762372,Meta-Llama-3.1-8B-Instruct-Q4_K_M.gguf,5851.0,3.32052,0.0,0.0
1780413017.269417,Meta-Llama-3.1-8B-Instruct-Q4_K_M.gguf,5851.02,3.25598,0.0,0.0
1780413017.7764559,Meta-Llama-3.1-8B-Instruct-Q4_K_M.gguf,5851.02,3.19014,0.0,0.0
1780413018.283533,Meta-Llama-3.1-8B-Instruct-Q4_K_M.gguf,5851.02,3.21475,0.0,0.0
1780413018.7901309,Meta-Llama-3.1-8B-Instruct-Q4_K_M.gguf,5851.02,3.48877,0.0,0.0
1780413019.297578,Meta-Llama-3.1-8B-Instruct-Q4_K_M.gguf,5850.97,3.1976,0.0,0.0
1780413019.804308,Meta-Llama-3.1-8B-Instruct-Q4_K_M.gguf,5850.97,2.86131,0.0,0.0
1780413020.311339,Meta-Llama-3.1-8B-Instruct-Q4_K_M.gguf,5850.97,3.3789499999999997,0.0,0.0
1780413020.819391,Meta-Llama-3.1-8B-Instruct-Q4_K_M.gguf,5850.97,3.29801,0.0,0.0
1780413021.325909,Meta-Llama-3.1-8B-Instruct-Q4_K_M.gguf,5850.97,3.31163,0.0,0.0
1780413021.832908,Meta-Llama-3.1-8B-Instruct-Q4_K_M.gguf,5850.97,3.32811,0.0,0.0
1780413022.340456,Meta-Llama-3.1-8B-Instruct-Q4_K_M.gguf,5850.97,3.41396,0.0,0.0
1780413022.847556,Meta-Llama-3.1-8B-Instruct-Q4_K_M.gguf,5850.97,3.52372,0.0,0.0
1780413023.355175,Meta-Llama-3.1-8B-Instruct-Q4_K_M.gguf,5850.97,3.1627199999999998,0.0,0.0
1780413023.860854,Meta-Llama-3.1-8B-Instruct-Q4_K_M.gguf,5850.97,3.07384,0.0,0.0
1780413024.3679411,Meta-Llama-3.1-8B-Instruct-Q4_K_M.gguf,5850.97,3.0144699999999998,0.0,0.0
1780413024.874521,Meta-Llama-3.1-8B-Instruct-Q4_K_M.gguf,5850.97,3.36296,0.0,0.0
1780413025.382068,Meta-Llama-3.1-8B-Instruct-Q4_K_M.gguf,5850.97,3.5066599999999997,0.0,0.0
1780413025.889243,Meta-Llama-3.1-8B-Instruct-Q4_K_M.gguf,5850.97,3.1000199999999998,0.0,0.0
1780413026.39597,Meta-Llama-3.1-8B-Instruct-Q4_K_M.gguf,5850.98,3.48704,0.0,0.0
1780413026.90347,Meta-Llama-3.1-8B-Instruct-Q4_K_M.gguf,5850.98,3.1649499999999997,0.0,0.0
1780413027.409621,Meta-Llama-3.1-8B-Instruct-Q4_K_M.gguf,5850.98,3.38767,0.0,0.0
1780413027.9169621,Meta-Llama-3.1-8B-Instruct-Q4_K_M.gguf,5850.98,3.09802,0.0,0.0
1780413028.4242618,Meta-Llama-3.1-8B-Instruct-Q4_K_M.gguf,5850.98,3.3784,0.0,0.0
1780413028.931191,Meta-Llama-3.1-8B-Instruct-Q4_K_M.gguf,5850.98,3.2116,0.0,0.0
1780413029.4385788,Meta-Llama-3.1-8B-Instruct-Q4_K_M.gguf,5850.98,3.35298,0.0,0.0
1780413029.9456651,Meta-Llama-3.1-8B-Instruct-Q4_K_M.gguf,5850.98,3.33508,0.0,0.0
1780413030.453002,Meta-Llama-3.1-8B-Instruct-Q4_K_M.gguf,5850.98,3.27231,0.0,0.0
1780413030.9602401,Meta-Llama-3.1-8B-Instruct-Q4_K_M.gguf,5850.98,3.09312,0.0,0.0
1780413031.4676108,Meta-Llama-3.1-8B-Instruct-Q4_K_M.gguf,5850.98,3.05276,0.0,0.0
1780413031.974273,Meta-Llama-3.1-8B-Instruct-Q4_K_M.gguf,5850.98,3.23333,0.0,0.0
1780413032.481722,Meta-Llama-3.1-8B-Instruct-Q4_K_M.gguf,5850.98,3.35697,0.0,0.0
1780413034.651339,Meta-Llama-3.1-8B-Instruct-Q4_K_M.gguf,5820.38,3.67779,0.0,0.0
1780413035.1573749,Meta-Llama-3.1-8B-Instruct-Q4_K_M.gguf,5820.38,2.4495500000000003,0.0,0.0
1780413035.6634712,Meta-Llama-3.1-8B-Instruct-Q4_K_M.gguf,5820.38,2.82938,0.0,0.0
1780413036.170431,Meta-Llama-3.1-8B-Instruct-Q4_K_M.gguf,5820.38,3.44132,0.0,0.0
1780413036.6773179,Meta-Llama-3.1-8B-Instruct-Q4_K_M.gguf,5820.39,3.42211,0.0,0.0
1780413037.1840441,Meta-Llama-3.1-8B-Instruct-Q4_K_M.gguf,5820.39,3.13159,0.0,0.0
1780413037.691097,Meta-Llama-3.1-8B-Instruct-Q4_K_M.gguf,5820.39,3.19212,0.0,0.0
1780413038.197567,Meta-Llama-3.1-8B-Instruct-Q4_K_M.gguf,5820.39,2.78384,0.0,0.0
1780413038.704895,Meta-Llama-3.1-8B-Instruct-Q4_K_M.gguf,5820.38,2.5584499999999997,0.0,0.0
1780413039.211345,Meta-Llama-3.1-8B-Instruct-Q4_K_M.gguf,5820.38,2.7319400000000003,0.0,0.0
1780413039.718146,Meta-Llama-3.1-8B-Instruct-Q4_K_M.gguf,5820.38,2.90448,0.0,0.0
1780413040.225096,Meta-Llama-3.1-8B-Instruct-Q4_K_M.gguf,5820.38,2.98109,0.0,0.0
1780413040.732084,Meta-Llama-3.1-8B-Instruct-Q4_K_M.gguf,5820.38,3.0542,0.0,0.0
1780413041.238942,Meta-Llama-3.1-8B-Instruct-Q4_K_M.gguf,5820.39,2.5687800000000003,0.0,0.0
1780413041.743608,Meta-Llama-3.1-8B-Instruct-Q4_K_M.gguf,5820.39,3.12941,0.0,0.0
1780413042.24997,Meta-Llama-3.1-8B-Instruct-Q4_K_M.gguf,5820.39,2.9276999999999997,0.0,0.0
1780413042.757393,Meta-Llama-3.1-8B-Instruct-Q4_K_M.gguf,5820.41,3.4961100000000003,0.0,0.0
1780413043.264496,Meta-Llama-3.1-8B-Instruct-Q4_K_M.gguf,5820.41,3.01924,0.0,0.0
1780413043.771293,Meta-Llama-3.1-8B-Instruct-Q4_K_M.gguf,5820.41,2.9358,0.0,0.0
1780413044.277942,Meta-Llama-3.1-8B-Instruct-Q4_K_M.gguf,5820.41,2.52025,0.0,0.0
1780413044.7848608,Meta-Llama-3.1-8B-Instruct-Q4_K_M.gguf,5820.41,3.2621599999999997,0.0,0.0
1780413045.292025,Meta-Llama-3.1-8B-Instruct-Q4_K_M.gguf,5820.41,3.3590500000000003,0.0,0.0
1780413045.799316,Meta-Llama-3.1-8B-Instruct-Q4_K_M.gguf,5820.41,2.87258,0.0,0.0
1780413046.306038,Meta-Llama-3.1-8B-Instruct-Q4_K_M.gguf,5820.41,2.69592,0.0,0.0
1780413046.813639,Meta-Llama-3.1-8B-Instruct-Q4_K_M.gguf,5820.41,2.7711799999999998,0.0,0.0
1780413047.319947,Meta-Llama-3.1-8B-Instruct-Q4_K_M.gguf,5820.41,2.79673,0.0,0.0
1780413047.8273878,Meta-Llama-3.1-8B-Instruct-Q4_K_M.gguf,5820.44,3.0393600000000003,0.0,0.0
1780413048.338541,Meta-Llama-3.1-8B-Instruct-Q4_K_M.gguf,5820.44,2.91371,0.0,0.0
1780413048.8416378,Meta-Llama-3.1-8B-Instruct-Q4_K_M.gguf,5820.44,2.90393,0.0,0.0
1780413049.348465,Meta-Llama-3.1-8B-Instruct-Q4_K_M.gguf,5820.44,3.2608,0.0,0.0
1780413049.8553128,Meta-Llama-3.1-8B-Instruct-Q4_K_M.gguf,5820.44,3.1216399999999997,0.0,0.0
1780413050.361792,Meta-Llama-3.1-8B-Instruct-Q4_K_M.gguf,5820.44,3.15266,0.0,0.0
1780413050.878836,Meta-Llama-3.1-8B-Instruct-Q4_K_M.gguf,108.94,2.8709000000000002,0.0,0.0
1780413053.075114,Meta-Llama-3.1-8B-Instruct-Q4_K_M.gguf,5823.33,5.2043,0.0,0.0
1780413053.581328,Meta-Llama-3.1-8B-Instruct-Q4_K_M.gguf,5823.34,2.99986,0.0,0.0
1780413054.0882711,Meta-Llama-3.1-8B-Instruct-Q4_K_M.gguf,5823.36,3.17492,0.0,0.0
1780413054.594677,Meta-Llama-3.1-8B-Instruct-Q4_K_M.gguf,5823.38,3.09429,0.0,0.0
1780413055.101117,Meta-Llama-3.1-8B-Instruct-Q4_K_M.gguf,5823.39,2.89504,0.0,0.0
1780413055.607733,Meta-Llama-3.1-8B-Instruct-Q4_K_M.gguf,5823.41,2.96899,0.0,0.0
1780413056.115315,Meta-Llama-3.1-8B-Instruct-Q4_K_M.gguf,5823.41,2.87076,0.0,0.0
1780413056.62165,Meta-Llama-3.1-8B-Instruct-Q4_K_M.gguf,5823.41,2.6505799999999997,0.0,0.0
1780413057.128027,Meta-Llama-3.1-8B-Instruct-Q4_K_M.gguf,5823.36,2.82609,0.0,0.0
1780413057.63458,Meta-Llama-3.1-8B-Instruct-Q4_K_M.gguf,5823.36,2.89968,0.0,0.0
1780413058.1417239,Meta-Llama-3.1-8B-Instruct-Q4_K_M.gguf,5823.36,2.90178,0.0,0.0
1780413058.648403,Meta-Llama-3.1-8B-Instruct-Q4_K_M.gguf,5823.36,2.7291999999999996,0.0,0.0
1780413059.156103,Meta-Llama-3.1-8B-Instruct-Q4_K_M.gguf,5823.36,2.83013,0.0,0.0
1780413059.662804,Meta-Llama-3.1-8B-Instruct-Q4_K_M.gguf,5823.36,2.7014299999999998,0.0,0.0
1780413060.170592,Meta-Llama-3.1-8B-Instruct-Q4_K_M.gguf,5823.38,2.8086599999999997,0.0,0.0
1780413060.677483,Meta-Llama-3.1-8B-Instruct-Q4_K_M.gguf,5823.38,2.92735,0.0,0.0
1780413061.185003,Meta-Llama-3.1-8B-Instruct-Q4_K_M.gguf,5823.38,3.0225500000000003,0.0,0.0
1780413061.69169,Meta-Llama-3.1-8B-Instruct-Q4_K_M.gguf,5823.38,3.02334,0.0,0.0
1780413062.198452,Meta-Llama-3.1-8B-Instruct-Q4_K_M.gguf,5823.38,2.9676,0.0,0.0
1780413062.7048461,Meta-Llama-3.1-8B-Instruct-Q4_K_M.gguf,5823.38,3.41477,0.0,0.0
1780413063.211076,Meta-Llama-3.1-8B-Instruct-Q4_K_M.gguf,5823.38,3.45132,0.0,0.0
1780413063.7183518,Meta-Llama-3.1-8B-Instruct-Q4_K_M.gguf,5823.38,3.02604,0.0,0.0
1780413064.22578,Meta-Llama-3.1-8B-Instruct-Q4_K_M.gguf,5823.38,2.8149,0.0,0.0
1780413064.733092,Meta-Llama-3.1-8B-Instruct-Q4_K_M.gguf,5823.38,2.60161,0.0,0.0
1780413065.2398279,Meta-Llama-3.1-8B-Instruct-Q4_K_M.gguf,5823.38,2.92078,0.0,0.0
1780413065.746376,Meta-Llama-3.1-8B-Instruct-Q4_K_M.gguf,5823.38,3.36612,0.0,0.0
1780413066.253633,Meta-Llama-3.1-8B-Instruct-Q4_K_M.gguf,5823.38,3.28128,0.0,0.0
1780413066.7608461,Meta-Llama-3.1-8B-Instruct-Q4_K_M.gguf,5823.38,2.77511,0.0,0.0
1780413067.267958,Meta-Llama-3.1-8B-Instruct-Q4_K_M.gguf,5823.38,2.96931,0.0,0.0
1780413067.774854,Meta-Llama-3.1-8B-Instruct-Q4_K_M.gguf,5823.38,3.07835,0.0,0.0
1780413068.282954,Meta-Llama-3.1-8B-Instruct-Q4_K_M.gguf,5823.38,2.74077,0.0,0.0
1780413068.789857,Meta-Llama-3.1-8B-Instruct-Q4_K_M.gguf,5823.38,2.95833,0.0,0.0
1780413069.296742,Meta-Llama-3.1-8B-Instruct-Q4_K_M.gguf,5823.38,3.2915900000000002,0.0,0.0
1780413071.607141,Meta-Llama-3.1-8B-Instruct-Q4_K_M.gguf,5823.41,4.2504,0.0,0.0
1780413072.113149,Meta-Llama-3.1-8B-Instruct-Q4_K_M.gguf,5823.41,2.74754,0.0,0.0
1780413072.619781,Meta-Llama-3.1-8B-Instruct-Q4_K_M.gguf,5823.44,3.11321,0.0,0.0
1780413073.126836,Meta-Llama-3.1-8B-Instruct-Q4_K_M.gguf,5823.45,3.2191799999999997,0.0,0.0
1780413073.633141,Meta-Llama-3.1-8B-Instruct-Q4_K_M.gguf,5823.47,2.9722600000000003,0.0,0.0
1780413074.139811,Meta-Llama-3.1-8B-Instruct-Q4_K_M.gguf,5823.47,2.98506,0.0,0.0
1780413074.6463401,Meta-Llama-3.1-8B-Instruct-Q4_K_M.gguf,5823.47,2.7712600000000003,0.0,0.0
1780413075.153131,Meta-Llama-3.1-8B-Instruct-Q4_K_M.gguf,5823.47,2.7709699999999997,0.0,0.0
1780413075.659554,Meta-Llama-3.1-8B-Instruct-Q4_K_M.gguf,5823.42,2.71072,0.0,0.0
1780413076.1662872,Meta-Llama-3.1-8B-Instruct-Q4_K_M.gguf,5823.42,2.8001300000000002,0.0,0.0
1780413076.673279,Meta-Llama-3.1-8B-Instruct-Q4_K_M.gguf,5823.42,2.97143,0.0,0.0
1780413077.18117,Meta-Llama-3.1-8B-Instruct-Q4_K_M.gguf,5823.42,2.78908,0.0,0.0
1780413077.687794,Meta-Llama-3.1-8B-Instruct-Q4_K_M.gguf,5823.44,2.99615,0.0,0.0
1780413078.194078,Meta-Llama-3.1-8B-Instruct-Q4_K_M.gguf,5823.44,2.41347,0.0,0.0
1780413078.700424,Meta-Llama-3.1-8B-Instruct-Q4_K_M.gguf,5823.44,3.0118400000000003,0.0,0.0
1780413079.207227,Meta-Llama-3.1-8B-Instruct-Q4_K_M.gguf,5823.44,3.23715,0.0,0.0
1780413079.713639,Meta-Llama-3.1-8B-Instruct-Q4_K_M.gguf,5823.44,2.86904,0.0,0.0
1780413080.220593,Meta-Llama-3.1-8B-Instruct-Q4_K_M.gguf,5823.44,2.7454699999999996,0.0,0.0
1780413080.72706,Meta-Llama-3.1-8B-Instruct-Q4_K_M.gguf,5823.44,2.9414000000000002,0.0,0.0
1780413081.233883,Meta-Llama-3.1-8B-Instruct-Q4_K_M.gguf,5823.44,2.81304,0.0,0.0
1780413081.740513,Meta-Llama-3.1-8B-Instruct-Q4_K_M.gguf,5823.45,2.93792,0.0,0.0
1780413082.247214,Meta-Llama-3.1-8B-Instruct-Q4_K_M.gguf,5823.45,2.74716,0.0,0.0
1780413082.7536159,Meta-Llama-3.1-8B-Instruct-Q4_K_M.gguf,5823.45,2.71332,0.0,0.0
1780413083.2601442,Meta-Llama-3.1-8B-Instruct-Q4_K_M.gguf,5823.45,2.79329,0.0,0.0
1780413083.766905,Meta-Llama-3.1-8B-Instruct-Q4_K_M.gguf,5823.45,2.72035,0.0,0.0
1780413084.2736661,Meta-Llama-3.1-8B-Instruct-Q4_K_M.gguf,5823.45,2.90025,0.0,0.0
1780413084.7800698,Meta-Llama-3.1-8B-Instruct-Q4_K_M.gguf,5823.45,2.69639,0.0,0.0
1780413085.287233,Meta-Llama-3.1-8B-Instruct-Q4_K_M.gguf,5823.45,2.7083000000000004,0.0,0.0
1780413085.794406,Meta-Llama-3.1-8B-Instruct-Q4_K_M.gguf,5823.45,2.89384,0.0,0.0
1780413086.3012311,Meta-Llama-3.1-8B-Instruct-Q4_K_M.gguf,5823.45,2.7498400000000003,0.0,0.0
1780413086.8077729,Meta-Llama-3.1-8B-Instruct-Q4_K_M.gguf,5823.45,2.8216900000000003,0.0,0.0
1780413087.314563,Meta-Llama-3.1-8B-Instruct-Q4_K_M.gguf,5823.45,3.0462,0.0,0.0
1780413087.830616,Meta-Llama-3.1-8B-Instruct-Q4_K_M.gguf,111.98,2.81493,0.0,0.0
1780413090.0103831,Meta-Llama-3.1-8B-Instruct-Q4_K_M.gguf,5834.42,5.46069,0.0,0.0
1780413090.5160582,Meta-Llama-3.1-8B-Instruct-Q4_K_M.gguf,5834.44,2.96836,0.0,0.0
1780413091.022489,Meta-Llama-3.1-8B-Instruct-Q4_K_M.gguf,5834.44,3.34798,0.0,0.0
1780413091.529046,Meta-Llama-3.1-8B-Instruct-Q4_K_M.gguf,5834.44,3.36416,0.0,0.0
1780413092.036143,Meta-Llama-3.1-8B-Instruct-Q4_K_M.gguf,5834.44,2.90168,0.0,0.0
1780413092.543287,Meta-Llama-3.1-8B-Instruct-Q4_K_M.gguf,5834.44,2.74796,0.0,0.0
1780413093.0506089,Meta-Llama-3.1-8B-Instruct-Q4_K_M.gguf,5834.44,2.62929,0.0,0.0
1780413093.5573812,Meta-Llama-3.1-8B-Instruct-Q4_K_M.gguf,5834.44,2.57393,0.0,0.0
1780413094.063894,Meta-Llama-3.1-8B-Instruct-Q4_K_M.gguf,5834.44,2.6798699999999998,0.0,0.0
1780413094.570847,Meta-Llama-3.1-8B-Instruct-Q4_K_M.gguf,5834.44,2.96446,0.0,0.0
1780413095.077421,Meta-Llama-3.1-8B-Instruct-Q4_K_M.gguf,5834.44,3.01432,0.0,0.0
1780413095.58358,Meta-Llama-3.1-8B-Instruct-Q4_K_M.gguf,5834.44,2.9078600000000003,0.0,0.0
1780413096.090722,Meta-Llama-3.1-8B-Instruct-Q4_K_M.gguf,5834.44,2.95892,0.0,0.0
1780413096.597234,Meta-Llama-3.1-8B-Instruct-Q4_K_M.gguf,5834.44,2.95645,0.0,0.0
1780413097.104417,Meta-Llama-3.1-8B-Instruct-Q4_K_M.gguf,5834.44,2.55635,0.0,0.0
1780413097.6116061,Meta-Llama-3.1-8B-Instruct-Q4_K_M.gguf,5834.44,2.72046,0.0,0.0
1780413098.117679,Meta-Llama-3.1-8B-Instruct-Q4_K_M.gguf,5834.44,2.7554499999999997,0.0,0.0
1780413098.624458,Meta-Llama-3.1-8B-Instruct-Q4_K_M.gguf,5834.44,3.18398,0.0,0.0
1780413099.1314619,Meta-Llama-3.1-8B-Instruct-Q4_K_M.gguf,5834.44,3.09769,0.0,0.0
1780413099.6387641,Meta-Llama-3.1-8B-Instruct-Q4_K_M.gguf,5834.44,2.8476999999999997,0.0,0.0
1780413100.145615,Meta-Llama-3.1-8B-Instruct-Q4_K_M.gguf,5834.44,2.9996799999999997,0.0,0.0
1780413100.6530828,Meta-Llama-3.1-8B-Instruct-Q4_K_M.gguf,5834.45,2.75799,0.0,0.0
1780413101.1596491,Meta-Llama-3.1-8B-Instruct-Q4_K_M.gguf,5834.45,2.82263,0.0,0.0
1780413101.667218,Meta-Llama-3.1-8B-Instruct-Q4_K_M.gguf,5834.45,3.1113600000000003,0.0,0.0
1780413102.174207,Meta-Llama-3.1-8B-Instruct-Q4_K_M.gguf,5834.45,3.33438,0.0,0.0
1780413102.681279,Meta-Llama-3.1-8B-Instruct-Q4_K_M.gguf,5834.45,2.90367,0.0,0.0
1780413103.188652,Meta-Llama-3.1-8B-Instruct-Q4_K_M.gguf,5834.45,3.2159400000000002,0.0,0.0
1780413103.695829,Meta-Llama-3.1-8B-Instruct-Q4_K_M.gguf,5834.45,3.3122800000000003,0.0,0.0
1780413104.2032971,Meta-Llama-3.1-8B-Instruct-Q4_K_M.gguf,5834.45,3.11035,0.0,0.0
1780413104.709915,Meta-Llama-3.1-8B-Instruct-Q4_K_M.gguf,5834.45,3.12827,0.0,0.0
1780413105.2172449,Meta-Llama-3.1-8B-Instruct-Q4_K_M.gguf,5834.45,3.14786,0.0,0.0
1780413105.723833,Meta-Llama-3.1-8B-Instruct-Q4_K_M.gguf,5834.45,3.2626999999999997,0.0,0.0
1780413106.230402,Meta-Llama-3.1-8B-Instruct-Q4_K_M.gguf,5834.45,3.21054,0.0,0.0
1780413106.737856,Meta-Llama-3.1-8B-Instruct-Q4_K_M.gguf,5834.45,3.23047,0.0,0.0
1780413107.252822,Meta-Llama-3.1-8B-Instruct-Q4_K_M.gguf,122.98,3.29028,0.0,0.0
1780413109.4915378,Meta-Llama-3.1-8B-Instruct-Q4_K_M.gguf,5839.02,5.11876,0.0,0.0
1780413109.9987571,Meta-Llama-3.1-8B-Instruct-Q4_K_M.gguf,5839.06,2.91693,0.0,0.0
1780413110.505033,Meta-Llama-3.1-8B-Instruct-Q4_K_M.gguf,5839.08,2.89674,0.0,0.0
1780413111.0118809,Meta-Llama-3.1-8B-Instruct-Q4_K_M.gguf,5839.08,3.5057199999999997,0.0,0.0
1780413111.5195498,Meta-Llama-3.1-8B-Instruct-Q4_K_M.gguf,5839.08,3.14174,0.0,0.0
1780413112.026767,Meta-Llama-3.1-8B-Instruct-Q4_K_M.gguf,5839.08,3.0831500000000003,0.0,0.0
1780413112.5340302,Meta-Llama-3.1-8B-Instruct-Q4_K_M.gguf,5839.09,3.4669899999999996,0.0,0.0
1780413113.040725,Meta-Llama-3.1-8B-Instruct-Q4_K_M.gguf,5839.09,3.43883,0.0,0.0
1780413113.54776,Meta-Llama-3.1-8B-Instruct-Q4_K_M.gguf,5839.09,3.3706199999999997,0.0,0.0
1780413114.0551832,Meta-Llama-3.1-8B-Instruct-Q4_K_M.gguf,5839.09,2.97565,0.0,0.0
1780413114.562488,Meta-Llama-3.1-8B-Instruct-Q4_K_M.gguf,5839.09,3.06581,0.0,0.0
1780413115.069325,Meta-Llama-3.1-8B-Instruct-Q4_K_M.gguf,5839.09,3.0405100000000003,0.0,0.0
1780413115.57583,Meta-Llama-3.1-8B-Instruct-Q4_K_M.gguf,5839.09,3.31039,0.0,0.0
1780413116.083083,Meta-Llama-3.1-8B-Instruct-Q4_K_M.gguf,5839.09,3.2825100000000003,0.0,0.0
1780413116.588725,Meta-Llama-3.1-8B-Instruct-Q4_K_M.gguf,5839.08,3.12983,0.0,0.0
1780413117.095411,Meta-Llama-3.1-8B-Instruct-Q4_K_M.gguf,5839.08,3.12692,0.0,0.0
1780413117.603075,Meta-Llama-3.1-8B-Instruct-Q4_K_M.gguf,5839.08,3.15795,0.0,0.0
1780413118.10975,Meta-Llama-3.1-8B-Instruct-Q4_K_M.gguf,5839.08,3.11741,0.0,0.0
1780413118.61671,Meta-Llama-3.1-8B-Instruct-Q4_K_M.gguf,5839.08,3.12614,0.0,0.0
1780413119.123872,Meta-Llama-3.1-8B-Instruct-Q4_K_M.gguf,5839.08,3.14523,0.0,0.0
1780413119.630864,Meta-Llama-3.1-8B-Instruct-Q4_K_M.gguf,5839.08,3.06177,0.0,0.0
1780413120.138452,Meta-Llama-3.1-8B-Instruct-Q4_K_M.gguf,5839.08,3.27782,0.0,0.0
1780413120.645055,Meta-Llama-3.1-8B-Instruct-Q4_K_M.gguf,5839.08,3.22513,0.0,0.0
1780413121.152517,Meta-Llama-3.1-8B-Instruct-Q4_K_M.gguf,5839.08,3.2028000000000003,0.0,0.0
1780413121.659292,Meta-Llama-3.1-8B-Instruct-Q4_K_M.gguf,5839.08,3.4411300000000002,0.0,0.0
1780413122.166259,Meta-Llama-3.1-8B-Instruct-Q4_K_M.gguf,5839.08,3.0921999999999996,0.0,0.0
1780413122.673207,Meta-Llama-3.1-8B-Instruct-Q4_K_M.gguf,5839.08,3.1215900000000003,0.0,0.0
1780413123.1799848,Meta-Llama-3.1-8B-Instruct-Q4_K_M.gguf,5839.08,3.08596,0.0,0.0
1780413123.687457,Meta-Llama-3.1-8B-Instruct-Q4_K_M.gguf,5839.08,2.9408000000000003,0.0,0.0
1780413124.194824,Meta-Llama-3.1-8B-Instruct-Q4_K_M.gguf,5839.08,3.16425,0.0,0.0
1780413124.70204,Meta-Llama-3.1-8B-Instruct-Q4_K_M.gguf,5839.08,3.1927600000000003,0.0,0.0
1780413125.209054,Meta-Llama-3.1-8B-Instruct-Q4_K_M.gguf,5839.08,3.0382800000000003,0.0,0.0
1780413125.716085,Meta-Llama-3.1-8B-Instruct-Q4_K_M.gguf,5839.08,3.07566,0.0,0.0
1780413126.222764,Meta-Llama-3.1-8B-Instruct-Q4_K_M.gguf,5839.08,3.2853000000000003,0.0,0.0
1780413126.7298932,Meta-Llama-3.1-8B-Instruct-Q4_K_M.gguf,5839.08,3.48018,0.0,0.0
1780413127.236941,Meta-Llama-3.1-8B-Instruct-Q4_K_M.gguf,5839.08,3.06738,0.0,0.0
1780413127.7434509,Meta-Llama-3.1-8B-Instruct-Q4_K_M.gguf,5839.08,3.344,0.0,0.0
1780413128.25063,Meta-Llama-3.1-8B-Instruct-Q4_K_M.gguf,127.58,3.09507,0.0,0.0
1780413130.456773,Meta-Llama-3.1-8B-Instruct-Q4_K_M.gguf,5821.8,4.97648,0.0,0.0
1780413130.96294,Meta-Llama-3.1-8B-Instruct-Q4_K_M.gguf,5821.81,3.02691,0.0,0.0
1780413131.469768,Meta-Llama-3.1-8B-Instruct-Q4_K_M.gguf,5821.81,2.98669,0.0,0.0
1780413131.976423,Meta-Llama-3.1-8B-Instruct-Q4_K_M.gguf,5821.81,3.1549099999999997,0.0,0.0
1780413132.483354,Meta-Llama-3.1-8B-Instruct-Q4_K_M.gguf,5821.83,2.9516999999999998,0.0,0.0
1780413132.9898088,Meta-Llama-3.1-8B-Instruct-Q4_K_M.gguf,5821.83,2.96272,0.0,0.0
1780413133.496408,Meta-Llama-3.1-8B-Instruct-Q4_K_M.gguf,5821.83,2.74965,0.0,0.0
1780413134.002818,Meta-Llama-3.1-8B-Instruct-Q4_K_M.gguf,5821.83,2.6649000000000003,0.0,0.0
1780413134.50956,Meta-Llama-3.1-8B-Instruct-Q4_K_M.gguf,5821.78,2.86077,0.0,0.0
1780413135.0158138,Meta-Llama-3.1-8B-Instruct-Q4_K_M.gguf,5821.78,2.58984,0.0,0.0
1780413135.52254,Meta-Llama-3.1-8B-Instruct-Q4_K_M.gguf,5821.78,2.85444,0.0,0.0
1780413136.029022,Meta-Llama-3.1-8B-Instruct-Q4_K_M.gguf,5821.78,3.05944,0.0,0.0
1780413136.535826,Meta-Llama-3.1-8B-Instruct-Q4_K_M.gguf,5821.78,2.82248,0.0,0.0
1780413137.042637,Meta-Llama-3.1-8B-Instruct-Q4_K_M.gguf,5821.78,2.67294,0.0,0.0
1780413137.5491688,Meta-Llama-3.1-8B-Instruct-Q4_K_M.gguf,5821.78,2.7527199999999996,0.0,0.0
1780413138.055543,Meta-Llama-3.1-8B-Instruct-Q4_K_M.gguf,5821.78,2.85778,0.0,0.0
1780413138.562561,Meta-Llama-3.1-8B-Instruct-Q4_K_M.gguf,5821.78,3.0324,0.0,0.0
1780413139.0693812,Meta-Llama-3.1-8B-Instruct-Q4_K_M.gguf,5821.78,2.69484,0.0,0.0
1780413139.5757592,Meta-Llama-3.1-8B-Instruct-Q4_K_M.gguf,5821.78,2.7937399999999997,0.0,0.0
1780413140.082264,Meta-Llama-3.1-8B-Instruct-Q4_K_M.gguf,5821.78,2.86854,0.0,0.0
1780413140.589537,Meta-Llama-3.1-8B-Instruct-Q4_K_M.gguf,5821.8,2.89034,0.0,0.0
1780413141.095959,Meta-Llama-3.1-8B-Instruct-Q4_K_M.gguf,5821.8,2.6847800000000004,0.0,0.0
1780413141.602707,Meta-Llama-3.1-8B-Instruct-Q4_K_M.gguf,5821.8,2.78688,0.0,0.0
1780413142.109343,Meta-Llama-3.1-8B-Instruct-Q4_K_M.gguf,5821.8,3.01053,0.0,0.0
1780413142.616369,Meta-Llama-3.1-8B-Instruct-Q4_K_M.gguf,5821.8,2.76263,0.0,0.0
1780413143.123461,Meta-Llama-3.1-8B-Instruct-Q4_K_M.gguf,5821.8,2.64146,0.0,0.0
1780413143.630272,Meta-Llama-3.1-8B-Instruct-Q4_K_M.gguf,5821.8,2.82725,0.0,0.0
1780413144.1368299,Meta-Llama-3.1-8B-Instruct-Q4_K_M.gguf,5821.8,2.64029,0.0,0.0
1780413144.643329,Meta-Llama-3.1-8B-Instruct-Q4_K_M.gguf,5821.8,3.02821,0.0,0.0
1780413145.15008,Meta-Llama-3.1-8B-Instruct-Q4_K_M.gguf,5821.8,2.9097600000000003,0.0,0.0
1780413145.656944,Meta-Llama-3.1-8B-Instruct-Q4_K_M.gguf,5821.8,2.6965100000000004,0.0,0.0
1780413146.163743,Meta-Llama-3.1-8B-Instruct-Q4_K_M.gguf,5821.8,2.7222199999999996,0.0,0.0
1780413148.477194,Meta-Llama-3.1-8B-Instruct-Q4_K_M.gguf,5820.5,3.46457,0.0,0.0
1780413148.9833019,Meta-Llama-3.1-8B-Instruct-Q4_K_M.gguf,5820.52,2.49129,0.0,0.0
1780413149.4902148,Meta-Llama-3.1-8B-Instruct-Q4_K_M.gguf,5820.55,3.2057399999999996,0.0,0.0
1780413149.996417,Meta-Llama-3.1-8B-Instruct-Q4_K_M.gguf,5820.56,3.45489,0.0,0.0
1780413150.502951,Meta-Llama-3.1-8B-Instruct-Q4_K_M.gguf,5820.58,3.2169299999999996,0.0,0.0
1780413151.00992,Meta-Llama-3.1-8B-Instruct-Q4_K_M.gguf,5820.58,3.0537199999999998,0.0,0.0
1780413151.5162911,Meta-Llama-3.1-8B-Instruct-Q4_K_M.gguf,5820.58,2.7081,0.0,0.0
1780413152.023146,Meta-Llama-3.1-8B-Instruct-Q4_K_M.gguf,5820.58,2.46355,0.0,0.0
1780413152.5306518,Meta-Llama-3.1-8B-Instruct-Q4_K_M.gguf,5820.53,2.79996,0.0,0.0
1780413153.0379908,Meta-Llama-3.1-8B-Instruct-Q4_K_M.gguf,5820.53,3.1898400000000002,0.0,0.0
1780413153.544791,Meta-Llama-3.1-8B-Instruct-Q4_K_M.gguf,5820.53,2.30182,0.0,0.0
1780413154.0527842,Meta-Llama-3.1-8B-Instruct-Q4_K_M.gguf,5820.53,4.68627,0.0,0.0
1780413154.559057,Meta-Llama-3.1-8B-Instruct-Q4_K_M.gguf,5820.53,3.7071,0.0,0.0
1780413155.0654678,Meta-Llama-3.1-8B-Instruct-Q4_K_M.gguf,5820.53,2.68118,0.0,0.0
1780413155.572667,Meta-Llama-3.1-8B-Instruct-Q4_K_M.gguf,5820.53,3.11226,0.0,0.0
1780413156.0790741,Meta-Llama-3.1-8B-Instruct-Q4_K_M.gguf,5820.53,2.97278,0.0,0.0
1780413156.585543,Meta-Llama-3.1-8B-Instruct-Q4_K_M.gguf,5820.53,2.7218899999999997,0.0,0.0
1780413157.092384,Meta-Llama-3.1-8B-Instruct-Q4_K_M.gguf,5820.53,2.71461,0.0,0.0
1780413157.598891,Meta-Llama-3.1-8B-Instruct-Q4_K_M.gguf,5820.53,2.78972,0.0,0.0
1780413158.105529,Meta-Llama-3.1-8B-Instruct-Q4_K_M.gguf,5820.53,2.61294,0.0,0.0
1780413158.6119611,Meta-Llama-3.1-8B-Instruct-Q4_K_M.gguf,5820.53,2.9333899999999997,0.0,0.0
1780413159.118829,Meta-Llama-3.1-8B-Instruct-Q4_K_M.gguf,5820.55,3.03378,0.0,0.0
1780413159.625273,Meta-Llama-3.1-8B-Instruct-Q4_K_M.gguf,5820.55,3.01694,0.0,0.0
1780413160.1322858,Meta-Llama-3.1-8B-Instruct-Q4_K_M.gguf,5820.55,2.68927,0.0,0.0
1780413160.639182,Meta-Llama-3.1-8B-Instruct-Q4_K_M.gguf,5820.55,2.63163,0.0,0.0
1780413161.145578,Meta-Llama-3.1-8B-Instruct-Q4_K_M.gguf,5820.55,2.9239499999999996,0.0,0.0
1780413161.6521118,Meta-Llama-3.1-8B-Instruct-Q4_K_M.gguf,5820.55,2.8090100000000002,0.0,0.0
1780413162.1588721,Meta-Llama-3.1-8B-Instruct-Q4_K_M.gguf,5820.55,2.84317,0.0,0.0
1780413162.665238,Meta-Llama-3.1-8B-Instruct-Q4_K_M.gguf,5820.55,2.66735,0.0,0.0
1780413163.1716921,Meta-Llama-3.1-8B-Instruct-Q4_K_M.gguf,5820.55,2.9129899999999997,0.0,0.0
1780413163.6783712,Meta-Llama-3.1-8B-Instruct-Q4_K_M.gguf,5820.55,2.9288499999999997,0.0,0.0
1780413164.184962,Meta-Llama-3.1-8B-Instruct-Q4_K_M.gguf,5820.55,2.73801,0.0,0.0
1780413164.6916668,Meta-Llama-3.1-8B-Instruct-Q4_K_M.gguf,5820.55,2.92355,0.0,0.0
1780413166.9861639,Meta-Llama-3.1-8B-Instruct-Q4_K_M.gguf,5822.12,3.6499200000000003,0.0,0.0
1780413167.492646,Meta-Llama-3.1-8B-Instruct-Q4_K_M.gguf,5822.14,2.46766,0.0,0.0
1780413167.9987578,Meta-Llama-3.1-8B-Instruct-Q4_K_M.gguf,5822.17,3.05098,0.0,0.0
1780413168.505481,Meta-Llama-3.1-8B-Instruct-Q4_K_M.gguf,5822.19,3.56775,0.0,0.0
1780413169.011963,Meta-Llama-3.1-8B-Instruct-Q4_K_M.gguf,5822.2,3.41768,0.0,0.0
1780413169.518562,Meta-Llama-3.1-8B-Instruct-Q4_K_M.gguf,5822.2,2.95348,0.0,0.0
1780413170.0249758,Meta-Llama-3.1-8B-Instruct-Q4_K_M.gguf,5822.2,2.92895,0.0,0.0
1780413170.531971,Meta-Llama-3.1-8B-Instruct-Q4_K_M.gguf,5822.2,2.69104,0.0,0.0
1780413171.039119,Meta-Llama-3.1-8B-Instruct-Q4_K_M.gguf,5822.16,2.65736,0.0,0.0
1780413171.545132,Meta-Llama-3.1-8B-Instruct-Q4_K_M.gguf,5822.16,2.85006,0.0,0.0
1780413172.051938,Meta-Llama-3.1-8B-Instruct-Q4_K_M.gguf,5822.16,2.86048,0.0,0.0
1780413172.558892,Meta-Llama-3.1-8B-Instruct-Q4_K_M.gguf,5822.16,2.9631999999999996,0.0,0.0
1780413173.065151,Meta-Llama-3.1-8B-Instruct-Q4_K_M.gguf,5822.16,2.6598699999999997,0.0,0.0
1780413173.572001,Meta-Llama-3.1-8B-Instruct-Q4_K_M.gguf,5822.16,2.85265,0.0,0.0
1780413174.078597,Meta-Llama-3.1-8B-Instruct-Q4_K_M.gguf,5822.16,2.88333,0.0,0.0
1780413174.585533,Meta-Llama-3.1-8B-Instruct-Q4_K_M.gguf,5822.16,2.81633,0.0,0.0
1780413175.092056,Meta-Llama-3.1-8B-Instruct-Q4_K_M.gguf,5822.16,2.90015,0.0,0.0
1780413175.598428,Meta-Llama-3.1-8B-Instruct-Q4_K_M.gguf,5822.16,2.74618,0.0,0.0
1780413176.10548,Meta-Llama-3.1-8B-Instruct-Q4_K_M.gguf,5822.16,2.90762,0.0,0.0
1780413176.612125,Meta-Llama-3.1-8B-Instruct-Q4_K_M.gguf,5822.16,2.79621,0.0,0.0
1780413177.1186519,Meta-Llama-3.1-8B-Instruct-Q4_K_M.gguf,5822.16,2.7066500000000002,0.0,0.0
1780413177.625046,Meta-Llama-3.1-8B-Instruct-Q4_K_M.gguf,5822.16,2.77858,0.0,0.0
1780413178.131532,Meta-Llama-3.1-8B-Instruct-Q4_K_M.gguf,5822.16,3.05036,0.0,0.0
1780413178.638154,Meta-Llama-3.1-8B-Instruct-Q4_K_M.gguf,5822.16,2.93964,0.0,0.0
1780413179.145395,Meta-Llama-3.1-8B-Instruct-Q4_K_M.gguf,5822.16,3.00278,0.0,0.0
1780413179.652247,Meta-Llama-3.1-8B-Instruct-Q4_K_M.gguf,5822.16,2.81534,0.0,0.0
1780413180.158796,Meta-Llama-3.1-8B-Instruct-Q4_K_M.gguf,5822.16,2.58556,0.0,0.0
1780413180.6653829,Meta-Llama-3.1-8B-Instruct-Q4_K_M.gguf,5822.16,2.74997,0.0,0.0
1780413181.172532,Meta-Llama-3.1-8B-Instruct-Q4_K_M.gguf,5822.16,2.89018,0.0,0.0
1780413181.6792471,Meta-Llama-3.1-8B-Instruct-Q4_K_M.gguf,5822.16,2.89404,0.0,0.0
1780413182.186487,Meta-Llama-3.1-8B-Instruct-Q4_K_M.gguf,5822.16,2.81383,0.0,0.0
1780413182.6934521,Meta-Llama-3.1-8B-Instruct-Q4_K_M.gguf,5822.16,2.77815,0.0,0.0
1780413185.018085,Meta-Llama-3.1-8B-Instruct-Q4_K_M.gguf,5823.06,3.68256,0.0,0.0
1780413185.5238929,Meta-Llama-3.1-8B-Instruct-Q4_K_M.gguf,5823.06,2.8579899999999996,0.0,0.0
1780413186.0303922,Meta-Llama-3.1-8B-Instruct-Q4_K_M.gguf,5823.11,3.7091999999999996,0.0,0.0
1780413186.5373042,Meta-Llama-3.1-8B-Instruct-Q4_K_M.gguf,5823.12,3.4210599999999998,0.0,0.0
1780413187.0446012,Meta-Llama-3.1-8B-Instruct-Q4_K_M.gguf,5823.14,3.13701,0.0,0.0
1780413187.551557,Meta-Llama-3.1-8B-Instruct-Q4_K_M.gguf,5823.14,3.12927,0.0,0.0
1780413188.058315,Meta-Llama-3.1-8B-Instruct-Q4_K_M.gguf,5823.14,2.5654899999999996,0.0,0.0
1780413188.5647712,Meta-Llama-3.1-8B-Instruct-Q4_K_M.gguf,5823.14,2.67981,0.0,0.0
1780413189.071428,Meta-Llama-3.1-8B-Instruct-Q4_K_M.gguf,5823.12,2.8192199999999996,0.0,0.0
1780413189.578253,Meta-Llama-3.1-8B-Instruct-Q4_K_M.gguf,5823.12,2.9737199999999997,0.0,0.0
1780413190.0845282,Meta-Llama-3.1-8B-Instruct-Q4_K_M.gguf,5823.12,2.7743,0.0,0.0
1780413190.591088,Meta-Llama-3.1-8B-Instruct-Q4_K_M.gguf,5823.12,3.05952,0.0,0.0
1780413191.098162,Meta-Llama-3.1-8B-Instruct-Q4_K_M.gguf,5823.12,2.81404,0.0,0.0
1780413191.604962,Meta-Llama-3.1-8B-Instruct-Q4_K_M.gguf,5823.12,2.73584,0.0,0.0
1780413192.11153,Meta-Llama-3.1-8B-Instruct-Q4_K_M.gguf,5823.12,2.75399,0.0,0.0
1780413192.618149,Meta-Llama-3.1-8B-Instruct-Q4_K_M.gguf,5823.12,2.77701,0.0,0.0
1780413193.124963,Meta-Llama-3.1-8B-Instruct-Q4_K_M.gguf,5823.12,3.00742,0.0,0.0
1780413193.631976,Meta-Llama-3.1-8B-Instruct-Q4_K_M.gguf,5823.12,2.81015,0.0,0.0
1780413194.1390002,Meta-Llama-3.1-8B-Instruct-Q4_K_M.gguf,5823.12,2.8371,0.0,0.0
1780413194.645825,Meta-Llama-3.1-8B-Instruct-Q4_K_M.gguf,5823.12,2.88771,0.0,0.0
1780413195.1532009,Meta-Llama-3.1-8B-Instruct-Q4_K_M.gguf,5823.12,2.7771999999999997,0.0,0.0
1780413195.659699,Meta-Llama-3.1-8B-Instruct-Q4_K_M.gguf,5823.12,2.87615,0.0,0.0
1780413196.166241,Meta-Llama-3.1-8B-Instruct-Q4_K_M.gguf,5823.12,2.6520900000000003,0.0,0.0
1780413196.673343,Meta-Llama-3.1-8B-Instruct-Q4_K_M.gguf,5823.12,2.83781,0.0,0.0
1780413197.1808681,Meta-Llama-3.1-8B-Instruct-Q4_K_M.gguf,5823.12,3.04797,0.0,0.0
1780413197.687604,Meta-Llama-3.1-8B-Instruct-Q4_K_M.gguf,5823.12,3.21578,0.0,0.0
1780413198.194317,Meta-Llama-3.1-8B-Instruct-Q4_K_M.gguf,5823.12,2.51766,0.0,0.0
1780413198.70109,Meta-Llama-3.1-8B-Instruct-Q4_K_M.gguf,5823.12,2.70579,0.0,0.0
1780413199.208464,Meta-Llama-3.1-8B-Instruct-Q4_K_M.gguf,5823.12,2.92366,0.0,0.0
1780413199.714962,Meta-Llama-3.1-8B-Instruct-Q4_K_M.gguf,5823.12,2.9417,0.0,0.0
1780413200.221956,Meta-Llama-3.1-8B-Instruct-Q4_K_M.gguf,5823.12,2.8779299999999997,0.0,0.0
1780413200.728308,Meta-Llama-3.1-8B-Instruct-Q4_K_M.gguf,5823.12,2.7224299999999997,0.0,0.0
1780413201.247703,Meta-Llama-3.1-8B-Instruct-Q4_K_M.gguf,111.62,2.87127,0.0,0.0
1780413224.258778,mistral-7b-instruct-v0.2.Q4_K_M.gguf,4288.23,4.58019,0.0,0.0
1780413224.764908,mistral-7b-instruct-v0.2.Q4_K_M.gguf,4288.23,2.93374,0.0,0.0
1780413225.271534,mistral-7b-instruct-v0.2.Q4_K_M.gguf,4288.23,2.2749200000000003,0.0,0.0
1780413225.778324,mistral-7b-instruct-v0.2.Q4_K_M.gguf,4288.25,2.33463,0.0,0.0
1780413226.2848861,mistral-7b-instruct-v0.2.Q4_K_M.gguf,4288.27,2.61376,0.0,0.0
1780413226.79223,mistral-7b-instruct-v0.2.Q4_K_M.gguf,4288.27,2.86376,0.0,0.0
1780413227.298513,mistral-7b-instruct-v0.2.Q4_K_M.gguf,4288.27,2.7354600000000002,0.0,0.0
1780413227.8051891,mistral-7b-instruct-v0.2.Q4_K_M.gguf,4288.22,2.92461,0.0,0.0
1780413228.3116748,mistral-7b-instruct-v0.2.Q4_K_M.gguf,4288.23,3.181,0.0,0.0
1780413228.8182569,mistral-7b-instruct-v0.2.Q4_K_M.gguf,4288.23,3.0374299999999996,0.0,0.0
1780413229.324545,mistral-7b-instruct-v0.2.Q4_K_M.gguf,4288.23,2.94117,0.0,0.0
1780413229.831404,mistral-7b-instruct-v0.2.Q4_K_M.gguf,4288.23,2.7855100000000004,0.0,0.0
1780413230.33776,mistral-7b-instruct-v0.2.Q4_K_M.gguf,4288.23,2.71954,0.0,0.0
1780413230.844269,mistral-7b-instruct-v0.2.Q4_K_M.gguf,4288.23,3.00002,0.0,0.0
1780413231.350794,mistral-7b-instruct-v0.2.Q4_K_M.gguf,4288.23,2.97768,0.0,0.0
1780413231.857803,mistral-7b-instruct-v0.2.Q4_K_M.gguf,4288.23,2.95109,0.0,0.0
1780413232.3645902,mistral-7b-instruct-v0.2.Q4_K_M.gguf,4288.23,2.69078,0.0,0.0
1780413232.871438,mistral-7b-instruct-v0.2.Q4_K_M.gguf,4288.25,2.77621,0.0,0.0
1780413233.379099,mistral-7b-instruct-v0.2.Q4_K_M.gguf,4288.25,6.63996,0.0,0.0
1780413233.8856902,mistral-7b-instruct-v0.2.Q4_K_M.gguf,4288.25,2.58713,0.0,0.0
1780413234.392179,mistral-7b-instruct-v0.2.Q4_K_M.gguf,4288.25,2.4130100000000003,0.0,0.0
1780413234.8984709,mistral-7b-instruct-v0.2.Q4_K_M.gguf,4288.25,2.8291399999999998,0.0,0.0
1780413235.4049652,mistral-7b-instruct-v0.2.Q4_K_M.gguf,4288.25,2.9941999999999998,0.0,0.0
1780413235.912268,mistral-7b-instruct-v0.2.Q4_K_M.gguf,4288.25,3.09514,0.0,0.0
1780413236.418586,mistral-7b-instruct-v0.2.Q4_K_M.gguf,4288.25,2.7638499999999997,0.0,0.0
1780413236.925121,mistral-7b-instruct-v0.2.Q4_K_M.gguf,4288.25,2.90739,0.0,0.0
1780413237.43166,mistral-7b-instruct-v0.2.Q4_K_M.gguf,4288.25,2.90671,0.0,0.0
1780413237.9388218,mistral-7b-instruct-v0.2.Q4_K_M.gguf,4288.25,2.8106799999999996,0.0,0.0
1780413238.4451358,mistral-7b-instruct-v0.2.Q4_K_M.gguf,4288.25,2.8682600000000003,0.0,0.0
1780413240.7059891,mistral-7b-instruct-v0.2.Q4_K_M.gguf,4294.75,2.96738,0.0,0.0
1780413241.212658,mistral-7b-instruct-v0.2.Q4_K_M.gguf,4294.81,2.31793,0.0,0.0
1780413241.719438,mistral-7b-instruct-v0.2.Q4_K_M.gguf,4294.83,3.24417,0.0,0.0
1780413242.2264252,mistral-7b-instruct-v0.2.Q4_K_M.gguf,4294.84,2.42767,0.0,0.0
1780413242.7331982,mistral-7b-instruct-v0.2.Q4_K_M.gguf,4294.84,2.73694,0.0,0.0
1780413243.240293,mistral-7b-instruct-v0.2.Q4_K_M.gguf,4294.84,3.06588,0.0,0.0
1780413243.746782,mistral-7b-instruct-v0.2.Q4_K_M.gguf,4294.84,3.34669,0.0,0.0
1780413244.253576,mistral-7b-instruct-v0.2.Q4_K_M.gguf,4294.8,3.008,0.0,0.0
1780413244.7605839,mistral-7b-instruct-v0.2.Q4_K_M.gguf,4294.8,3.07443,0.0,0.0
1780413245.267458,mistral-7b-instruct-v0.2.Q4_K_M.gguf,4294.8,3.04112,0.0,0.0
1780413245.7742982,mistral-7b-instruct-v0.2.Q4_K_M.gguf,4294.8,2.9571799999999997,0.0,0.0
1780413246.280614,mistral-7b-instruct-v0.2.Q4_K_M.gguf,4294.8,2.84366,0.0,0.0
1780413246.787733,mistral-7b-instruct-v0.2.Q4_K_M.gguf,4294.8,2.90127,0.0,0.0
1780413247.29475,mistral-7b-instruct-v0.2.Q4_K_M.gguf,4294.8,2.9991,0.0,0.0
1780413247.8014998,mistral-7b-instruct-v0.2.Q4_K_M.gguf,4294.8,2.83275,0.0,0.0
1780413248.308255,mistral-7b-instruct-v0.2.Q4_K_M.gguf,4294.8,2.93308,0.0,0.0
1780413248.81488,mistral-7b-instruct-v0.2.Q4_K_M.gguf,4294.8,2.88505,0.0,0.0
1780413249.3216,mistral-7b-instruct-v0.2.Q4_K_M.gguf,4294.8,2.9083200000000002,0.0,0.0
1780413249.828395,mistral-7b-instruct-v0.2.Q4_K_M.gguf,4294.8,3.0018000000000002,0.0,0.0
1780413250.3353589,mistral-7b-instruct-v0.2.Q4_K_M.gguf,4294.8,3.00412,0.0,0.0
1780413250.842485,mistral-7b-instruct-v0.2.Q4_K_M.gguf,4294.8,3.15502,0.0,0.0
1780413251.349014,mistral-7b-instruct-v0.2.Q4_K_M.gguf,4294.83,2.6986999999999997,0.0,0.0
1780413251.8557491,mistral-7b-instruct-v0.2.Q4_K_M.gguf,4294.83,2.7352800000000004,0.0,0.0
1780413252.362562,mistral-7b-instruct-v0.2.Q4_K_M.gguf,4294.83,3.05572,0.0,0.0
1780413252.8689861,mistral-7b-instruct-v0.2.Q4_K_M.gguf,4294.83,2.90075,0.0,0.0
1780413253.375686,mistral-7b-instruct-v0.2.Q4_K_M.gguf,4294.83,3.1391799999999996,0.0,0.0
1780413253.8827698,mistral-7b-instruct-v0.2.Q4_K_M.gguf,4294.83,2.89899,0.0,0.0
1780413254.3892758,mistral-7b-instruct-v0.2.Q4_K_M.gguf,4294.83,2.9778200000000004,0.0,0.0
1780413254.896329,mistral-7b-instruct-v0.2.Q4_K_M.gguf,4294.83,2.94776,0.0,0.0
1780413257.1857731,mistral-7b-instruct-v0.2.Q4_K_M.gguf,4286.52,2.12598,0.0,0.0
1780413257.692102,mistral-7b-instruct-v0.2.Q4_K_M.gguf,4286.55,2.15198,0.0,0.0
1780413258.198884,mistral-7b-instruct-v0.2.Q4_K_M.gguf,4286.58,2.6898,0.0,0.0
1780413258.7062268,mistral-7b-instruct-v0.2.Q4_K_M.gguf,4286.61,2.98996,0.0,0.0
1780413259.2130072,mistral-7b-instruct-v0.2.Q4_K_M.gguf,4286.61,3.23271,0.0,0.0
1780413259.7205179,mistral-7b-instruct-v0.2.Q4_K_M.gguf,4286.64,2.92541,0.0,0.0
1780413260.2269251,mistral-7b-instruct-v0.2.Q4_K_M.gguf,4286.64,3.21353,0.0,0.0
1780413260.734269,mistral-7b-instruct-v0.2.Q4_K_M.gguf,4286.59,2.99004,0.0,0.0
1780413261.2409248,mistral-7b-instruct-v0.2.Q4_K_M.gguf,4286.59,2.99422,0.0,0.0
1780413261.7479959,mistral-7b-instruct-v0.2.Q4_K_M.gguf,4286.59,4.1849,0.0,0.0
1780413262.2546291,mistral-7b-instruct-v0.2.Q4_K_M.gguf,4286.59,3.1143899999999998,0.0,0.0
1780413262.760938,mistral-7b-instruct-v0.2.Q4_K_M.gguf,4286.59,2.4390500000000004,0.0,0.0
1780413263.267332,mistral-7b-instruct-v0.2.Q4_K_M.gguf,4286.59,2.5775900000000003,0.0,0.0
1780413263.774304,mistral-7b-instruct-v0.2.Q4_K_M.gguf,4286.59,3.23127,0.0,0.0
1780413264.280694,mistral-7b-instruct-v0.2.Q4_K_M.gguf,4286.59,2.8105700000000002,0.0,0.0
1780413264.787533,mistral-7b-instruct-v0.2.Q4_K_M.gguf,4286.59,2.3413000000000004,0.0,0.0
1780413265.294442,mistral-7b-instruct-v0.2.Q4_K_M.gguf,4286.64,2.66732,0.0,0.0
1780413265.801358,mistral-7b-instruct-v0.2.Q4_K_M.gguf,4286.64,3.33305,0.0,0.0
1780413266.307874,mistral-7b-instruct-v0.2.Q4_K_M.gguf,4286.66,3.38875,0.0,0.0
1780413266.815242,mistral-7b-instruct-v0.2.Q4_K_M.gguf,4286.66,3.10147,0.0,0.0
1780413267.321873,mistral-7b-instruct-v0.2.Q4_K_M.gguf,4286.66,2.97207,0.0,0.0
1780413267.828437,mistral-7b-instruct-v0.2.Q4_K_M.gguf,4286.66,2.60934,0.0,0.0
1780413268.334829,mistral-7b-instruct-v0.2.Q4_K_M.gguf,4286.66,2.8710999999999998,0.0,0.0
1780413268.841454,mistral-7b-instruct-v0.2.Q4_K_M.gguf,4286.66,3.0295300000000003,0.0,0.0
1780413269.348193,mistral-7b-instruct-v0.2.Q4_K_M.gguf,4286.66,2.73441,0.0,0.0
1780413269.855555,mistral-7b-instruct-v0.2.Q4_K_M.gguf,4286.66,2.70737,0.0,0.0
1780413270.362009,mistral-7b-instruct-v0.2.Q4_K_M.gguf,4286.66,2.55838,0.0,0.0
1780413270.868972,mistral-7b-instruct-v0.2.Q4_K_M.gguf,4286.66,2.74652,0.0,0.0
1780413271.375617,mistral-7b-instruct-v0.2.Q4_K_M.gguf,4286.66,2.85024,0.0,0.0
1780413271.8825111,mistral-7b-instruct-v0.2.Q4_K_M.gguf,4286.66,3.04786,0.0,0.0
1780413274.013419,mistral-7b-instruct-v0.2.Q4_K_M.gguf,4286.83,2.48321,0.0,0.0
1780413274.5199559,mistral-7b-instruct-v0.2.Q4_K_M.gguf,4286.91,2.27656,0.0,0.0
1780413275.026192,mistral-7b-instruct-v0.2.Q4_K_M.gguf,4286.94,2.27539,0.0,0.0
1780413275.532942,mistral-7b-instruct-v0.2.Q4_K_M.gguf,4286.94,2.7117,0.0,0.0
1780413276.0397818,mistral-7b-instruct-v0.2.Q4_K_M.gguf,4286.95,2.81575,0.0,0.0
1780413276.546314,mistral-7b-instruct-v0.2.Q4_K_M.gguf,4286.95,3.07699,0.0,0.0
1780413277.052932,mistral-7b-instruct-v0.2.Q4_K_M.gguf,4286.95,2.9812,0.0,0.0
1780413277.5595431,mistral-7b-instruct-v0.2.Q4_K_M.gguf,4286.94,3.50943,0.0,0.0
1780413278.066269,mistral-7b-instruct-v0.2.Q4_K_M.gguf,4286.94,3.09892,0.0,0.0
1780413278.5730119,mistral-7b-instruct-v0.2.Q4_K_M.gguf,4286.94,2.78913,0.0,0.0
1780413279.079337,mistral-7b-instruct-v0.2.Q4_K_M.gguf,4286.94,2.85603,0.0,0.0
1780413279.5861619,mistral-7b-instruct-v0.2.Q4_K_M.gguf,4286.94,2.88469,0.0,0.0
1780413280.09281,mistral-7b-instruct-v0.2.Q4_K_M.gguf,4286.94,2.79819,0.0,0.0
1780413280.599411,mistral-7b-instruct-v0.2.Q4_K_M.gguf,4286.94,2.74254,0.0,0.0
1780413281.106148,mistral-7b-instruct-v0.2.Q4_K_M.gguf,4286.94,2.75737,0.0,0.0
1780413281.612632,mistral-7b-instruct-v0.2.Q4_K_M.gguf,4286.94,2.87865,0.0,0.0
1780413282.119095,mistral-7b-instruct-v0.2.Q4_K_M.gguf,4286.94,2.76234,0.0,0.0
1780413282.625797,mistral-7b-instruct-v0.2.Q4_K_M.gguf,4286.94,3.05647,0.0,0.0
1780413283.132352,mistral-7b-instruct-v0.2.Q4_K_M.gguf,4286.94,2.67136,0.0,0.0
1780413283.639062,mistral-7b-instruct-v0.2.Q4_K_M.gguf,4286.94,3.0100100000000003,0.0,0.0
1780413284.145509,mistral-7b-instruct-v0.2.Q4_K_M.gguf,4286.94,3.00301,0.0,0.0
1780413284.652506,mistral-7b-instruct-v0.2.Q4_K_M.gguf,4286.94,2.84718,0.0,0.0
1780413285.159766,mistral-7b-instruct-v0.2.Q4_K_M.gguf,4286.94,2.80579,0.0,0.0
1780413285.666292,mistral-7b-instruct-v0.2.Q4_K_M.gguf,4286.95,2.64832,0.0,0.0
1780413286.1730392,mistral-7b-instruct-v0.2.Q4_K_M.gguf,4286.95,2.61264,0.0,0.0
1780413286.679528,mistral-7b-instruct-v0.2.Q4_K_M.gguf,4286.95,3.34891,0.0,0.0
1780413287.1861298,mistral-7b-instruct-v0.2.Q4_K_M.gguf,4286.95,3.27133,0.0,0.0
1780413287.692579,mistral-7b-instruct-v0.2.Q4_K_M.gguf,4286.95,2.95424,0.0,0.0
1780413288.198962,mistral-7b-instruct-v0.2.Q4_K_M.gguf,4286.95,2.92821,0.0,0.0
1780413288.716337,mistral-7b-instruct-v0.2.Q4_K_M.gguf,56.62,2.9122,0.0,0.0
1780413290.904622,mistral-7b-instruct-v0.2.Q4_K_M.gguf,4295.16,3.31178,0.0,0.0
1780413291.411517,mistral-7b-instruct-v0.2.Q4_K_M.gguf,4295.17,2.4631999999999996,0.0,0.0
1780413291.9185548,mistral-7b-instruct-v0.2.Q4_K_M.gguf,4295.19,3.67659,0.0,0.0
1780413292.425815,mistral-7b-instruct-v0.2.Q4_K_M.gguf,4295.2,3.8905,0.0,0.0
1780413292.932992,mistral-7b-instruct-v0.2.Q4_K_M.gguf,4295.23,3.84019,0.0,0.0
1780413293.439913,mistral-7b-instruct-v0.2.Q4_K_M.gguf,4295.23,3.72287,0.0,0.0
1780413293.947299,mistral-7b-instruct-v0.2.Q4_K_M.gguf,4295.23,3.63184,0.0,0.0
1780413294.4544032,mistral-7b-instruct-v0.2.Q4_K_M.gguf,4295.19,3.78742,0.0,0.0
1780413294.961528,mistral-7b-instruct-v0.2.Q4_K_M.gguf,4295.19,3.84545,0.0,0.0
1780413295.468868,mistral-7b-instruct-v0.2.Q4_K_M.gguf,4295.19,3.9206399999999997,0.0,0.0
1780413295.975873,mistral-7b-instruct-v0.2.Q4_K_M.gguf,4295.19,3.35324,0.0,0.0
1780413296.482147,mistral-7b-instruct-v0.2.Q4_K_M.gguf,4295.19,2.36836,0.0,0.0
1780413296.989759,mistral-7b-instruct-v0.2.Q4_K_M.gguf,4295.19,2.92149,0.0,0.0
1780413297.4965959,mistral-7b-instruct-v0.2.Q4_K_M.gguf,4295.19,3.2820300000000002,0.0,0.0
1780413298.003777,mistral-7b-instruct-v0.2.Q4_K_M.gguf,4295.19,2.9113200000000004,0.0,0.0
1780413298.5123022,mistral-7b-instruct-v0.2.Q4_K_M.gguf,4295.19,2.90949,0.0,0.0
1780413299.0188181,mistral-7b-instruct-v0.2.Q4_K_M.gguf,4295.19,3.5017199999999997,0.0,0.0
1780413299.526043,mistral-7b-instruct-v0.2.Q4_K_M.gguf,4295.19,3.3260300000000003,0.0,0.0
1780413300.034276,mistral-7b-instruct-v0.2.Q4_K_M.gguf,4295.19,3.06297,0.0,0.0
1780413300.542111,mistral-7b-instruct-v0.2.Q4_K_M.gguf,4295.19,2.91446,0.0,0.0
1780413301.049288,mistral-7b-instruct-v0.2.Q4_K_M.gguf,4295.19,3.67473,0.0,0.0
1780413301.5566442,mistral-7b-instruct-v0.2.Q4_K_M.gguf,4295.19,3.1003499999999997,0.0,0.0
1780413302.0635571,mistral-7b-instruct-v0.2.Q4_K_M.gguf,4295.19,4.01689,0.0,0.0
1780413302.570841,mistral-7b-instruct-v0.2.Q4_K_M.gguf,4295.19,2.993,0.0,0.0
1780413303.077666,mistral-7b-instruct-v0.2.Q4_K_M.gguf,4295.19,2.6218000000000004,0.0,0.0
1780413303.5844228,mistral-7b-instruct-v0.2.Q4_K_M.gguf,4295.19,2.62365,0.0,0.0
1780413304.09142,mistral-7b-instruct-v0.2.Q4_K_M.gguf,4295.19,3.26502,0.0,0.0
1780413304.598222,mistral-7b-instruct-v0.2.Q4_K_M.gguf,4295.19,3.1398,0.0,0.0
1780413305.10495,mistral-7b-instruct-v0.2.Q4_K_M.gguf,4295.19,2.83023,0.0,0.0
1780413305.6118221,mistral-7b-instruct-v0.2.Q4_K_M.gguf,4295.19,3.04063,0.0,0.0
1780413306.11847,mistral-7b-instruct-v0.2.Q4_K_M.gguf,4295.19,3.04353,0.0,0.0
1780413306.624932,mistral-7b-instruct-v0.2.Q4_K_M.gguf,4295.19,2.98225,0.0,0.0
1780413307.131434,mistral-7b-instruct-v0.2.Q4_K_M.gguf,4295.19,2.8441799999999997,0.0,0.0
1780413309.380778,mistral-7b-instruct-v0.2.Q4_K_M.gguf,4288.31,2.90774,0.0,0.0
1780413309.8872142,mistral-7b-instruct-v0.2.Q4_K_M.gguf,4288.31,2.1998699999999998,0.0,0.0
1780413310.3938088,mistral-7b-instruct-v0.2.Q4_K_M.gguf,4288.33,2.3699,0.0,0.0
1780413310.900946,mistral-7b-instruct-v0.2.Q4_K_M.gguf,4288.34,2.72927,0.0,0.0
1780413311.407531,mistral-7b-instruct-v0.2.Q4_K_M.gguf,4288.36,2.74298,0.0,0.0
1780413311.9143791,mistral-7b-instruct-v0.2.Q4_K_M.gguf,4288.36,2.86051,0.0,0.0
1780413312.4217641,mistral-7b-instruct-v0.2.Q4_K_M.gguf,4288.36,2.84287,0.0,0.0
1780413312.927683,mistral-7b-instruct-v0.2.Q4_K_M.gguf,4288.34,2.94956,0.0,0.0
1780413313.434848,mistral-7b-instruct-v0.2.Q4_K_M.gguf,4288.34,3.18561,0.0,0.0
1780413313.942212,mistral-7b-instruct-v0.2.Q4_K_M.gguf,4288.36,3.01859,0.0,0.0
1780413314.4489322,mistral-7b-instruct-v0.2.Q4_K_M.gguf,4288.38,3.1261,0.0,0.0
1780413314.955991,mistral-7b-instruct-v0.2.Q4_K_M.gguf,4288.38,3.14353,0.0,0.0
1780413315.463372,mistral-7b-instruct-v0.2.Q4_K_M.gguf,4288.38,3.02551,0.0,0.0
1780413315.970588,mistral-7b-instruct-v0.2.Q4_K_M.gguf,4288.38,3.06945,0.0,0.0
1780413316.478059,mistral-7b-instruct-v0.2.Q4_K_M.gguf,4288.38,3.0184699999999998,0.0,0.0
1780413316.985562,mistral-7b-instruct-v0.2.Q4_K_M.gguf,4288.39,3.42772,0.0,0.0
1780413317.492339,mistral-7b-instruct-v0.2.Q4_K_M.gguf,4288.39,3.1924,0.0,0.0
1780413317.999105,mistral-7b-instruct-v0.2.Q4_K_M.gguf,4288.39,2.91392,0.0,0.0
1780413318.506037,mistral-7b-instruct-v0.2.Q4_K_M.gguf,4288.39,2.8316399999999997,0.0,0.0
1780413319.01265,mistral-7b-instruct-v0.2.Q4_K_M.gguf,4288.41,3.10947,0.0,0.0
1780413319.519702,mistral-7b-instruct-v0.2.Q4_K_M.gguf,4288.41,3.07408,0.0,0.0
1780413320.026456,mistral-7b-instruct-v0.2.Q4_K_M.gguf,4288.41,3.15724,0.0,0.0
1780413320.533718,mistral-7b-instruct-v0.2.Q4_K_M.gguf,4288.41,2.7653000000000003,0.0,0.0
1780413321.04032,mistral-7b-instruct-v0.2.Q4_K_M.gguf,4288.41,2.76654,0.0,0.0
1780413321.547161,mistral-7b-instruct-v0.2.Q4_K_M.gguf,4288.41,3.06695,0.0,0.0
1780413322.054136,mistral-7b-instruct-v0.2.Q4_K_M.gguf,4288.41,4.11628,0.0,0.0
1780413322.561651,mistral-7b-instruct-v0.2.Q4_K_M.gguf,4288.41,4.1123400000000006,0.0,0.0
1780413323.0689569,mistral-7b-instruct-v0.2.Q4_K_M.gguf,4288.41,2.8527,0.0,0.0
1780413323.5756469,mistral-7b-instruct-v0.2.Q4_K_M.gguf,4288.41,2.70131,0.0,0.0
1780413324.082475,mistral-7b-instruct-v0.2.Q4_K_M.gguf,4288.41,2.88219,0.0,0.0
1780413324.589004,mistral-7b-instruct-v0.2.Q4_K_M.gguf,4288.41,2.78972,0.0,0.0
1780413326.791113,mistral-7b-instruct-v0.2.Q4_K_M.gguf,4295.05,2.92535,0.0,0.0
1780413327.297193,mistral-7b-instruct-v0.2.Q4_K_M.gguf,4295.06,2.06899,0.0,0.0
1780413327.8042712,mistral-7b-instruct-v0.2.Q4_K_M.gguf,4295.06,2.18377,0.0,0.0
1780413328.3106098,mistral-7b-instruct-v0.2.Q4_K_M.gguf,4295.06,2.61244,0.0,0.0
1780413328.81695,mistral-7b-instruct-v0.2.Q4_K_M.gguf,4295.06,2.72933,0.0,0.0
1780413329.323498,mistral-7b-instruct-v0.2.Q4_K_M.gguf,4295.06,2.96927,0.0,0.0
1780413329.829928,mistral-7b-instruct-v0.2.Q4_K_M.gguf,4295.06,3.39488,0.0,0.0
1780413330.3362932,mistral-7b-instruct-v0.2.Q4_K_M.gguf,4295.02,3.13308,0.0,0.0
1780413330.843442,mistral-7b-instruct-v0.2.Q4_K_M.gguf,4295.02,2.86856,0.0,0.0
1780413331.3504598,mistral-7b-instruct-v0.2.Q4_K_M.gguf,4295.02,2.65234,0.0,0.0
1780413331.856729,mistral-7b-instruct-v0.2.Q4_K_M.gguf,4295.02,2.58144,0.0,0.0
1780413332.363553,mistral-7b-instruct-v0.2.Q4_K_M.gguf,4295.02,3.04281,0.0,0.0
1780413332.8704379,mistral-7b-instruct-v0.2.Q4_K_M.gguf,4295.02,2.8838600000000003,0.0,0.0
1780413333.377186,mistral-7b-instruct-v0.2.Q4_K_M.gguf,4295.02,3.19573,0.0,0.0
1780413333.884116,mistral-7b-instruct-v0.2.Q4_K_M.gguf,4295.02,2.75407,0.0,0.0
1780413334.3904462,mistral-7b-instruct-v0.2.Q4_K_M.gguf,4295.02,2.64796,0.0,0.0
1780413334.8967638,mistral-7b-instruct-v0.2.Q4_K_M.gguf,4295.02,2.7736199999999998,0.0,0.0
1780413335.404099,mistral-7b-instruct-v0.2.Q4_K_M.gguf,4295.02,2.9251,0.0,0.0
1780413335.911221,mistral-7b-instruct-v0.2.Q4_K_M.gguf,4295.02,2.8599,0.0,0.0
1780413336.419025,mistral-7b-instruct-v0.2.Q4_K_M.gguf,4295.02,2.67954,0.0,0.0
1780413336.925367,mistral-7b-instruct-v0.2.Q4_K_M.gguf,4295.02,2.8427399999999996,0.0,0.0
1780413337.432023,mistral-7b-instruct-v0.2.Q4_K_M.gguf,4295.02,3.0182399999999996,0.0,0.0
1780413337.938986,mistral-7b-instruct-v0.2.Q4_K_M.gguf,4295.02,3.2136799999999996,0.0,0.0
1780413338.44558,mistral-7b-instruct-v0.2.Q4_K_M.gguf,4295.02,2.9115,0.0,0.0
1780413338.951988,mistral-7b-instruct-v0.2.Q4_K_M.gguf,4295.02,2.9745500000000002,0.0,0.0
1780413339.4592042,mistral-7b-instruct-v0.2.Q4_K_M.gguf,4295.03,3.0934,0.0,0.0
1780413339.9660008,mistral-7b-instruct-v0.2.Q4_K_M.gguf,4295.03,2.7321999999999997,0.0,0.0
1780413340.4729228,mistral-7b-instruct-v0.2.Q4_K_M.gguf,4295.03,2.6387199999999997,0.0,0.0
1780413340.97956,mistral-7b-instruct-v0.2.Q4_K_M.gguf,4295.03,2.72716,0.0,0.0
1780413341.501226,mistral-7b-instruct-v0.2.Q4_K_M.gguf,64.7,2.647,0.0,0.0
1780413343.7021499,mistral-7b-instruct-v0.2.Q4_K_M.gguf,4296.11,3.46312,0.0,0.0
1780413344.207907,mistral-7b-instruct-v0.2.Q4_K_M.gguf,4296.11,2.46146,0.0,0.0
1780413344.7144141,mistral-7b-instruct-v0.2.Q4_K_M.gguf,4296.11,2.37488,0.0,0.0
1780413345.22144,mistral-7b-instruct-v0.2.Q4_K_M.gguf,4296.11,2.5005,0.0,0.0
1780413345.728663,mistral-7b-instruct-v0.2.Q4_K_M.gguf,4296.11,2.5997199999999996,0.0,0.0
1780413346.235287,mistral-7b-instruct-v0.2.Q4_K_M.gguf,4296.11,2.98825,0.0,0.0
1780413346.742223,mistral-7b-instruct-v0.2.Q4_K_M.gguf,4296.11,3.25509,0.0,0.0
1780413347.247853,mistral-7b-instruct-v0.2.Q4_K_M.gguf,4296.09,3.1144499999999997,0.0,0.0
1780413347.7541912,mistral-7b-instruct-v0.2.Q4_K_M.gguf,4296.09,3.08893,0.0,0.0
1780413348.260158,mistral-7b-instruct-v0.2.Q4_K_M.gguf,4296.09,3.5244400000000002,0.0,0.0
1780413348.766238,mistral-7b-instruct-v0.2.Q4_K_M.gguf,4296.09,3.07456,0.0,0.0
1780413349.272492,mistral-7b-instruct-v0.2.Q4_K_M.gguf,4296.09,3.00505,0.0,0.0
1780413349.778563,mistral-7b-instruct-v0.2.Q4_K_M.gguf,4296.11,2.57081,0.0,0.0
1780413350.284478,mistral-7b-instruct-v0.2.Q4_K_M.gguf,4296.11,2.66108,0.0,0.0
1780413350.790373,mistral-7b-instruct-v0.2.Q4_K_M.gguf,4296.11,2.70819,0.0,0.0
1780413351.296004,mistral-7b-instruct-v0.2.Q4_K_M.gguf,4296.11,2.7712,0.0,0.0
1780413351.801929,mistral-7b-instruct-v0.2.Q4_K_M.gguf,4296.11,3.1079299999999996,0.0,0.0
1780413352.308182,mistral-7b-instruct-v0.2.Q4_K_M.gguf,4296.11,2.93267,0.0,0.0
1780413352.814462,mistral-7b-instruct-v0.2.Q4_K_M.gguf,4296.11,2.8272199999999996,0.0,0.0
1780413353.320378,mistral-7b-instruct-v0.2.Q4_K_M.gguf,4296.11,2.95274,0.0,0.0
1780413353.826951,mistral-7b-instruct-v0.2.Q4_K_M.gguf,4296.11,2.71473,0.0,0.0
1780413354.333097,mistral-7b-instruct-v0.2.Q4_K_M.gguf,4296.11,2.79215,0.0,0.0
1780413354.838943,mistral-7b-instruct-v0.2.Q4_K_M.gguf,4296.11,2.68046,0.0,0.0
1780413355.345196,mistral-7b-instruct-v0.2.Q4_K_M.gguf,4296.11,2.86169,0.0,0.0
1780413355.851826,mistral-7b-instruct-v0.2.Q4_K_M.gguf,4296.11,2.8841900000000003,0.0,0.0
1780413356.357955,mistral-7b-instruct-v0.2.Q4_K_M.gguf,4296.11,2.78524,0.0,0.0
1780413356.864236,mistral-7b-instruct-v0.2.Q4_K_M.gguf,4296.11,2.86627,0.0,0.0
1780413357.370336,mistral-7b-instruct-v0.2.Q4_K_M.gguf,4296.11,2.84973,0.0,0.0
1780413357.876321,mistral-7b-instruct-v0.2.Q4_K_M.gguf,4296.12,2.8575399999999997,0.0,0.0
1780413360.1265228,mistral-7b-instruct-v0.2.Q4_K_M.gguf,4288.55,2.80902,0.0,0.0
1780413360.632464,mistral-7b-instruct-v0.2.Q4_K_M.gguf,4288.55,2.3034499999999998,0.0,0.0
1780413361.1385548,mistral-7b-instruct-v0.2.Q4_K_M.gguf,4288.55,2.30282,0.0,0.0
1780413361.644947,mistral-7b-instruct-v0.2.Q4_K_M.gguf,4288.55,2.84777,0.0,0.0
1780413362.151078,mistral-7b-instruct-v0.2.Q4_K_M.gguf,4288.55,2.95742,0.0,0.0
1780413362.657517,mistral-7b-instruct-v0.2.Q4_K_M.gguf,4288.55,2.9036,0.0,0.0
1780413363.163628,mistral-7b-instruct-v0.2.Q4_K_M.gguf,4288.55,2.81509,0.0,0.0
1780413363.6697412,mistral-7b-instruct-v0.2.Q4_K_M.gguf,4288.53,2.84798,0.0,0.0
1780413364.176192,mistral-7b-instruct-v0.2.Q4_K_M.gguf,4288.53,3.01922,0.0,0.0
1780413364.682901,mistral-7b-instruct-v0.2.Q4_K_M.gguf,4288.53,2.79831,0.0,0.0
1780413365.189464,mistral-7b-instruct-v0.2.Q4_K_M.gguf,4288.53,2.59105,0.0,0.0
1780413365.6956851,mistral-7b-instruct-v0.2.Q4_K_M.gguf,4288.53,2.7061599999999997,0.0,0.0
1780413366.2024739,mistral-7b-instruct-v0.2.Q4_K_M.gguf,4288.53,2.8623600000000002,0.0,0.0
1780413366.709158,mistral-7b-instruct-v0.2.Q4_K_M.gguf,4288.53,2.95753,0.0,0.0
1780413367.2168021,mistral-7b-instruct-v0.2.Q4_K_M.gguf,4288.53,2.87671,0.0,0.0
1780413367.72173,mistral-7b-instruct-v0.2.Q4_K_M.gguf,4288.53,2.8956500000000003,0.0,0.0
1780413368.22802,mistral-7b-instruct-v0.2.Q4_K_M.gguf,4288.53,3.0284899999999997,0.0,0.0
1780413368.734925,mistral-7b-instruct-v0.2.Q4_K_M.gguf,4288.55,2.7840700000000003,0.0,0.0
1780413369.241368,mistral-7b-instruct-v0.2.Q4_K_M.gguf,4288.55,2.69063,0.0,0.0
1780413369.747828,mistral-7b-instruct-v0.2.Q4_K_M.gguf,4288.55,2.70844,0.0,0.0
1780413370.25424,mistral-7b-instruct-v0.2.Q4_K_M.gguf,4288.55,2.78885,0.0,0.0
1780413370.760761,mistral-7b-instruct-v0.2.Q4_K_M.gguf,4288.55,3.06312,0.0,0.0
1780413371.266828,mistral-7b-instruct-v0.2.Q4_K_M.gguf,4288.55,2.89577,0.0,0.0
1780413371.773553,mistral-7b-instruct-v0.2.Q4_K_M.gguf,4288.55,2.86192,0.0,0.0
1780413372.27985,mistral-7b-instruct-v0.2.Q4_K_M.gguf,4288.55,2.89494,0.0,0.0
1780413372.786125,mistral-7b-instruct-v0.2.Q4_K_M.gguf,4288.55,2.81425,0.0,0.0
1780413373.2927492,mistral-7b-instruct-v0.2.Q4_K_M.gguf,4288.55,2.8571,0.0,0.0
1780413373.799517,mistral-7b-instruct-v0.2.Q4_K_M.gguf,4288.55,2.59388,0.0,0.0
1780413374.3053818,mistral-7b-instruct-v0.2.Q4_K_M.gguf,4288.55,3.00739,0.0,0.0
1780413376.550467,mistral-7b-instruct-v0.2.Q4_K_M.gguf,4287.92,2.28709,0.0,0.0
1780413377.057312,mistral-7b-instruct-v0.2.Q4_K_M.gguf,4287.98,2.2145300000000003,0.0,0.0
1780413377.5640829,mistral-7b-instruct-v0.2.Q4_K_M.gguf,4288.0,2.36062,0.0,0.0
1780413378.070912,mistral-7b-instruct-v0.2.Q4_K_M.gguf,4288.02,2.62738,0.0,0.0
1780413378.577467,mistral-7b-instruct-v0.2.Q4_K_M.gguf,4288.02,3.3071599999999997,0.0,0.0
1780413379.084598,mistral-7b-instruct-v0.2.Q4_K_M.gguf,4288.02,2.75461,0.0,0.0
1780413379.5908532,mistral-7b-instruct-v0.2.Q4_K_M.gguf,4288.02,3.02742,0.0,0.0
1780413380.097735,mistral-7b-instruct-v0.2.Q4_K_M.gguf,4288.0,3.203,0.0,0.0
1780413380.604116,mistral-7b-instruct-v0.2.Q4_K_M.gguf,4288.0,2.95548,0.0,0.0
1780413381.11092,mistral-7b-instruct-v0.2.Q4_K_M.gguf,4288.0,3.01272,0.0,0.0
1780413381.6174889,mistral-7b-instruct-v0.2.Q4_K_M.gguf,4288.0,3.0233600000000003,0.0,0.0
1780413382.1241732,mistral-7b-instruct-v0.2.Q4_K_M.gguf,4288.0,2.6521,0.0,0.0
1780413382.6316512,mistral-7b-instruct-v0.2.Q4_K_M.gguf,4288.0,2.87536,0.0,0.0
1780413383.1387148,mistral-7b-instruct-v0.2.Q4_K_M.gguf,4288.0,3.05924,0.0,0.0
1780413383.645819,mistral-7b-instruct-v0.2.Q4_K_M.gguf,4288.0,2.55212,0.0,0.0
1780413384.152131,mistral-7b-instruct-v0.2.Q4_K_M.gguf,4288.0,2.99981,0.0,0.0
1780413384.658766,mistral-7b-instruct-v0.2.Q4_K_M.gguf,4288.0,3.07123,0.0,0.0
1780413385.166674,mistral-7b-instruct-v0.2.Q4_K_M.gguf,4288.0,2.79873,0.0,0.0
1780413385.67327,mistral-7b-instruct-v0.2.Q4_K_M.gguf,4288.0,2.82214,0.0,0.0
1780413386.17949,mistral-7b-instruct-v0.2.Q4_K_M.gguf,4288.0,3.03883,0.0,0.0
1780413386.6867552,mistral-7b-instruct-v0.2.Q4_K_M.gguf,4288.0,3.21312,0.0,0.0
1780413387.1931388,mistral-7b-instruct-v0.2.Q4_K_M.gguf,4288.0,2.9773,0.0,0.0
1780413387.699679,mistral-7b-instruct-v0.2.Q4_K_M.gguf,4288.0,2.69376,0.0,0.0
1780413388.2065668,mistral-7b-instruct-v0.2.Q4_K_M.gguf,4288.0,2.70765,0.0,0.0
1780413388.712712,mistral-7b-instruct-v0.2.Q4_K_M.gguf,4288.0,2.56012,0.0,0.0
1780413389.219142,mistral-7b-instruct-v0.2.Q4_K_M.gguf,4288.0,2.66617,0.0,0.0
1780413389.725504,mistral-7b-instruct-v0.2.Q4_K_M.gguf,4288.0,3.2110100000000004,0.0,0.0
1780413390.2324622,mistral-7b-instruct-v0.2.Q4_K_M.gguf,4288.0,3.12714,0.0,0.0
1780413390.7388108,mistral-7b-instruct-v0.2.Q4_K_M.gguf,4288.0,2.89503,0.0,0.0
1780413391.245455,mistral-7b-instruct-v0.2.Q4_K_M.gguf,4288.0,2.77728,0.0,0.0
1780413469.532663,mistral-7b-instruct-v0.2.Q4_K_M.gguf,4480.08,5.95558,0.0,0.0
1780413470.039124,mistral-7b-instruct-v0.2.Q4_K_M.gguf,4480.08,3.43161,0.0,0.0
1780413470.546512,mistral-7b-instruct-v0.2.Q4_K_M.gguf,4480.11,2.56372,0.0,0.0
1780413471.0526662,mistral-7b-instruct-v0.2.Q4_K_M.gguf,4480.12,2.23028,0.0,0.0
1780413471.559024,mistral-7b-instruct-v0.2.Q4_K_M.gguf,4480.12,2.63882,0.0,0.0
1780413472.066171,mistral-7b-instruct-v0.2.Q4_K_M.gguf,4480.12,2.8619899999999996,0.0,0.0
1780413472.572486,mistral-7b-instruct-v0.2.Q4_K_M.gguf,4480.12,3.07419,0.0,0.0
1780413473.078889,mistral-7b-instruct-v0.2.Q4_K_M.gguf,4480.08,2.975,0.0,0.0
1780413473.585421,mistral-7b-instruct-v0.2.Q4_K_M.gguf,4480.08,3.19498,0.0,0.0
1780413474.0918689,mistral-7b-instruct-v0.2.Q4_K_M.gguf,4480.08,3.07395,0.0,0.0
1780413474.5984771,mistral-7b-instruct-v0.2.Q4_K_M.gguf,4480.08,2.9851199999999998,0.0,0.0
1780413475.1049259,mistral-7b-instruct-v0.2.Q4_K_M.gguf,4480.08,2.9184099999999997,0.0,0.0
1780413475.611213,mistral-7b-instruct-v0.2.Q4_K_M.gguf,4480.08,2.91166,0.0,0.0
1780413476.118508,mistral-7b-instruct-v0.2.Q4_K_M.gguf,4480.08,3.1098600000000003,0.0,0.0
1780413476.62515,mistral-7b-instruct-v0.2.Q4_K_M.gguf,4480.08,3.05528,0.0,0.0
1780413477.1316621,mistral-7b-instruct-v0.2.Q4_K_M.gguf,4480.08,2.9369899999999998,0.0,0.0
1780413477.638376,mistral-7b-instruct-v0.2.Q4_K_M.gguf,4480.08,3.02742,0.0,0.0
1780413478.144829,mistral-7b-instruct-v0.2.Q4_K_M.gguf,4480.08,2.90529,0.0,0.0
1780413478.651676,mistral-7b-instruct-v0.2.Q4_K_M.gguf,4480.08,2.97214,0.0,0.0
1780413479.1585238,mistral-7b-instruct-v0.2.Q4_K_M.gguf,4480.09,2.92239,0.0,0.0
1780413479.665202,mistral-7b-instruct-v0.2.Q4_K_M.gguf,4480.09,2.7188600000000003,0.0,0.0
1780413480.171844,mistral-7b-instruct-v0.2.Q4_K_M.gguf,4480.09,3.06031,0.0,0.0
1780413480.678859,mistral-7b-instruct-v0.2.Q4_K_M.gguf,4480.09,3.11648,0.0,0.0
1780413481.185686,mistral-7b-instruct-v0.2.Q4_K_M.gguf,4480.09,2.87975,0.0,0.0
1780413481.692168,mistral-7b-instruct-v0.2.Q4_K_M.gguf,4480.09,2.9474699999999996,0.0,0.0
1780413482.199615,mistral-7b-instruct-v0.2.Q4_K_M.gguf,57.77,3.25956,0.0,0.0
1780413484.442865,mistral-7b-instruct-v0.2.Q4_K_M.gguf,4480.38,3.7604,0.0,0.0
1780413484.949076,mistral-7b-instruct-v0.2.Q4_K_M.gguf,4480.38,2.76618,0.0,0.0
1780413485.455761,mistral-7b-instruct-v0.2.Q4_K_M.gguf,4480.38,2.58256,0.0,0.0
1780413485.96227,mistral-7b-instruct-v0.2.Q4_K_M.gguf,4480.38,2.3919699999999997,0.0,0.0
1780413486.468784,mistral-7b-instruct-v0.2.Q4_K_M.gguf,4480.38,2.9806500000000002,0.0,0.0
1780413486.975931,mistral-7b-instruct-v0.2.Q4_K_M.gguf,4480.38,2.9434299999999998,0.0,0.0
1780413487.4826949,mistral-7b-instruct-v0.2.Q4_K_M.gguf,4480.39,2.73745,0.0,0.0
1780413487.988918,mistral-7b-instruct-v0.2.Q4_K_M.gguf,4480.38,2.9925300000000004,0.0,0.0
1780413488.495287,mistral-7b-instruct-v0.2.Q4_K_M.gguf,4480.38,3.29352,0.0,0.0
1780413489.001919,mistral-7b-instruct-v0.2.Q4_K_M.gguf,4480.38,3.2521,0.0,0.0
1780413489.50862,mistral-7b-instruct-v0.2.Q4_K_M.gguf,4480.38,3.10259,0.0,0.0
1780413490.014977,mistral-7b-instruct-v0.2.Q4_K_M.gguf,4480.38,2.7596999999999996,0.0,0.0
1780413490.521512,mistral-7b-instruct-v0.2.Q4_K_M.gguf,4480.38,2.72797,0.0,0.0
1780413491.028107,mistral-7b-instruct-v0.2.Q4_K_M.gguf,4480.38,3.00685,0.0,0.0
1780413491.53502,mistral-7b-instruct-v0.2.Q4_K_M.gguf,4480.38,3.2277199999999997,0.0,0.0
1780413492.042259,mistral-7b-instruct-v0.2.Q4_K_M.gguf,4480.38,2.91181,0.0,0.0
1780413492.548139,mistral-7b-instruct-v0.2.Q4_K_M.gguf,4480.39,2.89002,0.0,0.0
1780413493.054653,mistral-7b-instruct-v0.2.Q4_K_M.gguf,4480.39,2.9766399999999997,0.0,0.0
1780413493.561501,mistral-7b-instruct-v0.2.Q4_K_M.gguf,4480.39,3.01634,0.0,0.0
1780413494.0682602,mistral-7b-instruct-v0.2.Q4_K_M.gguf,4480.39,2.81527,0.0,0.0
1780413494.5746508,mistral-7b-instruct-v0.2.Q4_K_M.gguf,4480.39,2.92909,0.0,0.0
1780413495.081275,mistral-7b-instruct-v0.2.Q4_K_M.gguf,4480.39,2.88469,0.0,0.0
1780413495.587719,mistral-7b-instruct-v0.2.Q4_K_M.gguf,4480.39,2.9892800000000004,0.0,0.0
1780413496.094688,mistral-7b-instruct-v0.2.Q4_K_M.gguf,4480.39,2.90563,0.0,0.0
1780413496.601562,mistral-7b-instruct-v0.2.Q4_K_M.gguf,4480.39,2.72884,0.0,0.0
1780413497.112061,mistral-7b-instruct-v0.2.Q4_K_M.gguf,4480.39,3.06686,0.0,0.0
1780413497.617841,mistral-7b-instruct-v0.2.Q4_K_M.gguf,4480.39,3.33024,0.0,0.0
1780413498.125254,mistral-7b-instruct-v0.2.Q4_K_M.gguf,4480.41,2.84037,0.0,0.0
1780413500.532925,mistral-7b-instruct-v0.2.Q4_K_M.gguf,4479.23,3.33093,0.0,0.0
1780413501.0391948,mistral-7b-instruct-v0.2.Q4_K_M.gguf,4479.25,2.61287,0.0,0.0
1780413501.5456982,mistral-7b-instruct-v0.2.Q4_K_M.gguf,4479.27,2.75956,0.0,0.0
1780413502.052723,mistral-7b-instruct-v0.2.Q4_K_M.gguf,4479.27,2.8558600000000003,0.0,0.0
1780413502.5592399,mistral-7b-instruct-v0.2.Q4_K_M.gguf,4479.28,2.8635,0.0,0.0
1780413503.065727,mistral-7b-instruct-v0.2.Q4_K_M.gguf,4479.28,2.87112,0.0,0.0
1780413503.572248,mistral-7b-instruct-v0.2.Q4_K_M.gguf,4479.28,3.02582,0.0,0.0
1780413504.078913,mistral-7b-instruct-v0.2.Q4_K_M.gguf,4479.27,2.88368,0.0,0.0
1780413504.5858,mistral-7b-instruct-v0.2.Q4_K_M.gguf,4479.27,2.99619,0.0,0.0
1780413505.0921652,mistral-7b-instruct-v0.2.Q4_K_M.gguf,4479.27,2.757,0.0,0.0
1780413505.5985532,mistral-7b-instruct-v0.2.Q4_K_M.gguf,4479.27,2.8773899999999997,0.0,0.0
1780413506.1057558,mistral-7b-instruct-v0.2.Q4_K_M.gguf,4479.27,3.09567,0.0,0.0
1780413506.61227,mistral-7b-instruct-v0.2.Q4_K_M.gguf,4479.27,2.9144200000000002,0.0,0.0
1780413507.123231,mistral-7b-instruct-v0.2.Q4_K_M.gguf,4479.27,2.7975700000000003,0.0,0.0
1780413507.629301,mistral-7b-instruct-v0.2.Q4_K_M.gguf,4479.27,3.14422,0.0,0.0
1780413508.1355221,mistral-7b-instruct-v0.2.Q4_K_M.gguf,4479.27,2.54555,0.0,0.0
1780413508.642255,mistral-7b-instruct-v0.2.Q4_K_M.gguf,4479.27,2.94887,0.0,0.0
1780413509.148743,mistral-7b-instruct-v0.2.Q4_K_M.gguf,4479.27,2.7412199999999998,0.0,0.0
1780413509.655498,mistral-7b-instruct-v0.2.Q4_K_M.gguf,4479.27,2.9470500000000004,0.0,0.0
1780413510.161794,mistral-7b-instruct-v0.2.Q4_K_M.gguf,4479.27,2.9920999999999998,0.0,0.0
1780413510.668826,mistral-7b-instruct-v0.2.Q4_K_M.gguf,4479.27,3.08013,0.0,0.0
1780413511.1753018,mistral-7b-instruct-v0.2.Q4_K_M.gguf,4479.28,2.9882199999999997,0.0,0.0
1780413511.681728,mistral-7b-instruct-v0.2.Q4_K_M.gguf,4479.27,2.8973,0.0,0.0
1780413512.188631,mistral-7b-instruct-v0.2.Q4_K_M.gguf,4479.27,2.9514099999999996,0.0,0.0
1780413512.694605,mistral-7b-instruct-v0.2.Q4_K_M.gguf,4479.27,2.85477,0.0,0.0
1780413513.201717,mistral-7b-instruct-v0.2.Q4_K_M.gguf,4479.27,2.96396,0.0,0.0
1780413513.708106,mistral-7b-instruct-v0.2.Q4_K_M.gguf,4479.27,2.7505100000000002,0.0,0.0
1780413514.214504,mistral-7b-instruct-v0.2.Q4_K_M.gguf,4479.27,2.65313,0.0,0.0
1780413516.3093529,mistral-7b-instruct-v0.2.Q4_K_M.gguf,4480.22,2.7273,0.0,0.0
1780413516.815917,mistral-7b-instruct-v0.2.Q4_K_M.gguf,4480.27,2.27327,0.0,0.0
1780413517.322186,mistral-7b-instruct-v0.2.Q4_K_M.gguf,4480.28,2.5795700000000004,0.0,0.0
1780413517.828813,mistral-7b-instruct-v0.2.Q4_K_M.gguf,4480.3,2.77942,0.0,0.0
1780413518.335181,mistral-7b-instruct-v0.2.Q4_K_M.gguf,4480.3,3.00366,0.0,0.0
1780413518.841682,mistral-7b-instruct-v0.2.Q4_K_M.gguf,4480.3,2.90495,0.0,0.0
1780413519.348435,mistral-7b-instruct-v0.2.Q4_K_M.gguf,4480.3,2.9335999999999998,0.0,0.0
1780413519.855236,mistral-7b-instruct-v0.2.Q4_K_M.gguf,4480.25,2.8175700000000004,0.0,0.0
1780413520.361932,mistral-7b-instruct-v0.2.Q4_K_M.gguf,4480.25,2.67629,0.0,0.0
1780413520.868196,mistral-7b-instruct-v0.2.Q4_K_M.gguf,4480.25,3.03098,0.0,0.0
1780413521.374665,mistral-7b-instruct-v0.2.Q4_K_M.gguf,4480.25,3.01948,0.0,0.0
1780413521.881362,mistral-7b-instruct-v0.2.Q4_K_M.gguf,4480.25,2.99964,0.0,0.0
1780413522.387938,mistral-7b-instruct-v0.2.Q4_K_M.gguf,4480.25,2.93379,0.0,0.0
1780413522.894491,mistral-7b-instruct-v0.2.Q4_K_M.gguf,4480.25,2.76579,0.0,0.0
1780413523.399402,mistral-7b-instruct-v0.2.Q4_K_M.gguf,4480.27,2.86415,0.0,0.0
1780413523.906087,mistral-7b-instruct-v0.2.Q4_K_M.gguf,4480.27,2.85173,0.0,0.0
1780413524.412572,mistral-7b-instruct-v0.2.Q4_K_M.gguf,4480.27,2.82709,0.0,0.0
1780413524.9189959,mistral-7b-instruct-v0.2.Q4_K_M.gguf,4480.27,2.81263,0.0,0.0
1780413525.425555,mistral-7b-instruct-v0.2.Q4_K_M.gguf,4480.28,2.8091999999999997,0.0,0.0
1780413525.932269,mistral-7b-instruct-v0.2.Q4_K_M.gguf,4480.28,2.80015,0.0,0.0
1780413526.43876,mistral-7b-instruct-v0.2.Q4_K_M.gguf,4480.28,2.94313,0.0,0.0
1780413526.946432,mistral-7b-instruct-v0.2.Q4_K_M.gguf,4480.41,2.79298,0.0,0.0
1780413527.452687,mistral-7b-instruct-v0.2.Q4_K_M.gguf,4480.41,2.8825,0.0,0.0
1780413527.959502,mistral-7b-instruct-v0.2.Q4_K_M.gguf,4480.41,2.55543,0.0,0.0
1780413528.465906,mistral-7b-instruct-v0.2.Q4_K_M.gguf,4480.41,2.84959,0.0,0.0
1780413528.9732978,mistral-7b-instruct-v0.2.Q4_K_M.gguf,4480.41,3.15463,0.0,0.0
1780413529.480721,mistral-7b-instruct-v0.2.Q4_K_M.gguf,4480.41,2.8365,0.0,0.0
1780413529.987156,mistral-7b-instruct-v0.2.Q4_K_M.gguf,4480.41,2.73262,0.0,0.0
1780413530.4934862,mistral-7b-instruct-v0.2.Q4_K_M.gguf,4480.41,2.77608,0.0,0.0
1780413532.718236,mistral-7b-instruct-v0.2.Q4_K_M.gguf,4478.64,2.9079,0.0,0.0
1780413533.223886,mistral-7b-instruct-v0.2.Q4_K_M.gguf,4478.66,2.2823,0.0,0.0
1780413533.7304919,mistral-7b-instruct-v0.2.Q4_K_M.gguf,4478.67,2.33043,0.0,0.0
1780413534.237698,mistral-7b-instruct-v0.2.Q4_K_M.gguf,4478.69,2.71775,0.0,0.0
1780413534.743477,mistral-7b-instruct-v0.2.Q4_K_M.gguf,4478.69,2.71358,0.0,0.0
1780413535.249855,mistral-7b-instruct-v0.2.Q4_K_M.gguf,4478.69,2.94617,0.0,0.0
1780413535.756992,mistral-7b-instruct-v0.2.Q4_K_M.gguf,4478.69,3.0630300000000004,0.0,0.0
1780413536.264249,mistral-7b-instruct-v0.2.Q4_K_M.gguf,4478.67,2.91043,0.0,0.0
1780413536.770529,mistral-7b-instruct-v0.2.Q4_K_M.gguf,4478.67,2.79961,0.0,0.0
1780413537.277448,mistral-7b-instruct-v0.2.Q4_K_M.gguf,4478.67,2.7960599999999998,0.0,0.0
1780413537.7838788,mistral-7b-instruct-v0.2.Q4_K_M.gguf,4478.67,2.76329,0.0,0.0
1780413538.2904,mistral-7b-instruct-v0.2.Q4_K_M.gguf,4478.67,2.9345,0.0,0.0
1780413538.797534,mistral-7b-instruct-v0.2.Q4_K_M.gguf,4478.67,2.85044,0.0,0.0
1780413539.3037639,mistral-7b-instruct-v0.2.Q4_K_M.gguf,4478.67,2.8329400000000002,0.0,0.0
1780413539.810264,mistral-7b-instruct-v0.2.Q4_K_M.gguf,4478.67,2.73013,0.0,0.0
1780413540.316915,mistral-7b-instruct-v0.2.Q4_K_M.gguf,4478.67,2.8635300000000004,0.0,0.0
1780413540.8235772,mistral-7b-instruct-v0.2.Q4_K_M.gguf,4478.67,2.83725,0.0,0.0
1780413541.330378,mistral-7b-instruct-v0.2.Q4_K_M.gguf,4478.67,2.61916,0.0,0.0
1780413541.836755,mistral-7b-instruct-v0.2.Q4_K_M.gguf,4478.67,2.9057399999999998,0.0,0.0
1780413542.343203,mistral-7b-instruct-v0.2.Q4_K_M.gguf,4478.67,2.82135,0.0,0.0
1780413542.850233,mistral-7b-instruct-v0.2.Q4_K_M.gguf,4478.67,2.8770599999999997,0.0,0.0
1780413543.357156,mistral-7b-instruct-v0.2.Q4_K_M.gguf,4478.67,2.6018000000000003,0.0,0.0
1780413543.864097,mistral-7b-instruct-v0.2.Q4_K_M.gguf,4478.67,2.9244299999999996,0.0,0.0
1780413544.371072,mistral-7b-instruct-v0.2.Q4_K_M.gguf,4478.67,2.9532800000000003,0.0,0.0
1780413544.8774421,mistral-7b-instruct-v0.2.Q4_K_M.gguf,4478.67,2.5649499999999996,0.0,0.0
1780413545.384064,mistral-7b-instruct-v0.2.Q4_K_M.gguf,4478.67,2.90508,0.0,0.0
1780413545.890572,mistral-7b-instruct-v0.2.Q4_K_M.gguf,4478.67,3.3153099999999998,0.0,0.0
1780413546.397471,mistral-7b-instruct-v0.2.Q4_K_M.gguf,4478.67,3.045,0.0,0.0
1780413546.9039302,mistral-7b-instruct-v0.2.Q4_K_M.gguf,4478.67,2.93099,0.0,0.0
1780413549.160115,mistral-7b-instruct-v0.2.Q4_K_M.gguf,4480.42,2.40957,0.0,0.0
1780413549.66648,mistral-7b-instruct-v0.2.Q4_K_M.gguf,4480.44,2.06121,0.0,0.0
1780413550.172853,mistral-7b-instruct-v0.2.Q4_K_M.gguf,4480.45,2.66098,0.0,0.0
1780413550.6791732,mistral-7b-instruct-v0.2.Q4_K_M.gguf,4480.47,2.86869,0.0,0.0
1780413551.185802,mistral-7b-instruct-v0.2.Q4_K_M.gguf,4480.47,3.0330100000000004,0.0,0.0
1780413551.692359,mistral-7b-instruct-v0.2.Q4_K_M.gguf,4480.47,2.72091,0.0,0.0
1780413552.198774,mistral-7b-instruct-v0.2.Q4_K_M.gguf,4480.47,2.78306,0.0,0.0
1780413552.7052832,mistral-7b-instruct-v0.2.Q4_K_M.gguf,4480.42,2.88207,0.0,0.0
1780413553.212095,mistral-7b-instruct-v0.2.Q4_K_M.gguf,4480.42,2.76004,0.0,0.0
1780413553.718375,mistral-7b-instruct-v0.2.Q4_K_M.gguf,4480.42,2.7603299999999997,0.0,0.0
1780413554.224899,mistral-7b-instruct-v0.2.Q4_K_M.gguf,4480.44,2.85941,0.0,0.0
1780413554.732258,mistral-7b-instruct-v0.2.Q4_K_M.gguf,4480.44,2.87498,0.0,0.0
1780413555.238378,mistral-7b-instruct-v0.2.Q4_K_M.gguf,4480.44,2.9337,0.0,0.0
1780413555.744973,mistral-7b-instruct-v0.2.Q4_K_M.gguf,4480.45,2.70299,0.0,0.0
1780413556.251874,mistral-7b-instruct-v0.2.Q4_K_M.gguf,4480.45,2.74579,0.0,0.0
1780413556.758259,mistral-7b-instruct-v0.2.Q4_K_M.gguf,4480.45,2.70193,0.0,0.0
1780413557.26475,mistral-7b-instruct-v0.2.Q4_K_M.gguf,4480.45,2.7718000000000003,0.0,0.0
1780413557.771344,mistral-7b-instruct-v0.2.Q4_K_M.gguf,4480.45,2.88685,0.0,0.0
1780413558.278071,mistral-7b-instruct-v0.2.Q4_K_M.gguf,4480.45,2.77586,0.0,0.0
1780413558.7847528,mistral-7b-instruct-v0.2.Q4_K_M.gguf,4480.45,2.7266399999999997,0.0,0.0
1780413559.29123,mistral-7b-instruct-v0.2.Q4_K_M.gguf,4480.45,2.84776,0.0,0.0
1780413559.798582,mistral-7b-instruct-v0.2.Q4_K_M.gguf,4480.45,2.7586999999999997,0.0,0.0
1780413560.3047209,mistral-7b-instruct-v0.2.Q4_K_M.gguf,4480.45,2.81947,0.0,0.0
1780413560.811805,mistral-7b-instruct-v0.2.Q4_K_M.gguf,4480.45,2.58319,0.0,0.0
1780413561.318283,mistral-7b-instruct-v0.2.Q4_K_M.gguf,4480.45,2.81992,0.0,0.0
1780413561.824974,mistral-7b-instruct-v0.2.Q4_K_M.gguf,4480.45,2.7979600000000002,0.0,0.0
1780413562.3317041,mistral-7b-instruct-v0.2.Q4_K_M.gguf,4480.45,2.7039400000000002,0.0,0.0
1780413562.83807,mistral-7b-instruct-v0.2.Q4_K_M.gguf,4480.45,2.99796,0.0,0.0
1780413563.344637,mistral-7b-instruct-v0.2.Q4_K_M.gguf,4480.45,2.9606500000000002,0.0,0.0
1780413565.5846431,mistral-7b-instruct-v0.2.Q4_K_M.gguf,4480.47,2.42008,0.0,0.0
1780413566.0914738,mistral-7b-instruct-v0.2.Q4_K_M.gguf,4480.5,2.16284,0.0,0.0
1780413566.597576,mistral-7b-instruct-v0.2.Q4_K_M.gguf,4480.52,2.22274,0.0,0.0
1780413567.1041222,mistral-7b-instruct-v0.2.Q4_K_M.gguf,4480.62,2.90014,0.0,0.0
1780413567.6109052,mistral-7b-instruct-v0.2.Q4_K_M.gguf,4480.62,3.0100100000000003,0.0,0.0
1780413568.117398,mistral-7b-instruct-v0.2.Q4_K_M.gguf,4480.62,2.85013,0.0,0.0
1780413568.623856,mistral-7b-instruct-v0.2.Q4_K_M.gguf,4480.62,2.7918499999999997,0.0,0.0
1780413569.1306791,mistral-7b-instruct-v0.2.Q4_K_M.gguf,4480.61,2.8250100000000002,0.0,0.0
1780413569.6372612,mistral-7b-instruct-v0.2.Q4_K_M.gguf,4480.62,2.8650900000000004,0.0,0.0
1780413570.1444962,mistral-7b-instruct-v0.2.Q4_K_M.gguf,4480.62,2.78558,0.0,0.0
1780413570.651231,mistral-7b-instruct-v0.2.Q4_K_M.gguf,4480.62,2.62529,0.0,0.0
1780413571.157502,mistral-7b-instruct-v0.2.Q4_K_M.gguf,4480.62,2.52502,0.0,0.0
1780413571.665328,mistral-7b-instruct-v0.2.Q4_K_M.gguf,4480.62,3.03275,0.0,0.0
1780413572.1714182,mistral-7b-instruct-v0.2.Q4_K_M.gguf,4480.62,2.95967,0.0,0.0
1780413572.6778839,mistral-7b-instruct-v0.2.Q4_K_M.gguf,4480.62,2.68679,0.0,0.0
1780413573.184482,mistral-7b-instruct-v0.2.Q4_K_M.gguf,4480.62,3.08548,0.0,0.0
1780413573.690835,mistral-7b-instruct-v0.2.Q4_K_M.gguf,4480.62,2.94589,0.0,0.0
1780413574.19756,mistral-7b-instruct-v0.2.Q4_K_M.gguf,4480.62,2.89013,0.0,0.0
1780413574.705346,mistral-7b-instruct-v0.2.Q4_K_M.gguf,4480.62,2.57906,0.0,0.0
1780413575.21134,mistral-7b-instruct-v0.2.Q4_K_M.gguf,4480.64,2.1944299999999997,0.0,0.0
1780413575.717717,mistral-7b-instruct-v0.2.Q4_K_M.gguf,4480.64,2.8223200000000004,0.0,0.0
1780413577.907816,mistral-7b-instruct-v0.2.Q4_K_M.gguf,4486.55,2.0745,0.0,0.0
1780413578.414392,mistral-7b-instruct-v0.2.Q4_K_M.gguf,4486.56,1.9976099999999999,0.0,0.0
1780413578.921386,mistral-7b-instruct-v0.2.Q4_K_M.gguf,4486.56,2.57658,0.0,0.0
1780413579.428006,mistral-7b-instruct-v0.2.Q4_K_M.gguf,4486.56,2.95064,0.0,0.0
1780413579.9345798,mistral-7b-instruct-v0.2.Q4_K_M.gguf,4486.56,2.9200399999999997,0.0,0.0
1780413580.440171,mistral-7b-instruct-v0.2.Q4_K_M.gguf,4486.56,2.8666799999999997,0.0,0.0
1780413580.946802,mistral-7b-instruct-v0.2.Q4_K_M.gguf,4486.56,2.99179,0.0,0.0
1780413581.4531121,mistral-7b-instruct-v0.2.Q4_K_M.gguf,4486.56,3.00075,0.0,0.0
1780413581.959701,mistral-7b-instruct-v0.2.Q4_K_M.gguf,4486.56,2.91778,0.0,0.0
1780413582.4661708,mistral-7b-instruct-v0.2.Q4_K_M.gguf,4486.56,2.8255500000000002,0.0,0.0
1780413582.9727738,mistral-7b-instruct-v0.2.Q4_K_M.gguf,4486.56,2.7579000000000002,0.0,0.0
1780413583.479221,mistral-7b-instruct-v0.2.Q4_K_M.gguf,4486.56,2.60018,0.0,0.0
1780413583.9856892,mistral-7b-instruct-v0.2.Q4_K_M.gguf,4486.56,2.83079,0.0,0.0
1780413584.492185,mistral-7b-instruct-v0.2.Q4_K_M.gguf,4486.52,2.83113,0.0,0.0
1780413584.998827,mistral-7b-instruct-v0.2.Q4_K_M.gguf,4486.52,2.7487600000000003,0.0,0.0
1780413585.505392,mistral-7b-instruct-v0.2.Q4_K_M.gguf,4486.52,2.74417,0.0,0.0
1780413586.011741,mistral-7b-instruct-v0.2.Q4_K_M.gguf,4486.52,2.75756,0.0,0.0
1780413586.518582,mistral-7b-instruct-v0.2.Q4_K_M.gguf,4486.52,2.88433,0.0,0.0
1780413587.025694,mistral-7b-instruct-v0.2.Q4_K_M.gguf,4486.52,2.73871,0.0,0.0
1780413587.53248,mistral-7b-instruct-v0.2.Q4_K_M.gguf,4486.52,2.57511,0.0,0.0
1780413588.038989,mistral-7b-instruct-v0.2.Q4_K_M.gguf,4486.52,2.82767,0.0,0.0
1780413588.545464,mistral-7b-instruct-v0.2.Q4_K_M.gguf,4486.52,2.8051399999999997,0.0,0.0
1780413589.05224,mistral-7b-instruct-v0.2.Q4_K_M.gguf,4486.52,2.9589899999999996,0.0,0.0
1780413589.559081,mistral-7b-instruct-v0.2.Q4_K_M.gguf,4486.52,2.94184,0.0,0.0
1780413590.066419,mistral-7b-instruct-v0.2.Q4_K_M.gguf,4486.52,2.8512399999999998,0.0,0.0
1780413590.572638,mistral-7b-instruct-v0.2.Q4_K_M.gguf,4486.52,2.76805,0.0,0.0
1780413591.0802639,mistral-7b-instruct-v0.2.Q4_K_M.gguf,4486.52,2.57059,0.0,0.0
1780413591.587522,mistral-7b-instruct-v0.2.Q4_K_M.gguf,4486.53,2.96916,0.0,0.0
1780413592.09357,mistral-7b-instruct-v0.2.Q4_K_M.gguf,4486.53,2.49948,0.0,0.0
1780413592.6003,mistral-7b-instruct-v0.2.Q4_K_M.gguf,4486.53,2.9255,0.0,0.0
1780413594.815858,mistral-7b-instruct-v0.2.Q4_K_M.gguf,4478.56,2.33568,0.0,0.0
1780413595.321913,mistral-7b-instruct-v0.2.Q4_K_M.gguf,4478.59,2.08286,0.0,0.0
1780413595.829088,mistral-7b-instruct-v0.2.Q4_K_M.gguf,4478.61,2.56401,0.0,0.0
1780413596.33599,mistral-7b-instruct-v0.2.Q4_K_M.gguf,4478.62,2.83739,0.0,0.0
1780413596.8421109,mistral-7b-instruct-v0.2.Q4_K_M.gguf,4478.62,2.90286,0.0,0.0
1780413597.348937,mistral-7b-instruct-v0.2.Q4_K_M.gguf,4478.62,2.9778000000000002,0.0,0.0
1780413597.855653,mistral-7b-instruct-v0.2.Q4_K_M.gguf,4478.62,2.93666,0.0,0.0
1780413598.362101,mistral-7b-instruct-v0.2.Q4_K_M.gguf,4478.58,2.75034,0.0,0.0
1780413598.86912,mistral-7b-instruct-v0.2.Q4_K_M.gguf,4478.58,2.70424,0.0,0.0
1780413599.375872,mistral-7b-instruct-v0.2.Q4_K_M.gguf,4478.58,2.60791,0.0,0.0
1780413599.8823,mistral-7b-instruct-v0.2.Q4_K_M.gguf,4478.58,2.7072399999999996,0.0,0.0
1780413600.388782,mistral-7b-instruct-v0.2.Q4_K_M.gguf,4478.58,2.8535700000000004,0.0,0.0
1780413600.8963048,mistral-7b-instruct-v0.2.Q4_K_M.gguf,4478.58,2.95319,0.0,0.0
1780413601.402685,mistral-7b-instruct-v0.2.Q4_K_M.gguf,4478.58,2.9616100000000003,0.0,0.0
1780413601.909149,mistral-7b-instruct-v0.2.Q4_K_M.gguf,4478.58,2.8040700000000003,0.0,0.0
1780413602.4161122,mistral-7b-instruct-v0.2.Q4_K_M.gguf,4478.58,2.87358,0.0,0.0
1780413602.922838,mistral-7b-instruct-v0.2.Q4_K_M.gguf,4478.58,2.76569,0.0,0.0
1780413603.429635,mistral-7b-instruct-v0.2.Q4_K_M.gguf,4478.58,2.6198699999999997,0.0,0.0
1780413603.9364,mistral-7b-instruct-v0.2.Q4_K_M.gguf,4478.58,2.66828,0.0,0.0
1780413604.4425652,mistral-7b-instruct-v0.2.Q4_K_M.gguf,4478.58,2.84706,0.0,0.0
1780413604.9498,mistral-7b-instruct-v0.2.Q4_K_M.gguf,4478.59,3.0313000000000003,0.0,0.0
1780413605.456961,mistral-7b-instruct-v0.2.Q4_K_M.gguf,4478.61,3.0394,0.0,0.0
1780413605.9644978,mistral-7b-instruct-v0.2.Q4_K_M.gguf,4478.61,2.5044899999999997,0.0,0.0
1780413606.470572,mistral-7b-instruct-v0.2.Q4_K_M.gguf,4478.61,2.94715,0.0,0.0
1780413606.976948,mistral-7b-instruct-v0.2.Q4_K_M.gguf,4478.61,2.7731500000000002,0.0,0.0
1780413607.483532,mistral-7b-instruct-v0.2.Q4_K_M.gguf,4478.61,3.10128,0.0,0.0
1780413607.990226,mistral-7b-instruct-v0.2.Q4_K_M.gguf,4478.61,3.01754,0.0,0.0
1780413608.497719,mistral-7b-instruct-v0.2.Q4_K_M.gguf,4478.61,2.66888,0.0,0.0
1780413609.005244,mistral-7b-instruct-v0.2.Q4_K_M.gguf,4478.62,2.58762,0.0,0.0
1780413609.512169,mistral-7b-instruct-v0.2.Q4_K_M.gguf,4478.62,2.4699400000000002,0.0,0.0
1780413611.73571,mistral-7b-instruct-v0.2.Q4_K_M.gguf,4485.09,3.38171,0.0,0.0
1780413612.242464,mistral-7b-instruct-v0.2.Q4_K_M.gguf,4485.09,2.59134,0.0,0.0
1780413612.7490602,mistral-7b-instruct-v0.2.Q4_K_M.gguf,4485.11,2.10147,0.0,0.0
1780413613.255759,mistral-7b-instruct-v0.2.Q4_K_M.gguf,4485.12,2.6252,0.0,0.0
1780413613.762177,mistral-7b-instruct-v0.2.Q4_K_M.gguf,4485.14,2.82404,0.0,0.0
1780413614.2686841,mistral-7b-instruct-v0.2.Q4_K_M.gguf,4485.16,3.01757,0.0,0.0
1780413614.7758982,mistral-7b-instruct-v0.2.Q4_K_M.gguf,4485.16,2.8295700000000004,0.0,0.0
1780413615.2822242,mistral-7b-instruct-v0.2.Q4_K_M.gguf,4485.11,2.61,0.0,0.0
1780413615.789116,mistral-7b-instruct-v0.2.Q4_K_M.gguf,4485.11,3.0104,0.0,0.0
1780413616.2967649,mistral-7b-instruct-v0.2.Q4_K_M.gguf,4485.11,2.77112,0.0,0.0
1780413616.802488,mistral-7b-instruct-v0.2.Q4_K_M.gguf,4485.11,2.77054,0.0,0.0
1780413617.3091059,mistral-7b-instruct-v0.2.Q4_K_M.gguf,4485.11,2.94324,0.0,0.0
1780413617.815486,mistral-7b-instruct-v0.2.Q4_K_M.gguf,4485.11,3.06773,0.0,0.0
1780413618.3221161,mistral-7b-instruct-v0.2.Q4_K_M.gguf,4485.11,2.61671,0.0,0.0
1780413618.8282812,mistral-7b-instruct-v0.2.Q4_K_M.gguf,4485.11,2.83896,0.0,0.0
1780413619.334722,mistral-7b-instruct-v0.2.Q4_K_M.gguf,4485.11,2.98095,0.0,0.0
1780413619.8412118,mistral-7b-instruct-v0.2.Q4_K_M.gguf,4485.11,2.90894,0.0,0.0
1780413620.348031,mistral-7b-instruct-v0.2.Q4_K_M.gguf,4485.11,2.85311,0.0,0.0
1780413620.854711,mistral-7b-instruct-v0.2.Q4_K_M.gguf,4485.12,2.77769,0.0,0.0
1780413621.360906,mistral-7b-instruct-v0.2.Q4_K_M.gguf,4485.12,2.5534299999999996,0.0,0.0
1780413621.868502,mistral-7b-instruct-v0.2.Q4_K_M.gguf,4485.12,2.9017600000000003,0.0,0.0
1780413622.3750799,mistral-7b-instruct-v0.2.Q4_K_M.gguf,4485.12,2.7866999999999997,0.0,0.0
1780413622.881634,mistral-7b-instruct-v0.2.Q4_K_M.gguf,4485.12,2.51918,0.0,0.0
1780413623.388044,mistral-7b-instruct-v0.2.Q4_K_M.gguf,4485.12,2.935,0.0,0.0
1780413623.894619,mistral-7b-instruct-v0.2.Q4_K_M.gguf,4485.12,3.09134,0.0,0.0
1780413624.40141,mistral-7b-instruct-v0.2.Q4_K_M.gguf,4485.12,3.0244,0.0,0.0
1780413624.908007,mistral-7b-instruct-v0.2.Q4_K_M.gguf,4485.12,2.7817600000000002,0.0,0.0
1780413625.41518,mistral-7b-instruct-v0.2.Q4_K_M.gguf,4485.12,2.47592,0.0,0.0
1780413625.922107,mistral-7b-instruct-v0.2.Q4_K_M.gguf,4485.12,3.5972,0.0,0.0
1780413964.2991412,mistral-7b-instruct-v0.2.Q4_K_M.gguf,5254.73,5.10822,0.0,0.0
1780413964.805514,mistral-7b-instruct-v0.2.Q4_K_M.gguf,5254.75,3.18098,0.0,0.0
1780413965.312049,mistral-7b-instruct-v0.2.Q4_K_M.gguf,5254.77,2.25777,0.0,0.0
1780413965.8184278,mistral-7b-instruct-v0.2.Q4_K_M.gguf,5254.77,2.28768,0.0,0.0
1780413966.324822,mistral-7b-instruct-v0.2.Q4_K_M.gguf,5254.77,2.4908200000000003,0.0,0.0
1780413966.831388,mistral-7b-instruct-v0.2.Q4_K_M.gguf,5254.77,2.6385500000000004,0.0,0.0
1780413967.338018,mistral-7b-instruct-v0.2.Q4_K_M.gguf,5254.77,3.0486999999999997,0.0,0.0
1780413967.8444102,mistral-7b-instruct-v0.2.Q4_K_M.gguf,5254.77,3.09986,0.0,0.0
1780413968.350902,mistral-7b-instruct-v0.2.Q4_K_M.gguf,5254.75,3.09308,0.0,0.0
1780413968.857346,mistral-7b-instruct-v0.2.Q4_K_M.gguf,5254.75,2.89473,0.0,0.0
1780413969.36371,mistral-7b-instruct-v0.2.Q4_K_M.gguf,5254.75,2.85665,0.0,0.0
1780413969.870414,mistral-7b-instruct-v0.2.Q4_K_M.gguf,5254.75,2.91054,0.0,0.0
1780413970.37677,mistral-7b-instruct-v0.2.Q4_K_M.gguf,5254.75,2.81595,0.0,0.0
1780413970.883193,mistral-7b-instruct-v0.2.Q4_K_M.gguf,5254.75,2.86071,0.0,0.0
1780413971.389716,mistral-7b-instruct-v0.2.Q4_K_M.gguf,5254.77,2.89641,0.0,0.0
1780413971.8962681,mistral-7b-instruct-v0.2.Q4_K_M.gguf,5254.77,2.78793,0.0,0.0
1780413972.402775,mistral-7b-instruct-v0.2.Q4_K_M.gguf,5254.77,3.04273,0.0,0.0
1780413972.9096892,mistral-7b-instruct-v0.2.Q4_K_M.gguf,5254.78,2.85481,0.0,0.0
1780413973.415853,mistral-7b-instruct-v0.2.Q4_K_M.gguf,5254.78,2.85275,0.0,0.0
1780413973.9224901,mistral-7b-instruct-v0.2.Q4_K_M.gguf,5254.78,2.95359,0.0,0.0
1780413974.429843,mistral-7b-instruct-v0.2.Q4_K_M.gguf,5254.8,2.60558,0.0,0.0
1780413974.936192,mistral-7b-instruct-v0.2.Q4_K_M.gguf,5254.8,2.69492,0.0,0.0
1780413975.4423318,mistral-7b-instruct-v0.2.Q4_K_M.gguf,5254.8,3.0251,0.0,0.0
1780413975.949331,mistral-7b-instruct-v0.2.Q4_K_M.gguf,5254.8,3.09907,0.0,0.0
1780413976.455796,mistral-7b-instruct-v0.2.Q4_K_M.gguf,5254.8,2.78878,0.0,0.0
1780413976.963518,mistral-7b-instruct-v0.2.Q4_K_M.gguf,5254.8,2.88888,0.0,0.0
1780413977.470349,mistral-7b-instruct-v0.2.Q4_K_M.gguf,5254.8,3.12497,0.0,0.0
1780413977.981674,mistral-7b-instruct-v0.2.Q4_K_M.gguf,64.47,2.43807,0.0,0.0
1780413980.227613,mistral-7b-instruct-v0.2.Q4_K_M.gguf,5248.92,3.75252,0.0,0.0
1780413980.733705,mistral-7b-instruct-v0.2.Q4_K_M.gguf,5248.94,2.36704,0.0,0.0
1780413981.240043,mistral-7b-instruct-v0.2.Q4_K_M.gguf,5248.95,2.6567,0.0,0.0
1780413981.7473652,mistral-7b-instruct-v0.2.Q4_K_M.gguf,5248.97,2.72354,0.0,0.0
1780413982.2543948,mistral-7b-instruct-v0.2.Q4_K_M.gguf,5248.97,2.77547,0.0,0.0
1780413982.761593,mistral-7b-instruct-v0.2.Q4_K_M.gguf,5248.97,2.77034,0.0,0.0
1780413983.267742,mistral-7b-instruct-v0.2.Q4_K_M.gguf,5248.97,2.7614,0.0,0.0
1780413983.774011,mistral-7b-instruct-v0.2.Q4_K_M.gguf,5248.97,2.9868200000000003,0.0,0.0
1780413984.2808099,mistral-7b-instruct-v0.2.Q4_K_M.gguf,5248.94,3.3337,0.0,0.0
1780413984.7872791,mistral-7b-instruct-v0.2.Q4_K_M.gguf,5248.94,3.08473,0.0,0.0
1780413985.293813,mistral-7b-instruct-v0.2.Q4_K_M.gguf,5248.94,2.88192,0.0,0.0
1780413985.801148,mistral-7b-instruct-v0.2.Q4_K_M.gguf,5248.94,2.78727,0.0,0.0
1780413986.30751,mistral-7b-instruct-v0.2.Q4_K_M.gguf,5248.94,2.72623,0.0,0.0
1780413986.813874,mistral-7b-instruct-v0.2.Q4_K_M.gguf,5248.94,2.60151,0.0,0.0
1780413987.320284,mistral-7b-instruct-v0.2.Q4_K_M.gguf,5248.94,2.93786,0.0,0.0
1780413987.8267362,mistral-7b-instruct-v0.2.Q4_K_M.gguf,5248.94,2.95955,0.0,0.0
1780413988.334324,mistral-7b-instruct-v0.2.Q4_K_M.gguf,5248.94,2.8969899999999997,0.0,0.0
1780413988.840797,mistral-7b-instruct-v0.2.Q4_K_M.gguf,5248.94,2.95134,0.0,0.0
1780413989.3471801,mistral-7b-instruct-v0.2.Q4_K_M.gguf,5248.94,2.53289,0.0,0.0
1780413989.8535318,mistral-7b-instruct-v0.2.Q4_K_M.gguf,5248.94,2.9275700000000002,0.0,0.0
1780413990.360388,mistral-7b-instruct-v0.2.Q4_K_M.gguf,5248.94,2.8964000000000003,0.0,0.0
1780413990.866693,mistral-7b-instruct-v0.2.Q4_K_M.gguf,5248.94,2.83771,0.0,0.0
1780413991.3731258,mistral-7b-instruct-v0.2.Q4_K_M.gguf,5248.94,2.8304099999999996,0.0,0.0
1780413991.8796852,mistral-7b-instruct-v0.2.Q4_K_M.gguf,5248.94,2.8056300000000003,0.0,0.0
1780413992.386049,mistral-7b-instruct-v0.2.Q4_K_M.gguf,5248.94,2.8767600000000004,0.0,0.0
1780413992.892652,mistral-7b-instruct-v0.2.Q4_K_M.gguf,5248.94,2.69721,0.0,0.0
1780413993.4001,mistral-7b-instruct-v0.2.Q4_K_M.gguf,5248.94,2.8314299999999997,0.0,0.0
1780413993.906215,mistral-7b-instruct-v0.2.Q4_K_M.gguf,5248.94,2.80746,0.0,0.0
1780413994.4124742,mistral-7b-instruct-v0.2.Q4_K_M.gguf,5248.94,2.6575900000000003,0.0,0.0
1780413996.669457,mistral-7b-instruct-v0.2.Q4_K_M.gguf,5247.23,3.08001,0.0,0.0
1780413997.1755462,mistral-7b-instruct-v0.2.Q4_K_M.gguf,5247.3,2.36244,0.0,0.0
1780413997.682575,mistral-7b-instruct-v0.2.Q4_K_M.gguf,5247.33,2.42968,0.0,0.0
1780413998.189045,mistral-7b-instruct-v0.2.Q4_K_M.gguf,5247.36,2.61996,0.0,0.0
1780413998.6955662,mistral-7b-instruct-v0.2.Q4_K_M.gguf,5247.41,2.71895,0.0,0.0
1780413999.202357,mistral-7b-instruct-v0.2.Q4_K_M.gguf,5247.53,3.04546,0.0,0.0
1780413999.709656,mistral-7b-instruct-v0.2.Q4_K_M.gguf,5247.55,2.7791300000000003,0.0,0.0
1780414000.2158132,mistral-7b-instruct-v0.2.Q4_K_M.gguf,5247.55,2.696,0.0,0.0
1780414000.722247,mistral-7b-instruct-v0.2.Q4_K_M.gguf,5247.53,2.77377,0.0,0.0
1780414001.229179,mistral-7b-instruct-v0.2.Q4_K_M.gguf,5247.55,2.9627600000000003,0.0,0.0
1780414001.735549,mistral-7b-instruct-v0.2.Q4_K_M.gguf,5247.55,2.8588400000000003,0.0,0.0
1780414002.242049,mistral-7b-instruct-v0.2.Q4_K_M.gguf,5247.55,2.8221700000000003,0.0,0.0
1780414002.7486598,mistral-7b-instruct-v0.2.Q4_K_M.gguf,5247.55,2.82098,0.0,0.0
1780414003.255235,mistral-7b-instruct-v0.2.Q4_K_M.gguf,5247.55,2.82127,0.0,0.0
1780414003.761577,mistral-7b-instruct-v0.2.Q4_K_M.gguf,5247.55,2.59988,0.0,0.0
1780414004.2681081,mistral-7b-instruct-v0.2.Q4_K_M.gguf,5247.55,2.88022,0.0,0.0
1780414004.7745888,mistral-7b-instruct-v0.2.Q4_K_M.gguf,5247.55,2.82381,0.0,0.0
1780414005.2810292,mistral-7b-instruct-v0.2.Q4_K_M.gguf,5247.55,2.85092,0.0,0.0
1780414005.788619,mistral-7b-instruct-v0.2.Q4_K_M.gguf,5247.55,2.80952,0.0,0.0
1780414006.295313,mistral-7b-instruct-v0.2.Q4_K_M.gguf,5247.55,3.2182399999999998,0.0,0.0
1780414006.801698,mistral-7b-instruct-v0.2.Q4_K_M.gguf,5247.55,2.2857800000000004,0.0,0.0
1780414007.308065,mistral-7b-instruct-v0.2.Q4_K_M.gguf,5247.55,2.9966399999999997,0.0,0.0
1780414007.814614,mistral-7b-instruct-v0.2.Q4_K_M.gguf,5247.55,3.0379899999999997,0.0,0.0
1780414008.320986,mistral-7b-instruct-v0.2.Q4_K_M.gguf,5247.55,3.06726,0.0,0.0
1780414008.827677,mistral-7b-instruct-v0.2.Q4_K_M.gguf,5247.55,2.72215,0.0,0.0
1780414011.093102,mistral-7b-instruct-v0.2.Q4_K_M.gguf,5247.11,2.8912199999999997,0.0,0.0
1780414011.599437,mistral-7b-instruct-v0.2.Q4_K_M.gguf,5247.14,2.0605599999999997,0.0,0.0
1780414012.106157,mistral-7b-instruct-v0.2.Q4_K_M.gguf,5247.16,2.49057,0.0,0.0
1780414012.612528,mistral-7b-instruct-v0.2.Q4_K_M.gguf,5247.17,2.85248,0.0,0.0
1780414013.119543,mistral-7b-instruct-v0.2.Q4_K_M.gguf,5247.17,3.01329,0.0,0.0
1780414013.6269581,mistral-7b-instruct-v0.2.Q4_K_M.gguf,5247.17,3.0988800000000003,0.0,0.0
1780414014.13323,mistral-7b-instruct-v0.2.Q4_K_M.gguf,5247.17,2.54328,0.0,0.0
1780414014.63962,mistral-7b-instruct-v0.2.Q4_K_M.gguf,5247.12,2.6663,0.0,0.0
1780414015.14655,mistral-7b-instruct-v0.2.Q4_K_M.gguf,5247.12,2.99975,0.0,0.0
1780414015.65274,mistral-7b-instruct-v0.2.Q4_K_M.gguf,5247.12,3.07188,0.0,0.0
1780414016.160011,mistral-7b-instruct-v0.2.Q4_K_M.gguf,5247.12,2.81407,0.0,0.0
1780414016.6676748,mistral-7b-instruct-v0.2.Q4_K_M.gguf,5247.14,2.4732600000000002,0.0,0.0
1780414017.1743512,mistral-7b-instruct-v0.2.Q4_K_M.gguf,5247.14,2.71191,0.0,0.0
1780414017.680686,mistral-7b-instruct-v0.2.Q4_K_M.gguf,5247.14,2.49036,0.0,0.0
1780414018.187524,mistral-7b-instruct-v0.2.Q4_K_M.gguf,5247.14,3.09537,0.0,0.0
1780414018.693894,mistral-7b-instruct-v0.2.Q4_K_M.gguf,5247.14,2.9254000000000002,0.0,0.0
1780414019.200376,mistral-7b-instruct-v0.2.Q4_K_M.gguf,5247.14,2.844,0.0,0.0
1780414019.707047,mistral-7b-instruct-v0.2.Q4_K_M.gguf,5247.14,2.82719,0.0,0.0
1780414020.2140632,mistral-7b-instruct-v0.2.Q4_K_M.gguf,5247.14,2.6870100000000003,0.0,0.0
1780414020.720438,mistral-7b-instruct-v0.2.Q4_K_M.gguf,5247.14,2.41235,0.0,0.0
1780414021.2267258,mistral-7b-instruct-v0.2.Q4_K_M.gguf,5247.14,2.17002,0.0,0.0
1780414021.733061,mistral-7b-instruct-v0.2.Q4_K_M.gguf,5247.14,3.06211,0.0,0.0
1780414022.239637,mistral-7b-instruct-v0.2.Q4_K_M.gguf,5247.14,3.2530900000000003,0.0,0.0
1780414022.7471948,mistral-7b-instruct-v0.2.Q4_K_M.gguf,5247.14,2.92448,0.0,0.0
1780414023.254039,mistral-7b-instruct-v0.2.Q4_K_M.gguf,5247.14,2.6827199999999998,0.0,0.0
1780414023.76027,mistral-7b-instruct-v0.2.Q4_K_M.gguf,5247.14,2.42682,0.0,0.0
1780414024.266772,mistral-7b-instruct-v0.2.Q4_K_M.gguf,5247.14,2.77605,0.0,0.0
1780414024.7734132,mistral-7b-instruct-v0.2.Q4_K_M.gguf,5247.14,2.9778200000000004,0.0,0.0
1780414025.28016,mistral-7b-instruct-v0.2.Q4_K_M.gguf,5247.14,2.75012,0.0,0.0
1780414025.786649,mistral-7b-instruct-v0.2.Q4_K_M.gguf,5247.14,2.64315,0.0,0.0
1780414028.0771809,mistral-7b-instruct-v0.2.Q4_K_M.gguf,5247.22,2.49204,0.0,0.0
1780414028.584419,mistral-7b-instruct-v0.2.Q4_K_M.gguf,5247.25,2.17399,0.0,0.0
1780414029.091151,mistral-7b-instruct-v0.2.Q4_K_M.gguf,5247.27,2.45566,0.0,0.0
1780414029.597585,mistral-7b-instruct-v0.2.Q4_K_M.gguf,5247.28,2.3953,0.0,0.0
1780414030.104044,mistral-7b-instruct-v0.2.Q4_K_M.gguf,5247.28,3.1473299999999997,0.0,0.0
1780414030.610671,mistral-7b-instruct-v0.2.Q4_K_M.gguf,5247.28,3.1141300000000003,0.0,0.0
1780414031.117347,mistral-7b-instruct-v0.2.Q4_K_M.gguf,5247.28,2.86776,0.0,0.0
1780414031.62372,mistral-7b-instruct-v0.2.Q4_K_M.gguf,5247.23,2.71018,0.0,0.0
1780414032.130464,mistral-7b-instruct-v0.2.Q4_K_M.gguf,5247.23,2.6248899999999997,0.0,0.0
1780414032.636874,mistral-7b-instruct-v0.2.Q4_K_M.gguf,5247.23,2.73082,0.0,0.0
1780414033.1436381,mistral-7b-instruct-v0.2.Q4_K_M.gguf,5247.23,2.6486,0.0,0.0
1780414033.6500852,mistral-7b-instruct-v0.2.Q4_K_M.gguf,5247.23,2.63186,0.0,0.0
1780414034.156554,mistral-7b-instruct-v0.2.Q4_K_M.gguf,5247.23,2.83625,0.0,0.0
1780414034.663297,mistral-7b-instruct-v0.2.Q4_K_M.gguf,5247.23,2.7168,0.0,0.0
1780414035.171422,mistral-7b-instruct-v0.2.Q4_K_M.gguf,5247.23,2.81942,0.0,0.0
1780414035.677259,mistral-7b-instruct-v0.2.Q4_K_M.gguf,5247.23,2.3741,0.0,0.0
1780414036.18365,mistral-7b-instruct-v0.2.Q4_K_M.gguf,5247.23,2.6647600000000002,0.0,0.0
1780414036.69017,mistral-7b-instruct-v0.2.Q4_K_M.gguf,5247.23,3.05608,0.0,0.0
1780414037.197011,mistral-7b-instruct-v0.2.Q4_K_M.gguf,5247.23,2.85696,0.0,0.0
1780414037.703525,mistral-7b-instruct-v0.2.Q4_K_M.gguf,5247.23,2.65757,0.0,0.0
1780414038.21001,mistral-7b-instruct-v0.2.Q4_K_M.gguf,5247.23,2.7389099999999997,0.0,0.0
1780414038.716384,mistral-7b-instruct-v0.2.Q4_K_M.gguf,5247.23,2.66338,0.0,0.0
1780414039.222977,mistral-7b-instruct-v0.2.Q4_K_M.gguf,5247.23,2.77196,0.0,0.0
1780414039.729734,mistral-7b-instruct-v0.2.Q4_K_M.gguf,5247.23,2.59038,0.0,0.0
1780414040.236199,mistral-7b-instruct-v0.2.Q4_K_M.gguf,5247.23,2.83702,0.0,0.0
1780414040.7427661,mistral-7b-instruct-v0.2.Q4_K_M.gguf,5247.23,2.7114499999999997,0.0,0.0
1780414041.249516,mistral-7b-instruct-v0.2.Q4_K_M.gguf,5247.23,2.7007600000000003,0.0,0.0
1780414041.755937,mistral-7b-instruct-v0.2.Q4_K_M.gguf,5247.23,2.63163,0.0,0.0
1780414044.005347,mistral-7b-instruct-v0.2.Q4_K_M.gguf,5247.12,2.22706,0.0,0.0
1780414044.5123708,mistral-7b-instruct-v0.2.Q4_K_M.gguf,5247.14,2.0178499999999997,0.0,0.0
1780414045.018602,mistral-7b-instruct-v0.2.Q4_K_M.gguf,5247.19,2.4559499999999996,0.0,0.0
1780414045.524862,mistral-7b-instruct-v0.2.Q4_K_M.gguf,5247.2,2.9267800000000004,0.0,0.0
1780414046.031926,mistral-7b-instruct-v0.2.Q4_K_M.gguf,5247.22,2.9711399999999997,0.0,0.0
1780414046.5385652,mistral-7b-instruct-v0.2.Q4_K_M.gguf,5247.23,2.9063600000000003,0.0,0.0
1780414047.04572,mistral-7b-instruct-v0.2.Q4_K_M.gguf,5247.23,2.70437,0.0,0.0
1780414047.552279,mistral-7b-instruct-v0.2.Q4_K_M.gguf,5247.22,2.71152,0.0,0.0
1780414048.0588741,mistral-7b-instruct-v0.2.Q4_K_M.gguf,5247.22,2.6780399999999998,0.0,0.0
1780414048.56531,mistral-7b-instruct-v0.2.Q4_K_M.gguf,5247.22,2.8322399999999996,0.0,0.0
1780414049.0716832,mistral-7b-instruct-v0.2.Q4_K_M.gguf,5247.22,2.83072,0.0,0.0
1780414049.5787678,mistral-7b-instruct-v0.2.Q4_K_M.gguf,5247.22,2.7125100000000004,0.0,0.0
1780414050.0856938,mistral-7b-instruct-v0.2.Q4_K_M.gguf,5247.22,2.64804,0.0,0.0
1780414050.591905,mistral-7b-instruct-v0.2.Q4_K_M.gguf,5247.22,2.5096,0.0,0.0
1780414051.098464,mistral-7b-instruct-v0.2.Q4_K_M.gguf,5247.22,2.5565700000000002,0.0,0.0
1780414051.6050692,mistral-7b-instruct-v0.2.Q4_K_M.gguf,5247.22,3.0076799999999997,0.0,0.0
1780414052.111707,mistral-7b-instruct-v0.2.Q4_K_M.gguf,5247.22,2.79555,0.0,0.0
1780414052.6181571,mistral-7b-instruct-v0.2.Q4_K_M.gguf,5247.22,2.76554,0.0,0.0
1780414053.1245482,mistral-7b-instruct-v0.2.Q4_K_M.gguf,5247.22,2.68623,0.0,0.0
1780414053.6311228,mistral-7b-instruct-v0.2.Q4_K_M.gguf,5247.22,2.67335,0.0,0.0
1780414054.137882,mistral-7b-instruct-v0.2.Q4_K_M.gguf,5247.22,2.80979,0.0,0.0
1780414054.644563,mistral-7b-instruct-v0.2.Q4_K_M.gguf,5247.22,2.63931,0.0,0.0
1780414055.150792,mistral-7b-instruct-v0.2.Q4_K_M.gguf,5247.22,2.66891,0.0,0.0
1780414055.657681,mistral-7b-instruct-v0.2.Q4_K_M.gguf,5247.22,2.6647399999999997,0.0,0.0
1780414056.1640441,mistral-7b-instruct-v0.2.Q4_K_M.gguf,5247.22,2.66582,0.0,0.0
1780414056.670624,mistral-7b-instruct-v0.2.Q4_K_M.gguf,5247.22,2.75423,0.0,0.0
1780414057.177064,mistral-7b-instruct-v0.2.Q4_K_M.gguf,5247.22,2.60112,0.0,0.0
1780414057.6837351,mistral-7b-instruct-v0.2.Q4_K_M.gguf,5247.22,2.7361999999999997,0.0,0.0
1780414058.190262,mistral-7b-instruct-v0.2.Q4_K_M.gguf,5247.22,2.7919099999999997,0.0,0.0
1780414058.696776,mistral-7b-instruct-v0.2.Q4_K_M.gguf,5247.22,2.59192,0.0,0.0
1780414059.216916,mistral-7b-instruct-v0.2.Q4_K_M.gguf,56.89,2.89391,0.0,0.0
1780414061.4169421,mistral-7b-instruct-v0.2.Q4_K_M.gguf,5248.75,3.1727,0.0,0.0
1780414061.923229,mistral-7b-instruct-v0.2.Q4_K_M.gguf,5248.75,2.38417,0.0,0.0
1780414062.4301262,mistral-7b-instruct-v0.2.Q4_K_M.gguf,5248.75,2.34814,0.0,0.0
1780414062.9365382,mistral-7b-instruct-v0.2.Q4_K_M.gguf,5248.75,2.50931,0.0,0.0
1780414063.443043,mistral-7b-instruct-v0.2.Q4_K_M.gguf,5248.75,2.74521,0.0,0.0
1780414063.949645,mistral-7b-instruct-v0.2.Q4_K_M.gguf,5248.75,2.73168,0.0,0.0
1780414064.456295,mistral-7b-instruct-v0.2.Q4_K_M.gguf,5248.77,2.83428,0.0,0.0
1780414064.963012,mistral-7b-instruct-v0.2.Q4_K_M.gguf,5248.77,2.59403,0.0,0.0
1780414065.469506,mistral-7b-instruct-v0.2.Q4_K_M.gguf,5248.72,2.82448,0.0,0.0
1780414065.97605,mistral-7b-instruct-v0.2.Q4_K_M.gguf,5248.72,2.68971,0.0,0.0
1780414066.483009,mistral-7b-instruct-v0.2.Q4_K_M.gguf,5248.72,2.71477,0.0,0.0
1780414066.989505,mistral-7b-instruct-v0.2.Q4_K_M.gguf,5248.72,2.67916,0.0,0.0
1780414067.496099,mistral-7b-instruct-v0.2.Q4_K_M.gguf,5248.72,2.64156,0.0,0.0
1780414068.0024698,mistral-7b-instruct-v0.2.Q4_K_M.gguf,5248.72,2.8723,0.0,0.0
1780414068.509074,mistral-7b-instruct-v0.2.Q4_K_M.gguf,5248.72,2.7237199999999997,0.0,0.0
1780414069.015656,mistral-7b-instruct-v0.2.Q4_K_M.gguf,5248.72,2.6799,0.0,0.0
1780414069.522103,mistral-7b-instruct-v0.2.Q4_K_M.gguf,5248.73,2.79799,0.0,0.0
1780414070.028727,mistral-7b-instruct-v0.2.Q4_K_M.gguf,5248.73,2.6487800000000004,0.0,0.0
1780414070.535049,mistral-7b-instruct-v0.2.Q4_K_M.gguf,5248.73,2.7206799999999998,0.0,0.0
1780414071.041717,mistral-7b-instruct-v0.2.Q4_K_M.gguf,5248.75,2.71027,0.0,0.0
1780414071.5482728,mistral-7b-instruct-v0.2.Q4_K_M.gguf,5248.77,2.7269200000000002,0.0,0.0
1780414072.0547268,mistral-7b-instruct-v0.2.Q4_K_M.gguf,5248.77,2.69088,0.0,0.0
1780414072.561311,mistral-7b-instruct-v0.2.Q4_K_M.gguf,5248.77,2.67673,0.0,0.0
1780414073.067988,mistral-7b-instruct-v0.2.Q4_K_M.gguf,5248.77,2.81144,0.0,0.0
1780414073.5742981,mistral-7b-instruct-v0.2.Q4_K_M.gguf,5248.77,2.65086,0.0,0.0
1780414074.080797,mistral-7b-instruct-v0.2.Q4_K_M.gguf,5248.77,2.6473,0.0,0.0
1780414074.587321,mistral-7b-instruct-v0.2.Q4_K_M.gguf,5248.77,2.76477,0.0,0.0
1780414075.094003,mistral-7b-instruct-v0.2.Q4_K_M.gguf,5248.77,2.70262,0.0,0.0
1780414075.60026,mistral-7b-instruct-v0.2.Q4_K_M.gguf,5248.77,2.60464,0.0,0.0
1780414076.107865,mistral-7b-instruct-v0.2.Q4_K_M.gguf,5248.77,2.83452,0.0,0.0
1780414078.359155,mistral-7b-instruct-v0.2.Q4_K_M.gguf,5248.75,2.6862,0.0,0.0
1780414078.865495,mistral-7b-instruct-v0.2.Q4_K_M.gguf,5248.75,1.93571,0.0,0.0
1780414079.3722298,mistral-7b-instruct-v0.2.Q4_K_M.gguf,5248.75,2.5105399999999998,0.0,0.0
1780414079.8783329,mistral-7b-instruct-v0.2.Q4_K_M.gguf,5248.75,2.6176999999999997,0.0,0.0
1780414080.38484,mistral-7b-instruct-v0.2.Q4_K_M.gguf,5248.75,2.9512199999999997,0.0,0.0
1780414080.891668,mistral-7b-instruct-v0.2.Q4_K_M.gguf,5248.75,2.9421500000000003,0.0,0.0
1780414081.398367,mistral-7b-instruct-v0.2.Q4_K_M.gguf,5248.75,2.85417,0.0,0.0
1780414081.904869,mistral-7b-instruct-v0.2.Q4_K_M.gguf,5248.73,2.61936,0.0,0.0
1780414082.410414,mistral-7b-instruct-v0.2.Q4_K_M.gguf,5248.73,2.6695900000000004,0.0,0.0
1780414082.916797,mistral-7b-instruct-v0.2.Q4_K_M.gguf,5248.75,2.69847,0.0,0.0
1780414083.4235368,mistral-7b-instruct-v0.2.Q4_K_M.gguf,5248.77,2.8051,0.0,0.0
1780414083.9301069,mistral-7b-instruct-v0.2.Q4_K_M.gguf,5248.77,2.56673,0.0,0.0
1780414084.436476,mistral-7b-instruct-v0.2.Q4_K_M.gguf,5248.77,2.68448,0.0,0.0
1780414084.94307,mistral-7b-instruct-v0.2.Q4_K_M.gguf,5248.77,2.72814,0.0,0.0
1780414085.4501681,mistral-7b-instruct-v0.2.Q4_K_M.gguf,5248.77,2.77611,0.0,0.0
1780414085.956463,mistral-7b-instruct-v0.2.Q4_K_M.gguf,5248.77,2.8014,0.0,0.0
1780414086.463236,mistral-7b-instruct-v0.2.Q4_K_M.gguf,5248.77,2.64134,0.0,0.0
1780414086.969749,mistral-7b-instruct-v0.2.Q4_K_M.gguf,5248.77,2.82544,0.0,0.0
1780414087.476341,mistral-7b-instruct-v0.2.Q4_K_M.gguf,5248.78,2.69915,0.0,0.0
1780414087.982968,mistral-7b-instruct-v0.2.Q4_K_M.gguf,5248.78,2.69531,0.0,0.0
1780414088.489516,mistral-7b-instruct-v0.2.Q4_K_M.gguf,5248.78,2.83238,0.0,0.0
1780414088.996048,mistral-7b-instruct-v0.2.Q4_K_M.gguf,5248.78,2.58019,0.0,0.0
1780414089.502858,mistral-7b-instruct-v0.2.Q4_K_M.gguf,5248.78,2.79348,0.0,0.0
1780414090.0096698,mistral-7b-instruct-v0.2.Q4_K_M.gguf,5248.78,2.58377,0.0,0.0
1780414090.515844,mistral-7b-instruct-v0.2.Q4_K_M.gguf,5248.78,2.60466,0.0,0.0
1780414091.0229461,mistral-7b-instruct-v0.2.Q4_K_M.gguf,5248.78,2.87064,0.0,0.0
1780414091.52949,mistral-7b-instruct-v0.2.Q4_K_M.gguf,5248.78,2.66758,0.0,0.0
1780414092.0364192,mistral-7b-instruct-v0.2.Q4_K_M.gguf,5248.78,2.84302,0.0,0.0
1780414092.542878,mistral-7b-instruct-v0.2.Q4_K_M.gguf,5248.78,2.68458,0.0,0.0
1780414093.049624,mistral-7b-instruct-v0.2.Q4_K_M.gguf,5248.78,2.5762899999999997,0.0,0.0
1780414095.32471,mistral-7b-instruct-v0.2.Q4_K_M.gguf,5249.09,2.40519,0.0,0.0
1780414095.831542,mistral-7b-instruct-v0.2.Q4_K_M.gguf,5249.14,2.06058,0.0,0.0
1780414096.338878,mistral-7b-instruct-v0.2.Q4_K_M.gguf,5249.16,2.5397399999999997,0.0,0.0
1780414096.8450089,mistral-7b-instruct-v0.2.Q4_K_M.gguf,5249.17,2.64855,0.0,0.0
1780414097.351563,mistral-7b-instruct-v0.2.Q4_K_M.gguf,5249.17,3.03612,0.0,0.0
1780414097.858613,mistral-7b-instruct-v0.2.Q4_K_M.gguf,5249.17,2.87445,0.0,0.0
1780414098.364894,mistral-7b-instruct-v0.2.Q4_K_M.gguf,5249.17,2.69605,0.0,0.0
1780414098.871259,mistral-7b-instruct-v0.2.Q4_K_M.gguf,5249.16,2.63549,0.0,0.0
1780414099.377874,mistral-7b-instruct-v0.2.Q4_K_M.gguf,5249.16,2.71721,0.0,0.0
1780414099.884174,mistral-7b-instruct-v0.2.Q4_K_M.gguf,5249.16,2.75454,0.0,0.0
1780414100.391042,mistral-7b-instruct-v0.2.Q4_K_M.gguf,5249.16,2.75157,0.0,0.0
1780414100.897843,mistral-7b-instruct-v0.2.Q4_K_M.gguf,5249.16,2.50807,0.0,0.0
1780414101.404285,mistral-7b-instruct-v0.2.Q4_K_M.gguf,5249.16,2.60479,0.0,0.0
1780414101.910672,mistral-7b-instruct-v0.2.Q4_K_M.gguf,5249.16,2.78465,0.0,0.0
1780414102.417093,mistral-7b-instruct-v0.2.Q4_K_M.gguf,5249.16,2.99875,0.0,0.0
1780414102.923616,mistral-7b-instruct-v0.2.Q4_K_M.gguf,5249.16,2.8194899999999996,0.0,0.0
1780414103.4302511,mistral-7b-instruct-v0.2.Q4_K_M.gguf,5249.16,2.71338,0.0,0.0
1780414103.9367082,mistral-7b-instruct-v0.2.Q4_K_M.gguf,5249.17,2.70696,0.0,0.0
1780414104.4431932,mistral-7b-instruct-v0.2.Q4_K_M.gguf,5249.17,2.6486199999999998,0.0,0.0
1780414104.949884,mistral-7b-instruct-v0.2.Q4_K_M.gguf,5249.19,2.6026,0.0,0.0
1780414105.456325,mistral-7b-instruct-v0.2.Q4_K_M.gguf,5249.19,2.8329299999999997,0.0,0.0
1780414105.964015,mistral-7b-instruct-v0.2.Q4_K_M.gguf,5249.19,2.6607399999999997,0.0,0.0
1780414106.470256,mistral-7b-instruct-v0.2.Q4_K_M.gguf,5249.19,2.60254,0.0,0.0
1780414106.976898,mistral-7b-instruct-v0.2.Q4_K_M.gguf,5249.19,2.5684,0.0,0.0
1780414107.483202,mistral-7b-instruct-v0.2.Q4_K_M.gguf,5249.19,2.78748,0.0,0.0
1780414107.989679,mistral-7b-instruct-v0.2.Q4_K_M.gguf,5249.19,2.93759,0.0,0.0
1780414108.4962811,mistral-7b-instruct-v0.2.Q4_K_M.gguf,5249.19,2.80953,0.0,0.0
1780414109.002822,mistral-7b-instruct-v0.2.Q4_K_M.gguf,5249.19,2.8034899999999996,0.0,0.0
1780414109.5093188,mistral-7b-instruct-v0.2.Q4_K_M.gguf,5249.19,2.51502,0.0,0.0
1780414110.015664,mistral-7b-instruct-v0.2.Q4_K_M.gguf,5249.19,2.66341,0.0,0.0
1780414112.244697,mistral-7b-instruct-v0.2.Q4_K_M.gguf,5247.48,1.9160899999999998,0.0,0.0
1780414112.7508202,mistral-7b-instruct-v0.2.Q4_K_M.gguf,5247.5,1.90199,0.0,0.0
1780414113.258206,mistral-7b-instruct-v0.2.Q4_K_M.gguf,5247.55,2.80889,0.0,0.0
1780414113.764412,mistral-7b-instruct-v0.2.Q4_K_M.gguf,5247.56,3.0342,0.0,0.0
1780414114.270837,mistral-7b-instruct-v0.2.Q4_K_M.gguf,5247.58,2.82425,0.0,0.0
1780414114.777745,mistral-7b-instruct-v0.2.Q4_K_M.gguf,5247.58,2.81632,0.0,0.0
1780414115.284631,mistral-7b-instruct-v0.2.Q4_K_M.gguf,5247.58,2.7082800000000002,0.0,0.0
1780414115.790976,mistral-7b-instruct-v0.2.Q4_K_M.gguf,5247.56,2.65177,0.0,0.0
1780414116.2976298,mistral-7b-instruct-v0.2.Q4_K_M.gguf,5247.56,2.73596,0.0,0.0
1780414116.805187,mistral-7b-instruct-v0.2.Q4_K_M.gguf,5247.56,2.80789,0.0,0.0
1780414117.3137112,mistral-7b-instruct-v0.2.Q4_K_M.gguf,5247.56,3.06142,0.0,0.0
1780414117.821672,mistral-7b-instruct-v0.2.Q4_K_M.gguf,5247.58,2.44286,0.0,0.0
1780414118.327717,mistral-7b-instruct-v0.2.Q4_K_M.gguf,5247.58,2.4797399999999996,0.0,0.0
1780414118.8344178,mistral-7b-instruct-v0.2.Q4_K_M.gguf,5247.58,2.75055,0.0,0.0
1780414119.341055,mistral-7b-instruct-v0.2.Q4_K_M.gguf,5247.58,2.8949000000000003,0.0,0.0
1780414119.848329,mistral-7b-instruct-v0.2.Q4_K_M.gguf,5247.58,2.6944899999999996,0.0,0.0
1780414120.3548229,mistral-7b-instruct-v0.2.Q4_K_M.gguf,5247.58,2.70306,0.0,0.0
1780414120.861278,mistral-7b-instruct-v0.2.Q4_K_M.gguf,5247.58,2.60679,0.0,0.0
1780414121.367755,mistral-7b-instruct-v0.2.Q4_K_M.gguf,5247.58,2.82393,0.0,0.0
1780414121.874482,mistral-7b-instruct-v0.2.Q4_K_M.gguf,5247.58,2.7220500000000003,0.0,0.0
1780414122.380996,mistral-7b-instruct-v0.2.Q4_K_M.gguf,5247.59,2.57775,0.0,0.0
1780414122.887748,mistral-7b-instruct-v0.2.Q4_K_M.gguf,5247.59,2.696,0.0,0.0
1780414123.394192,mistral-7b-instruct-v0.2.Q4_K_M.gguf,5247.59,2.68091,0.0,0.0
1780414123.9008892,mistral-7b-instruct-v0.2.Q4_K_M.gguf,5247.59,2.89172,0.0,0.0
1780414124.4072971,mistral-7b-instruct-v0.2.Q4_K_M.gguf,5247.59,2.61573,0.0,0.0
1780414124.91388,mistral-7b-instruct-v0.2.Q4_K_M.gguf,5247.59,2.72987,0.0,0.0
1780414125.420276,mistral-7b-instruct-v0.2.Q4_K_M.gguf,5247.59,2.83312,0.0,0.0
1780414125.927596,mistral-7b-instruct-v0.2.Q4_K_M.gguf,5247.59,2.67673,0.0,0.0
1780414126.433949,mistral-7b-instruct-v0.2.Q4_K_M.gguf,5247.59,2.64222,0.0,0.0
1780414126.9426591,mistral-7b-instruct-v0.2.Q4_K_M.gguf,5247.59,2.70104,0.0,0.0
1780414127.450892,mistral-7b-instruct-v0.2.Q4_K_M.gguf,5247.59,3.27396,0.0,0.0
1780414127.971154,mistral-7b-instruct-v0.2.Q4_K_M.gguf,57.23,3.18155,0.0,0.0
1780414153.188145,Mistral-7B-Instruct-v0.3-Q5_K_M.gguf,5023.0,4.78825,0.0,0.0
1780414153.694387,Mistral-7B-Instruct-v0.3-Q5_K_M.gguf,5023.08,3.0807800000000003,0.0,0.0
1780414154.2011101,Mistral-7B-Instruct-v0.3-Q5_K_M.gguf,5023.08,2.61978,0.0,0.0
1780414154.708643,Mistral-7B-Instruct-v0.3-Q5_K_M.gguf,5023.09,2.81277,0.0,0.0
1780414155.2151191,Mistral-7B-Instruct-v0.3-Q5_K_M.gguf,5023.11,2.76532,0.0,0.0
1780414155.721817,Mistral-7B-Instruct-v0.3-Q5_K_M.gguf,5023.11,3.24107,0.0,0.0
1780414156.2287092,Mistral-7B-Instruct-v0.3-Q5_K_M.gguf,5023.11,3.11374,0.0,0.0
1780414156.7356858,Mistral-7B-Instruct-v0.3-Q5_K_M.gguf,5023.11,3.4987199999999996,0.0,0.0
1780414157.242753,Mistral-7B-Instruct-v0.3-Q5_K_M.gguf,5023.09,3.30119,0.0,0.0
1780414157.749538,Mistral-7B-Instruct-v0.3-Q5_K_M.gguf,5023.09,3.01973,0.0,0.0
1780414158.255975,Mistral-7B-Instruct-v0.3-Q5_K_M.gguf,5023.09,3.27664,0.0,0.0
1780414158.762483,Mistral-7B-Instruct-v0.3-Q5_K_M.gguf,5023.09,3.27127,0.0,0.0
1780414159.26929,Mistral-7B-Instruct-v0.3-Q5_K_M.gguf,5023.09,3.3219000000000003,0.0,0.0
1780414159.7758908,Mistral-7B-Instruct-v0.3-Q5_K_M.gguf,5023.09,3.26552,0.0,0.0
1780414160.2821581,Mistral-7B-Instruct-v0.3-Q5_K_M.gguf,5023.09,3.14555,0.0,0.0
1780414160.7892401,Mistral-7B-Instruct-v0.3-Q5_K_M.gguf,5023.09,3.10146,0.0,0.0
1780414161.295157,Mistral-7B-Instruct-v0.3-Q5_K_M.gguf,5023.09,3.12617,0.0,0.0
1780414161.8017,Mistral-7B-Instruct-v0.3-Q5_K_M.gguf,5023.09,3.37632,0.0,0.0
1780414162.308446,Mistral-7B-Instruct-v0.3-Q5_K_M.gguf,5023.09,3.3222300000000002,0.0,0.0
1780414162.815003,Mistral-7B-Instruct-v0.3-Q5_K_M.gguf,5023.09,3.17034,0.0,0.0
1780414163.321569,Mistral-7B-Instruct-v0.3-Q5_K_M.gguf,5023.09,3.35397,0.0,0.0
1780414163.8281322,Mistral-7B-Instruct-v0.3-Q5_K_M.gguf,5023.09,3.15794,0.0,0.0
1780414164.334901,Mistral-7B-Instruct-v0.3-Q5_K_M.gguf,5023.09,3.25887,0.0,0.0
1780414164.841272,Mistral-7B-Instruct-v0.3-Q5_K_M.gguf,5023.09,2.9435100000000003,0.0,0.0
1780414165.347863,Mistral-7B-Instruct-v0.3-Q5_K_M.gguf,5023.09,3.20708,0.0,0.0
1780414165.855357,Mistral-7B-Instruct-v0.3-Q5_K_M.gguf,5023.09,3.35877,0.0,0.0
1780414166.3618839,Mistral-7B-Instruct-v0.3-Q5_K_M.gguf,5023.09,3.09318,0.0,0.0
1780414166.8684769,Mistral-7B-Instruct-v0.3-Q5_K_M.gguf,5023.09,3.07798,0.0,0.0
1780414167.3749251,Mistral-7B-Instruct-v0.3-Q5_K_M.gguf,5023.09,3.24275,0.0,0.0
1780414167.8816981,Mistral-7B-Instruct-v0.3-Q5_K_M.gguf,5023.09,3.36531,0.0,0.0
1780414168.388618,Mistral-7B-Instruct-v0.3-Q5_K_M.gguf,5023.09,3.34989,0.0,0.0
1780414168.895067,Mistral-7B-Instruct-v0.3-Q5_K_M.gguf,5023.09,3.21067,0.0,0.0
1780414169.4017658,Mistral-7B-Instruct-v0.3-Q5_K_M.gguf,5023.09,3.19828,0.0,0.0
1780414169.9085262,Mistral-7B-Instruct-v0.3-Q5_K_M.gguf,5023.09,3.14112,0.0,0.0
1780414170.415147,Mistral-7B-Instruct-v0.3-Q5_K_M.gguf,5023.09,2.42931,0.0,0.0
1780414170.9215412,Mistral-7B-Instruct-v0.3-Q5_K_M.gguf,5023.09,2.94865,0.0,0.0
1780414171.4280498,Mistral-7B-Instruct-v0.3-Q5_K_M.gguf,5023.09,3.6114,0.0,0.0
1780414171.935425,Mistral-7B-Instruct-v0.3-Q5_K_M.gguf,5023.11,3.7526599999999997,0.0,0.0
1780414172.441876,Mistral-7B-Instruct-v0.3-Q5_K_M.gguf,5023.11,3.35039,0.0,0.0
1780414172.948529,Mistral-7B-Instruct-v0.3-Q5_K_M.gguf,5023.11,3.1743,0.0,0.0
1780414173.455025,Mistral-7B-Instruct-v0.3-Q5_K_M.gguf,5023.11,3.1441399999999997,0.0,0.0
1780414173.963745,Mistral-7B-Instruct-v0.3-Q5_K_M.gguf,62.25,3.16129,0.0,0.0
1780414175.7491689,Mistral-7B-Instruct-v0.3-Q5_K_M.gguf,5020.7,2.75385,0.0,0.0
1780414176.255061,Mistral-7B-Instruct-v0.3-Q5_K_M.gguf,5020.7,2.25184,0.0,0.0
1780414176.761317,Mistral-7B-Instruct-v0.3-Q5_K_M.gguf,5020.72,2.27876,0.0,0.0
1780414177.2682781,Mistral-7B-Instruct-v0.3-Q5_K_M.gguf,5020.72,3.3380199999999998,0.0,0.0
1780414177.774848,Mistral-7B-Instruct-v0.3-Q5_K_M.gguf,5020.72,3.3863499999999997,0.0,0.0
1780414178.2813172,Mistral-7B-Instruct-v0.3-Q5_K_M.gguf,5020.72,3.42304,0.0,0.0
1780414178.787936,Mistral-7B-Instruct-v0.3-Q5_K_M.gguf,5020.72,3.36551,0.0,0.0
1780414179.294647,Mistral-7B-Instruct-v0.3-Q5_K_M.gguf,5020.7,3.33031,0.0,0.0
1780414179.8011541,Mistral-7B-Instruct-v0.3-Q5_K_M.gguf,5020.7,3.18555,0.0,0.0
1780414180.307921,Mistral-7B-Instruct-v0.3-Q5_K_M.gguf,5020.7,3.18428,0.0,0.0
1780414180.814263,Mistral-7B-Instruct-v0.3-Q5_K_M.gguf,5020.7,3.15416,0.0,0.0
1780414181.320904,Mistral-7B-Instruct-v0.3-Q5_K_M.gguf,5020.7,3.22377,0.0,0.0
1780414181.827339,Mistral-7B-Instruct-v0.3-Q5_K_M.gguf,5020.7,2.95357,0.0,0.0
1780414182.3340428,Mistral-7B-Instruct-v0.3-Q5_K_M.gguf,5020.7,3.1879299999999997,0.0,0.0
1780414182.8406742,Mistral-7B-Instruct-v0.3-Q5_K_M.gguf,5020.7,3.30138,0.0,0.0
1780414183.347492,Mistral-7B-Instruct-v0.3-Q5_K_M.gguf,5020.7,3.21072,0.0,0.0
1780414183.853905,Mistral-7B-Instruct-v0.3-Q5_K_M.gguf,5020.7,3.1242199999999998,0.0,0.0
1780414184.360362,Mistral-7B-Instruct-v0.3-Q5_K_M.gguf,5020.7,3.17189,0.0,0.0
1780414184.867223,Mistral-7B-Instruct-v0.3-Q5_K_M.gguf,5020.7,3.17631,0.0,0.0
1780414185.3737879,Mistral-7B-Instruct-v0.3-Q5_K_M.gguf,5020.7,3.28555,0.0,0.0
1780414185.880342,Mistral-7B-Instruct-v0.3-Q5_K_M.gguf,5020.7,3.07618,0.0,0.0
1780414186.386857,Mistral-7B-Instruct-v0.3-Q5_K_M.gguf,5020.7,3.0307,0.0,0.0
1780414186.893365,Mistral-7B-Instruct-v0.3-Q5_K_M.gguf,5020.7,3.06331,0.0,0.0
1780414187.4003441,Mistral-7B-Instruct-v0.3-Q5_K_M.gguf,5020.7,3.26352,0.0,0.0
1780414187.906849,Mistral-7B-Instruct-v0.3-Q5_K_M.gguf,5020.7,3.36371,0.0,0.0
1780414188.413513,Mistral-7B-Instruct-v0.3-Q5_K_M.gguf,5020.7,3.14346,0.0,0.0
1780414188.920087,Mistral-7B-Instruct-v0.3-Q5_K_M.gguf,5020.7,3.25251,0.0,0.0
1780414189.426562,Mistral-7B-Instruct-v0.3-Q5_K_M.gguf,5020.72,3.17521,0.0,0.0
1780414189.933193,Mistral-7B-Instruct-v0.3-Q5_K_M.gguf,5020.72,3.17044,0.0,0.0
1780414190.4397252,Mistral-7B-Instruct-v0.3-Q5_K_M.gguf,5020.73,3.23625,0.0,0.0
1780414190.946181,Mistral-7B-Instruct-v0.3-Q5_K_M.gguf,5020.73,3.13279,0.0,0.0
1780414191.452838,Mistral-7B-Instruct-v0.3-Q5_K_M.gguf,5020.73,3.15253,0.0,0.0
1780414191.95984,Mistral-7B-Instruct-v0.3-Q5_K_M.gguf,5020.73,3.1710100000000003,0.0,0.0
1780414192.466677,Mistral-7B-Instruct-v0.3-Q5_K_M.gguf,5020.73,2.99206,0.0,0.0
1780414192.972797,Mistral-7B-Instruct-v0.3-Q5_K_M.gguf,5020.73,3.18598,0.0,0.0
1780414193.47944,Mistral-7B-Instruct-v0.3-Q5_K_M.gguf,5020.73,3.26469,0.0,0.0
1780414193.986146,Mistral-7B-Instruct-v0.3-Q5_K_M.gguf,5020.73,3.2161999999999997,0.0,0.0
1780414194.492539,Mistral-7B-Instruct-v0.3-Q5_K_M.gguf,5020.73,3.0634,0.0,0.0
1780414194.999382,Mistral-7B-Instruct-v0.3-Q5_K_M.gguf,5020.73,3.14448,0.0,0.0
1780414195.505997,Mistral-7B-Instruct-v0.3-Q5_K_M.gguf,5020.73,3.25214,0.0,0.0
1780414196.0134661,Mistral-7B-Instruct-v0.3-Q5_K_M.gguf,5020.73,3.15075,0.0,0.0
1780414196.5203872,Mistral-7B-Instruct-v0.3-Q5_K_M.gguf,5020.73,3.02377,0.0,0.0
1780414198.808887,Mistral-7B-Instruct-v0.3-Q5_K_M.gguf,5020.53,3.24597,0.0,0.0
1780414199.316677,Mistral-7B-Instruct-v0.3-Q5_K_M.gguf,5020.55,2.59747,0.0,0.0
1780414199.821456,Mistral-7B-Instruct-v0.3-Q5_K_M.gguf,5020.55,2.88698,0.0,0.0
1780414200.32851,Mistral-7B-Instruct-v0.3-Q5_K_M.gguf,5020.56,2.9952199999999998,0.0,0.0
1780414200.83569,Mistral-7B-Instruct-v0.3-Q5_K_M.gguf,5020.56,3.03869,0.0,0.0
1780414201.341604,Mistral-7B-Instruct-v0.3-Q5_K_M.gguf,5020.56,2.91196,0.0,0.0
1780414201.8484921,Mistral-7B-Instruct-v0.3-Q5_K_M.gguf,5020.56,3.18596,0.0,0.0
1780414202.355157,Mistral-7B-Instruct-v0.3-Q5_K_M.gguf,5020.52,3.4758299999999998,0.0,0.0
1780414202.861483,Mistral-7B-Instruct-v0.3-Q5_K_M.gguf,5020.52,3.11769,0.0,0.0
1780414203.368314,Mistral-7B-Instruct-v0.3-Q5_K_M.gguf,5020.52,3.33145,0.0,0.0
1780414203.8746932,Mistral-7B-Instruct-v0.3-Q5_K_M.gguf,5020.52,3.31734,0.0,0.0
1780414204.381705,Mistral-7B-Instruct-v0.3-Q5_K_M.gguf,5020.52,3.18742,0.0,0.0
1780414204.888439,Mistral-7B-Instruct-v0.3-Q5_K_M.gguf,5020.52,3.0382399999999996,0.0,0.0
1780414205.3948538,Mistral-7B-Instruct-v0.3-Q5_K_M.gguf,5020.52,3.05971,0.0,0.0
1780414205.9014568,Mistral-7B-Instruct-v0.3-Q5_K_M.gguf,5020.52,3.34659,0.0,0.0
1780414206.408127,Mistral-7B-Instruct-v0.3-Q5_K_M.gguf,5020.52,3.15742,0.0,0.0
1780414206.91473,Mistral-7B-Instruct-v0.3-Q5_K_M.gguf,5020.52,3.09679,0.0,0.0
1780414207.4215171,Mistral-7B-Instruct-v0.3-Q5_K_M.gguf,5020.52,3.1804200000000002,0.0,0.0
1780414207.9287858,Mistral-7B-Instruct-v0.3-Q5_K_M.gguf,5020.52,3.1677199999999996,0.0,0.0
1780414208.435958,Mistral-7B-Instruct-v0.3-Q5_K_M.gguf,5020.52,3.19616,0.0,0.0
1780414208.94289,Mistral-7B-Instruct-v0.3-Q5_K_M.gguf,5020.52,2.77982,0.0,0.0
1780414209.4494941,Mistral-7B-Instruct-v0.3-Q5_K_M.gguf,5020.52,3.30621,0.0,0.0
1780414209.956107,Mistral-7B-Instruct-v0.3-Q5_K_M.gguf,5020.52,3.41791,0.0,0.0
1780414210.462652,Mistral-7B-Instruct-v0.3-Q5_K_M.gguf,5020.52,3.27794,0.0,0.0
1780414210.969496,Mistral-7B-Instruct-v0.3-Q5_K_M.gguf,5020.52,3.2665300000000004,0.0,0.0
1780414211.475932,Mistral-7B-Instruct-v0.3-Q5_K_M.gguf,5020.52,3.05017,0.0,0.0
1780414211.982629,Mistral-7B-Instruct-v0.3-Q5_K_M.gguf,5020.52,3.13371,0.0,0.0
1780414212.489255,Mistral-7B-Instruct-v0.3-Q5_K_M.gguf,5020.52,3.21387,0.0,0.0
1780414212.995944,Mistral-7B-Instruct-v0.3-Q5_K_M.gguf,5020.52,3.11448,0.0,0.0
1780414213.502474,Mistral-7B-Instruct-v0.3-Q5_K_M.gguf,5020.52,3.02791,0.0,0.0
1780414214.008916,Mistral-7B-Instruct-v0.3-Q5_K_M.gguf,5020.52,2.98249,0.0,0.0
1780414214.5155041,Mistral-7B-Instruct-v0.3-Q5_K_M.gguf,5020.52,3.2508000000000004,0.0,0.0
1780414215.022398,Mistral-7B-Instruct-v0.3-Q5_K_M.gguf,5020.55,3.31407,0.0,0.0
1780414215.530004,Mistral-7B-Instruct-v0.3-Q5_K_M.gguf,5020.55,2.95263,0.0,0.0
1780414216.0364501,Mistral-7B-Instruct-v0.3-Q5_K_M.gguf,5020.55,2.9971900000000002,0.0,0.0
1780414216.543307,Mistral-7B-Instruct-v0.3-Q5_K_M.gguf,5020.55,3.18152,0.0,0.0
1780414217.05025,Mistral-7B-Instruct-v0.3-Q5_K_M.gguf,5020.55,3.36856,0.0,0.0
1780414217.5567942,Mistral-7B-Instruct-v0.3-Q5_K_M.gguf,5020.55,3.31627,0.0,0.0
1780414218.064137,Mistral-7B-Instruct-v0.3-Q5_K_M.gguf,5020.55,3.1317,0.0,0.0
1780414218.5718458,Mistral-7B-Instruct-v0.3-Q5_K_M.gguf,5020.55,3.13841,0.0,0.0
1780414219.0784068,Mistral-7B-Instruct-v0.3-Q5_K_M.gguf,5020.55,2.91013,0.0,0.0
1780414219.58494,Mistral-7B-Instruct-v0.3-Q5_K_M.gguf,5020.55,2.75493,0.0,0.0
1780414221.84103,Mistral-7B-Instruct-v0.3-Q5_K_M.gguf,5019.86,2.77893,0.0,0.0
1780414222.343261,Mistral-7B-Instruct-v0.3-Q5_K_M.gguf,5019.86,2.14013,0.0,0.0
1780414222.849808,Mistral-7B-Instruct-v0.3-Q5_K_M.gguf,5019.91,2.615,0.0,0.0
1780414223.356938,Mistral-7B-Instruct-v0.3-Q5_K_M.gguf,5019.91,3.22884,0.0,0.0
1780414223.863371,Mistral-7B-Instruct-v0.3-Q5_K_M.gguf,5019.92,3.03854,0.0,0.0
1780414224.369835,Mistral-7B-Instruct-v0.3-Q5_K_M.gguf,5019.94,3.26971,0.0,0.0
1780414224.87606,Mistral-7B-Instruct-v0.3-Q5_K_M.gguf,5019.94,3.18027,0.0,0.0
1780414225.382715,Mistral-7B-Instruct-v0.3-Q5_K_M.gguf,5019.89,2.66536,0.0,0.0
1780414225.890016,Mistral-7B-Instruct-v0.3-Q5_K_M.gguf,5019.89,3.4115900000000003,0.0,0.0
1780414226.396755,Mistral-7B-Instruct-v0.3-Q5_K_M.gguf,5019.89,3.2705100000000003,0.0,0.0
1780414226.903359,Mistral-7B-Instruct-v0.3-Q5_K_M.gguf,5019.89,3.3290300000000004,0.0,0.0
1780414227.410624,Mistral-7B-Instruct-v0.3-Q5_K_M.gguf,5019.89,3.21173,0.0,0.0
1780414227.9173682,Mistral-7B-Instruct-v0.3-Q5_K_M.gguf,5019.89,2.87518,0.0,0.0
1780414228.4236941,Mistral-7B-Instruct-v0.3-Q5_K_M.gguf,5019.89,3.17535,0.0,0.0
1780414228.930824,Mistral-7B-Instruct-v0.3-Q5_K_M.gguf,5019.89,3.15086,0.0,0.0
1780414229.437121,Mistral-7B-Instruct-v0.3-Q5_K_M.gguf,5019.89,2.97934,0.0,0.0
1780414229.943445,Mistral-7B-Instruct-v0.3-Q5_K_M.gguf,5019.89,3.31965,0.0,0.0
1780414230.4499478,Mistral-7B-Instruct-v0.3-Q5_K_M.gguf,5019.89,3.38302,0.0,0.0
1780414230.9565198,Mistral-7B-Instruct-v0.3-Q5_K_M.gguf,5019.89,3.37358,0.0,0.0
1780414231.463053,Mistral-7B-Instruct-v0.3-Q5_K_M.gguf,5019.89,3.1403600000000003,0.0,0.0
1780414231.9698088,Mistral-7B-Instruct-v0.3-Q5_K_M.gguf,5019.89,3.2867800000000003,0.0,0.0
1780414232.476328,Mistral-7B-Instruct-v0.3-Q5_K_M.gguf,5019.89,2.90212,0.0,0.0
1780414232.982992,Mistral-7B-Instruct-v0.3-Q5_K_M.gguf,5019.89,3.14775,0.0,0.0
1780414233.489558,Mistral-7B-Instruct-v0.3-Q5_K_M.gguf,5019.89,3.21414,0.0,0.0
1780414233.996395,Mistral-7B-Instruct-v0.3-Q5_K_M.gguf,5019.89,3.08086,0.0,0.0
1780414234.502917,Mistral-7B-Instruct-v0.3-Q5_K_M.gguf,5019.89,3.05934,0.0,0.0
1780414235.0097501,Mistral-7B-Instruct-v0.3-Q5_K_M.gguf,5019.89,3.1064499999999997,0.0,0.0
1780414235.516396,Mistral-7B-Instruct-v0.3-Q5_K_M.gguf,5019.89,2.95709,0.0,0.0
1780414236.023147,Mistral-7B-Instruct-v0.3-Q5_K_M.gguf,5019.89,3.27452,0.0,0.0
1780414236.529866,Mistral-7B-Instruct-v0.3-Q5_K_M.gguf,5019.89,3.13197,0.0,0.0
1780414237.036476,Mistral-7B-Instruct-v0.3-Q5_K_M.gguf,5019.89,3.0267399999999998,0.0,0.0
1780414237.544288,Mistral-7B-Instruct-v0.3-Q5_K_M.gguf,5019.89,3.08479,0.0,0.0
1780414238.050425,Mistral-7B-Instruct-v0.3-Q5_K_M.gguf,5019.89,3.14994,0.0,0.0
1780414238.557648,Mistral-7B-Instruct-v0.3-Q5_K_M.gguf,5019.89,3.30396,0.0,0.0
1780414239.064839,Mistral-7B-Instruct-v0.3-Q5_K_M.gguf,5019.89,2.97247,0.0,0.0
1780414239.571121,Mistral-7B-Instruct-v0.3-Q5_K_M.gguf,5019.89,2.96396,0.0,0.0
1780414240.078488,Mistral-7B-Instruct-v0.3-Q5_K_M.gguf,5019.89,3.30885,0.0,0.0
1780414240.58465,Mistral-7B-Instruct-v0.3-Q5_K_M.gguf,5019.89,3.55889,0.0,0.0
1780414241.0911438,Mistral-7B-Instruct-v0.3-Q5_K_M.gguf,5019.89,3.23899,0.0,0.0
1780414241.59777,Mistral-7B-Instruct-v0.3-Q5_K_M.gguf,5019.89,3.18967,0.0,0.0
1780414242.104373,Mistral-7B-Instruct-v0.3-Q5_K_M.gguf,5019.89,3.20973,0.0,0.0
1780414242.610952,Mistral-7B-Instruct-v0.3-Q5_K_M.gguf,5019.89,2.94334,0.0,0.0
1780414243.119776,Mistral-7B-Instruct-v0.3-Q5_K_M.gguf,57.52,3.06735,0.0,0.0
1780414245.3691158,Mistral-7B-Instruct-v0.3-Q5_K_M.gguf,5018.73,3.67131,0.0,0.0
1780414245.875929,Mistral-7B-Instruct-v0.3-Q5_K_M.gguf,5018.77,3.14928,0.0,0.0
1780414246.383423,Mistral-7B-Instruct-v0.3-Q5_K_M.gguf,5018.81,2.5935799999999998,0.0,0.0
1780414246.89017,Mistral-7B-Instruct-v0.3-Q5_K_M.gguf,5018.83,2.69234,0.0,0.0
1780414247.3967628,Mistral-7B-Instruct-v0.3-Q5_K_M.gguf,5018.83,2.7769,0.0,0.0
1780414247.9033878,Mistral-7B-Instruct-v0.3-Q5_K_M.gguf,5018.84,3.40144,0.0,0.0
1780414248.40976,Mistral-7B-Instruct-v0.3-Q5_K_M.gguf,5018.84,3.3568800000000003,0.0,0.0
1780414248.9168088,Mistral-7B-Instruct-v0.3-Q5_K_M.gguf,5018.83,3.20144,0.0,0.0
1780414249.423378,Mistral-7B-Instruct-v0.3-Q5_K_M.gguf,5018.83,3.07033,0.0,0.0
1780414249.929953,Mistral-7B-Instruct-v0.3-Q5_K_M.gguf,5018.83,3.05961,0.0,0.0
1780414250.436765,Mistral-7B-Instruct-v0.3-Q5_K_M.gguf,5018.83,3.3184,0.0,0.0
1780414250.9442759,Mistral-7B-Instruct-v0.3-Q5_K_M.gguf,5018.83,3.13809,0.0,0.0
1780414251.4508119,Mistral-7B-Instruct-v0.3-Q5_K_M.gguf,5018.83,2.86292,0.0,0.0
1780414251.957247,Mistral-7B-Instruct-v0.3-Q5_K_M.gguf,5018.84,3.15935,0.0,0.0
1780414252.463735,Mistral-7B-Instruct-v0.3-Q5_K_M.gguf,5018.84,3.26,0.0,0.0
1780414252.970657,Mistral-7B-Instruct-v0.3-Q5_K_M.gguf,5018.84,3.36382,0.0,0.0
1780414253.477064,Mistral-7B-Instruct-v0.3-Q5_K_M.gguf,5018.84,3.07821,0.0,0.0
1780414253.983893,Mistral-7B-Instruct-v0.3-Q5_K_M.gguf,5018.84,3.1228800000000003,0.0,0.0
1780414254.490578,Mistral-7B-Instruct-v0.3-Q5_K_M.gguf,5018.84,3.21044,0.0,0.0
1780414254.9976199,Mistral-7B-Instruct-v0.3-Q5_K_M.gguf,5018.84,2.9695300000000002,0.0,0.0
1780414255.5041769,Mistral-7B-Instruct-v0.3-Q5_K_M.gguf,5018.84,3.1438099999999998,0.0,0.0
1780414256.0113559,Mistral-7B-Instruct-v0.3-Q5_K_M.gguf,5018.84,3.0870900000000003,0.0,0.0
1780414256.518404,Mistral-7B-Instruct-v0.3-Q5_K_M.gguf,5018.84,3.0776999999999997,0.0,0.0
1780414257.0255392,Mistral-7B-Instruct-v0.3-Q5_K_M.gguf,5018.84,3.15624,0.0,0.0
1780414257.5319512,Mistral-7B-Instruct-v0.3-Q5_K_M.gguf,5018.84,2.8066999999999998,0.0,0.0
1780414258.0385752,Mistral-7B-Instruct-v0.3-Q5_K_M.gguf,5018.84,3.37635,0.0,0.0
1780414258.545318,Mistral-7B-Instruct-v0.3-Q5_K_M.gguf,5018.84,3.21307,0.0,0.0
1780414259.051836,Mistral-7B-Instruct-v0.3-Q5_K_M.gguf,5018.84,2.5339099999999997,0.0,0.0
1780414259.5588381,Mistral-7B-Instruct-v0.3-Q5_K_M.gguf,5018.84,2.89315,0.0,0.0
1780414260.066037,Mistral-7B-Instruct-v0.3-Q5_K_M.gguf,5018.84,3.28058,0.0,0.0
1780414260.572566,Mistral-7B-Instruct-v0.3-Q5_K_M.gguf,5018.84,3.5277600000000002,0.0,0.0
1780414261.079154,Mistral-7B-Instruct-v0.3-Q5_K_M.gguf,5018.84,3.23957,0.0,0.0
1780414261.5859551,Mistral-7B-Instruct-v0.3-Q5_K_M.gguf,5018.84,3.4861,0.0,0.0
1780414262.092302,Mistral-7B-Instruct-v0.3-Q5_K_M.gguf,5018.84,3.0885599999999998,0.0,0.0
1780414262.598989,Mistral-7B-Instruct-v0.3-Q5_K_M.gguf,5018.86,3.16021,0.0,0.0
1780414263.105526,Mistral-7B-Instruct-v0.3-Q5_K_M.gguf,5018.86,3.2319899999999997,0.0,0.0
1780414263.612326,Mistral-7B-Instruct-v0.3-Q5_K_M.gguf,5018.86,3.0311500000000002,0.0,0.0
1780414264.1190028,Mistral-7B-Instruct-v0.3-Q5_K_M.gguf,5018.86,3.03862,0.0,0.0
1780414264.6254342,Mistral-7B-Instruct-v0.3-Q5_K_M.gguf,5018.86,3.04663,0.0,0.0
1780414265.132141,Mistral-7B-Instruct-v0.3-Q5_K_M.gguf,5018.86,3.1478,0.0,0.0
1780414265.6389272,Mistral-7B-Instruct-v0.3-Q5_K_M.gguf,5018.86,3.2105799999999998,0.0,0.0
1780414266.1459,Mistral-7B-Instruct-v0.3-Q5_K_M.gguf,5018.86,3.0962899999999998,0.0,0.0
1780414266.654878,Mistral-7B-Instruct-v0.3-Q5_K_M.gguf,56.52,3.0647399999999996,0.0,0.0
1780414268.441397,Mistral-7B-Instruct-v0.3-Q5_K_M.gguf,5020.3,2.95959,0.0,0.0
1780414268.947797,Mistral-7B-Instruct-v0.3-Q5_K_M.gguf,5020.3,2.16185,0.0,0.0
1780414269.454493,Mistral-7B-Instruct-v0.3-Q5_K_M.gguf,5020.33,2.94456,0.0,0.0
1780414269.961133,Mistral-7B-Instruct-v0.3-Q5_K_M.gguf,5020.33,3.27893,0.0,0.0
1780414270.468002,Mistral-7B-Instruct-v0.3-Q5_K_M.gguf,5020.34,3.23301,0.0,0.0
1780414270.9743629,Mistral-7B-Instruct-v0.3-Q5_K_M.gguf,5020.36,3.17183,0.0,0.0
1780414271.481178,Mistral-7B-Instruct-v0.3-Q5_K_M.gguf,5020.36,3.25489,0.0,0.0
1780414271.988002,Mistral-7B-Instruct-v0.3-Q5_K_M.gguf,5020.36,3.2209499999999998,0.0,0.0
1780414272.494546,Mistral-7B-Instruct-v0.3-Q5_K_M.gguf,5020.34,3.00077,0.0,0.0
1780414273.0011299,Mistral-7B-Instruct-v0.3-Q5_K_M.gguf,5020.34,2.91448,0.0,0.0
1780414273.50754,Mistral-7B-Instruct-v0.3-Q5_K_M.gguf,5020.34,2.42693,0.0,0.0
1780414274.014053,Mistral-7B-Instruct-v0.3-Q5_K_M.gguf,5020.34,3.17104,0.0,0.0
1780414274.520923,Mistral-7B-Instruct-v0.3-Q5_K_M.gguf,5020.34,3.90979,0.0,0.0
1780414275.027346,Mistral-7B-Instruct-v0.3-Q5_K_M.gguf,5020.34,3.54006,0.0,0.0
1780414275.5341718,Mistral-7B-Instruct-v0.3-Q5_K_M.gguf,5020.34,3.17724,0.0,0.0
1780414276.040771,Mistral-7B-Instruct-v0.3-Q5_K_M.gguf,5020.34,3.12319,0.0,0.0
1780414276.547585,Mistral-7B-Instruct-v0.3-Q5_K_M.gguf,5020.34,3.04668,0.0,0.0
1780414277.055247,Mistral-7B-Instruct-v0.3-Q5_K_M.gguf,5020.34,2.88163,0.0,0.0
1780414277.56213,Mistral-7B-Instruct-v0.3-Q5_K_M.gguf,5020.36,3.02536,0.0,0.0
1780414278.068872,Mistral-7B-Instruct-v0.3-Q5_K_M.gguf,5020.36,3.0435700000000003,0.0,0.0
1780414278.575754,Mistral-7B-Instruct-v0.3-Q5_K_M.gguf,5020.36,3.02012,0.0,0.0
1780414279.0828679,Mistral-7B-Instruct-v0.3-Q5_K_M.gguf,5020.36,2.96516,0.0,0.0
1780414279.589102,Mistral-7B-Instruct-v0.3-Q5_K_M.gguf,5020.38,3.06799,0.0,0.0
1780414280.0951948,Mistral-7B-Instruct-v0.3-Q5_K_M.gguf,5020.38,3.4354699999999996,0.0,0.0
1780414280.601883,Mistral-7B-Instruct-v0.3-Q5_K_M.gguf,5020.38,3.55526,0.0,0.0
1780414281.108494,Mistral-7B-Instruct-v0.3-Q5_K_M.gguf,5020.38,3.07609,0.0,0.0
1780414281.6152918,Mistral-7B-Instruct-v0.3-Q5_K_M.gguf,5020.38,3.01389,0.0,0.0
1780414282.1220832,Mistral-7B-Instruct-v0.3-Q5_K_M.gguf,5020.38,3.1756100000000003,0.0,0.0
1780414282.629972,Mistral-7B-Instruct-v0.3-Q5_K_M.gguf,5020.38,3.11561,0.0,0.0
1780414283.137416,Mistral-7B-Instruct-v0.3-Q5_K_M.gguf,5020.38,3.2143200000000003,0.0,0.0
1780414283.643659,Mistral-7B-Instruct-v0.3-Q5_K_M.gguf,5020.38,3.08777,0.0,0.0
1780414284.150218,Mistral-7B-Instruct-v0.3-Q5_K_M.gguf,5020.38,2.95769,0.0,0.0
1780414284.6567612,Mistral-7B-Instruct-v0.3-Q5_K_M.gguf,5020.38,3.3193699999999997,0.0,0.0
1780414285.16362,Mistral-7B-Instruct-v0.3-Q5_K_M.gguf,5020.38,3.18797,0.0,0.0
1780414285.670593,Mistral-7B-Instruct-v0.3-Q5_K_M.gguf,5020.38,3.20775,0.0,0.0
1780414286.177721,Mistral-7B-Instruct-v0.3-Q5_K_M.gguf,5020.38,3.11371,0.0,0.0
1780414286.6843362,Mistral-7B-Instruct-v0.3-Q5_K_M.gguf,5020.38,2.96944,0.0,0.0
1780414287.1917272,Mistral-7B-Instruct-v0.3-Q5_K_M.gguf,5020.38,3.01073,0.0,0.0
1780414287.698646,Mistral-7B-Instruct-v0.3-Q5_K_M.gguf,5020.38,2.84575,0.0,0.0
1780414288.205098,Mistral-7B-Instruct-v0.3-Q5_K_M.gguf,5020.39,3.29884,0.0,0.0
1780414288.71167,Mistral-7B-Instruct-v0.3-Q5_K_M.gguf,5020.39,3.1859499999999996,0.0,0.0
1780414289.2186282,Mistral-7B-Instruct-v0.3-Q5_K_M.gguf,5020.39,3.09224,0.0,0.0
1780414289.724908,Mistral-7B-Instruct-v0.3-Q5_K_M.gguf,5020.39,2.9652399999999997,0.0,0.0
1780414290.230264,Mistral-7B-Instruct-v0.3-Q5_K_M.gguf,14155.61,3.2435500000000004,0.0,0.0
1780414292.001936,Mistral-7B-Instruct-v0.3-Q5_K_M.gguf,5019.94,3.2139699999999998,0.0,0.0
1780414292.507967,Mistral-7B-Instruct-v0.3-Q5_K_M.gguf,5019.94,2.3474299999999997,0.0,0.0
1780414293.014857,Mistral-7B-Instruct-v0.3-Q5_K_M.gguf,5019.94,2.75385,0.0,0.0
1780414293.521806,Mistral-7B-Instruct-v0.3-Q5_K_M.gguf,5019.94,3.2196,0.0,0.0
1780414294.02929,Mistral-7B-Instruct-v0.3-Q5_K_M.gguf,5019.94,2.81147,0.0,0.0
1780414294.536476,Mistral-7B-Instruct-v0.3-Q5_K_M.gguf,5019.94,3.2207800000000004,0.0,0.0
1780414295.0436852,Mistral-7B-Instruct-v0.3-Q5_K_M.gguf,5019.94,3.1037399999999997,0.0,0.0
1780414295.550035,Mistral-7B-Instruct-v0.3-Q5_K_M.gguf,5019.94,2.91891,0.0,0.0
1780414296.056632,Mistral-7B-Instruct-v0.3-Q5_K_M.gguf,5019.92,3.18689,0.0,0.0
1780414296.563168,Mistral-7B-Instruct-v0.3-Q5_K_M.gguf,5019.92,3.26131,0.0,0.0
1780414297.069608,Mistral-7B-Instruct-v0.3-Q5_K_M.gguf,5019.92,3.25992,0.0,0.0
1780414297.5770829,Mistral-7B-Instruct-v0.3-Q5_K_M.gguf,5019.92,3.2141599999999997,0.0,0.0
1780414298.083053,Mistral-7B-Instruct-v0.3-Q5_K_M.gguf,5019.92,3.1135300000000004,0.0,0.0
1780414298.589658,Mistral-7B-Instruct-v0.3-Q5_K_M.gguf,5019.92,3.15488,0.0,0.0
1780414299.0961049,Mistral-7B-Instruct-v0.3-Q5_K_M.gguf,5019.92,2.8926,0.0,0.0
1780414299.602507,Mistral-7B-Instruct-v0.3-Q5_K_M.gguf,5019.92,3.21108,0.0,0.0
1780414300.1099,Mistral-7B-Instruct-v0.3-Q5_K_M.gguf,5019.92,3.15894,0.0,0.0
1780414300.616183,Mistral-7B-Instruct-v0.3-Q5_K_M.gguf,5019.94,2.4859,0.0,0.0
1780414301.122666,Mistral-7B-Instruct-v0.3-Q5_K_M.gguf,5019.94,3.2869200000000003,0.0,0.0
1780414301.62941,Mistral-7B-Instruct-v0.3-Q5_K_M.gguf,5019.94,3.37027,0.0,0.0
1780414302.136066,Mistral-7B-Instruct-v0.3-Q5_K_M.gguf,5019.94,3.35638,0.0,0.0
1780414302.642463,Mistral-7B-Instruct-v0.3-Q5_K_M.gguf,5019.94,3.0233000000000003,0.0,0.0
1780414303.149046,Mistral-7B-Instruct-v0.3-Q5_K_M.gguf,5019.94,3.1050500000000003,0.0,0.0
1780414303.655526,Mistral-7B-Instruct-v0.3-Q5_K_M.gguf,5019.94,3.15537,0.0,0.0
1780414304.162357,Mistral-7B-Instruct-v0.3-Q5_K_M.gguf,5019.94,3.10708,0.0,0.0
1780414304.669015,Mistral-7B-Instruct-v0.3-Q5_K_M.gguf,5019.94,2.95346,0.0,0.0
1780414305.175586,Mistral-7B-Instruct-v0.3-Q5_K_M.gguf,5019.94,3.10392,0.0,0.0
1780414305.682295,Mistral-7B-Instruct-v0.3-Q5_K_M.gguf,5019.94,3.07922,0.0,0.0
1780414306.189024,Mistral-7B-Instruct-v0.3-Q5_K_M.gguf,5019.94,3.2705100000000003,0.0,0.0
1780414306.695703,Mistral-7B-Instruct-v0.3-Q5_K_M.gguf,5019.94,3.00797,0.0,0.0
1780414307.2023098,Mistral-7B-Instruct-v0.3-Q5_K_M.gguf,5019.94,3.1458000000000004,0.0,0.0
1780414307.7099252,Mistral-7B-Instruct-v0.3-Q5_K_M.gguf,5019.94,3.0100100000000003,0.0,0.0
1780414308.2173629,Mistral-7B-Instruct-v0.3-Q5_K_M.gguf,5019.94,3.1204,0.0,0.0
1780414308.7237859,Mistral-7B-Instruct-v0.3-Q5_K_M.gguf,5019.94,3.03268,0.0,0.0
1780414309.2316039,Mistral-7B-Instruct-v0.3-Q5_K_M.gguf,5019.94,2.7937,0.0,0.0
1780414309.7381918,Mistral-7B-Instruct-v0.3-Q5_K_M.gguf,5019.94,3.00379,0.0,0.0
1780414310.244591,Mistral-7B-Instruct-v0.3-Q5_K_M.gguf,5019.94,3.25178,0.0,0.0
1780414310.7515578,Mistral-7B-Instruct-v0.3-Q5_K_M.gguf,5019.94,3.21392,0.0,0.0
1780414311.258077,Mistral-7B-Instruct-v0.3-Q5_K_M.gguf,5019.94,3.1505900000000002,0.0,0.0
1780414311.764607,Mistral-7B-Instruct-v0.3-Q5_K_M.gguf,5019.94,3.2236599999999997,0.0,0.0
1780414312.2715058,Mistral-7B-Instruct-v0.3-Q5_K_M.gguf,5019.94,3.2646100000000002,0.0,0.0
1780414312.778163,Mistral-7B-Instruct-v0.3-Q5_K_M.gguf,5019.94,3.0377899999999998,0.0,0.0
1780414313.284914,Mistral-7B-Instruct-v0.3-Q5_K_M.gguf,5019.94,2.90451,0.0,0.0
1780414313.794566,Mistral-7B-Instruct-v0.3-Q5_K_M.gguf,57.47,3.00027,0.0,0.0
1780414315.569522,Mistral-7B-Instruct-v0.3-Q5_K_M.gguf,5025.45,3.29913,0.0,0.0
1780414316.076222,Mistral-7B-Instruct-v0.3-Q5_K_M.gguf,5025.47,2.6484699999999997,0.0,0.0
1780414316.581953,Mistral-7B-Instruct-v0.3-Q5_K_M.gguf,5025.47,2.4754699999999996,0.0,0.0
1780414317.088925,Mistral-7B-Instruct-v0.3-Q5_K_M.gguf,5025.47,2.93823,0.0,0.0
1780414317.594997,Mistral-7B-Instruct-v0.3-Q5_K_M.gguf,5025.47,2.54125,0.0,0.0
1780414318.1018188,Mistral-7B-Instruct-v0.3-Q5_K_M.gguf,5025.47,3.31388,0.0,0.0
1780414318.608045,Mistral-7B-Instruct-v0.3-Q5_K_M.gguf,5025.47,3.51032,0.0,0.0
1780414319.1150239,Mistral-7B-Instruct-v0.3-Q5_K_M.gguf,5025.42,3.30179,0.0,0.0
1780414319.6220958,Mistral-7B-Instruct-v0.3-Q5_K_M.gguf,5025.42,3.07661,0.0,0.0
1780414320.1281111,Mistral-7B-Instruct-v0.3-Q5_K_M.gguf,5025.42,2.89617,0.0,0.0
1780414320.634847,Mistral-7B-Instruct-v0.3-Q5_K_M.gguf,5025.42,3.2744,0.0,0.0
1780414321.141936,Mistral-7B-Instruct-v0.3-Q5_K_M.gguf,5025.42,2.96553,0.0,0.0
1780414321.648431,Mistral-7B-Instruct-v0.3-Q5_K_M.gguf,5025.42,2.9723,0.0,0.0
1780414322.154857,Mistral-7B-Instruct-v0.3-Q5_K_M.gguf,5025.42,3.13654,0.0,0.0
1780414322.661386,Mistral-7B-Instruct-v0.3-Q5_K_M.gguf,5025.42,3.1852300000000002,0.0,0.0
1780414323.167918,Mistral-7B-Instruct-v0.3-Q5_K_M.gguf,5025.42,3.22064,0.0,0.0
1780414323.6746838,Mistral-7B-Instruct-v0.3-Q5_K_M.gguf,5025.44,3.05822,0.0,0.0
1780414324.1814358,Mistral-7B-Instruct-v0.3-Q5_K_M.gguf,5025.44,3.07173,0.0,0.0
1780414324.688075,Mistral-7B-Instruct-v0.3-Q5_K_M.gguf,5025.44,3.0867,0.0,0.0
1780414325.194768,Mistral-7B-Instruct-v0.3-Q5_K_M.gguf,5025.44,3.03131,0.0,0.0
1780414325.701571,Mistral-7B-Instruct-v0.3-Q5_K_M.gguf,5025.45,3.05894,0.0,0.0
1780414326.2082481,Mistral-7B-Instruct-v0.3-Q5_K_M.gguf,5025.45,2.80614,0.0,0.0
1780414326.7147892,Mistral-7B-Instruct-v0.3-Q5_K_M.gguf,5025.45,2.99227,0.0,0.0
1780414327.22167,Mistral-7B-Instruct-v0.3-Q5_K_M.gguf,5025.45,3.1534299999999997,0.0,0.0
1780414327.72833,Mistral-7B-Instruct-v0.3-Q5_K_M.gguf,5025.45,3.1662199999999996,0.0,0.0
1780414328.234863,Mistral-7B-Instruct-v0.3-Q5_K_M.gguf,5025.45,3.1351,0.0,0.0
1780414328.741528,Mistral-7B-Instruct-v0.3-Q5_K_M.gguf,5025.45,3.0436900000000002,0.0,0.0
1780414329.2481668,Mistral-7B-Instruct-v0.3-Q5_K_M.gguf,5025.45,3.14271,0.0,0.0
1780414329.754935,Mistral-7B-Instruct-v0.3-Q5_K_M.gguf,5025.45,3.0965700000000003,0.0,0.0
1780414330.261534,Mistral-7B-Instruct-v0.3-Q5_K_M.gguf,5025.45,2.9152600000000004,0.0,0.0
1780414330.768061,Mistral-7B-Instruct-v0.3-Q5_K_M.gguf,5025.45,3.0766999999999998,0.0,0.0
1780414331.27455,Mistral-7B-Instruct-v0.3-Q5_K_M.gguf,5025.45,3.0793600000000003,0.0,0.0
1780414331.7815711,Mistral-7B-Instruct-v0.3-Q5_K_M.gguf,5025.45,3.06194,0.0,0.0
1780414332.288076,Mistral-7B-Instruct-v0.3-Q5_K_M.gguf,5025.45,3.16663,0.0,0.0
1780414332.794621,Mistral-7B-Instruct-v0.3-Q5_K_M.gguf,5025.45,2.94564,0.0,0.0
1780414333.301585,Mistral-7B-Instruct-v0.3-Q5_K_M.gguf,5025.45,3.09525,0.0,0.0
1780414333.808115,Mistral-7B-Instruct-v0.3-Q5_K_M.gguf,5025.45,2.84637,0.0,0.0
1780414334.314904,Mistral-7B-Instruct-v0.3-Q5_K_M.gguf,5025.45,3.08606,0.0,0.0
1780414334.821743,Mistral-7B-Instruct-v0.3-Q5_K_M.gguf,5025.45,3.15179,0.0,0.0
1780414335.327915,Mistral-7B-Instruct-v0.3-Q5_K_M.gguf,5025.45,3.0236799999999997,0.0,0.0
1780414335.834429,Mistral-7B-Instruct-v0.3-Q5_K_M.gguf,5025.45,3.10542,0.0,0.0
1780414336.341164,Mistral-7B-Instruct-v0.3-Q5_K_M.gguf,5025.45,3.01422,0.0,0.0
1780414336.848175,Mistral-7B-Instruct-v0.3-Q5_K_M.gguf,5025.45,2.89004,0.0,0.0
1780414339.0832078,Mistral-7B-Instruct-v0.3-Q5_K_M.gguf,5020.06,3.0919499999999998,0.0,0.0
1780414339.590337,Mistral-7B-Instruct-v0.3-Q5_K_M.gguf,5020.09,2.48933,0.0,0.0
1780414340.096599,Mistral-7B-Instruct-v0.3-Q5_K_M.gguf,5020.14,2.62442,0.0,0.0
1780414340.603203,Mistral-7B-Instruct-v0.3-Q5_K_M.gguf,5020.14,2.7816,0.0,0.0
1780414341.1096902,Mistral-7B-Instruct-v0.3-Q5_K_M.gguf,5020.16,2.94542,0.0,0.0
1780414341.616459,Mistral-7B-Instruct-v0.3-Q5_K_M.gguf,5020.17,3.2144,0.0,0.0
1780414342.123606,Mistral-7B-Instruct-v0.3-Q5_K_M.gguf,5020.17,3.3913200000000003,0.0,0.0
1780414342.6302788,Mistral-7B-Instruct-v0.3-Q5_K_M.gguf,5020.17,3.14556,0.0,0.0
1780414343.1372979,Mistral-7B-Instruct-v0.3-Q5_K_M.gguf,5020.16,2.98,0.0,0.0
1780414343.644635,Mistral-7B-Instruct-v0.3-Q5_K_M.gguf,5020.16,2.82856,0.0,0.0
1780414344.1515808,Mistral-7B-Instruct-v0.3-Q5_K_M.gguf,5020.16,2.80478,0.0,0.0
1780414344.658667,Mistral-7B-Instruct-v0.3-Q5_K_M.gguf,5020.16,4.44037,0.0,0.0
1780414345.16534,Mistral-7B-Instruct-v0.3-Q5_K_M.gguf,5020.16,2.54047,0.0,0.0
1780414345.6725812,Mistral-7B-Instruct-v0.3-Q5_K_M.gguf,5020.16,3.22289,0.0,0.0
1780414346.1793349,Mistral-7B-Instruct-v0.3-Q5_K_M.gguf,5020.16,3.23943,0.0,0.0
1780414346.686948,Mistral-7B-Instruct-v0.3-Q5_K_M.gguf,5020.16,3.1056399999999997,0.0,0.0
1780414347.193347,Mistral-7B-Instruct-v0.3-Q5_K_M.gguf,5020.16,2.92012,0.0,0.0
1780414347.700004,Mistral-7B-Instruct-v0.3-Q5_K_M.gguf,5020.16,2.90309,0.0,0.0
1780414348.206744,Mistral-7B-Instruct-v0.3-Q5_K_M.gguf,5020.16,3.1244099999999997,0.0,0.0
1780414348.71333,Mistral-7B-Instruct-v0.3-Q5_K_M.gguf,5020.16,3.0370500000000002,0.0,0.0
1780414349.220381,Mistral-7B-Instruct-v0.3-Q5_K_M.gguf,5020.16,3.10258,0.0,0.0
1780414349.726763,Mistral-7B-Instruct-v0.3-Q5_K_M.gguf,5020.16,3.06689,0.0,0.0
1780414350.2334049,Mistral-7B-Instruct-v0.3-Q5_K_M.gguf,5020.16,3.03465,0.0,0.0
1780414350.7400541,Mistral-7B-Instruct-v0.3-Q5_K_M.gguf,5020.16,3.1368899999999997,0.0,0.0
1780414351.24684,Mistral-7B-Instruct-v0.3-Q5_K_M.gguf,5020.16,3.03159,0.0,0.0
1780414351.7533581,Mistral-7B-Instruct-v0.3-Q5_K_M.gguf,5020.16,2.93892,0.0,0.0
1780414352.259943,Mistral-7B-Instruct-v0.3-Q5_K_M.gguf,5020.16,3.00568,0.0,0.0
1780414352.766706,Mistral-7B-Instruct-v0.3-Q5_K_M.gguf,5020.16,3.0322199999999997,0.0,0.0
1780414353.273399,Mistral-7B-Instruct-v0.3-Q5_K_M.gguf,5020.16,3.15621,0.0,0.0
1780414353.780051,Mistral-7B-Instruct-v0.3-Q5_K_M.gguf,5020.16,3.00333,0.0,0.0
1780414354.287791,Mistral-7B-Instruct-v0.3-Q5_K_M.gguf,5020.16,3.08876,0.0,0.0
1780414354.794836,Mistral-7B-Instruct-v0.3-Q5_K_M.gguf,5020.16,2.89763,0.0,0.0
1780414355.301915,Mistral-7B-Instruct-v0.3-Q5_K_M.gguf,5020.16,2.78312,0.0,0.0
1780414355.808182,Mistral-7B-Instruct-v0.3-Q5_K_M.gguf,5020.16,2.7120900000000003,0.0,0.0
1780414356.314709,Mistral-7B-Instruct-v0.3-Q5_K_M.gguf,5020.16,3.36569,0.0,0.0
1780414356.821346,Mistral-7B-Instruct-v0.3-Q5_K_M.gguf,5020.16,3.4017199999999996,0.0,0.0
1780414357.32804,Mistral-7B-Instruct-v0.3-Q5_K_M.gguf,5020.16,3.25292,0.0,0.0
1780414357.834893,Mistral-7B-Instruct-v0.3-Q5_K_M.gguf,5020.16,2.9909299999999996,0.0,0.0
1780414358.341821,Mistral-7B-Instruct-v0.3-Q5_K_M.gguf,5020.16,2.90143,0.0,0.0
1780414358.8481102,Mistral-7B-Instruct-v0.3-Q5_K_M.gguf,5020.16,2.98511,0.0,0.0
1780414359.3550022,Mistral-7B-Instruct-v0.3-Q5_K_M.gguf,5020.17,3.2600700000000002,0.0,0.0
1780414359.861419,Mistral-7B-Instruct-v0.3-Q5_K_M.gguf,5020.17,2.88968,0.0,0.0
1780414360.368114,Mistral-7B-Instruct-v0.3-Q5_K_M.gguf,5020.17,3.1727,0.0,0.0
1780414360.875231,Mistral-7B-Instruct-v0.3-Q5_K_M.gguf,57.8,2.99375,0.0,0.0
1780414361.384605,Mistral-7B-Instruct-v0.3-Q5_K_M.gguf,57.84,3.0370500000000002,0.0,0.0
1780414363.1556952,Mistral-7B-Instruct-v0.3-Q5_K_M.gguf,5020.22,3.52433,0.0,0.0
1780414363.662187,Mistral-7B-Instruct-v0.3-Q5_K_M.gguf,5020.23,2.69871,0.0,0.0
1780414364.169796,Mistral-7B-Instruct-v0.3-Q5_K_M.gguf,5020.23,2.5619099999999997,0.0,0.0
1780414364.675987,Mistral-7B-Instruct-v0.3-Q5_K_M.gguf,5020.25,2.59078,0.0,0.0
1780414365.182842,Mistral-7B-Instruct-v0.3-Q5_K_M.gguf,5020.25,3.01256,0.0,0.0
1780414365.689876,Mistral-7B-Instruct-v0.3-Q5_K_M.gguf,5020.27,3.29251,0.0,0.0
1780414366.196267,Mistral-7B-Instruct-v0.3-Q5_K_M.gguf,5020.27,2.96736,0.0,0.0
1780414366.70304,Mistral-7B-Instruct-v0.3-Q5_K_M.gguf,5020.27,3.14659,0.0,0.0
1780414367.209719,Mistral-7B-Instruct-v0.3-Q5_K_M.gguf,5020.25,3.1844,0.0,0.0
1780414367.716415,Mistral-7B-Instruct-v0.3-Q5_K_M.gguf,5020.25,3.04067,0.0,0.0
1780414368.223052,Mistral-7B-Instruct-v0.3-Q5_K_M.gguf,5020.25,3.0061,0.0,0.0
1780414368.7287428,Mistral-7B-Instruct-v0.3-Q5_K_M.gguf,5020.25,2.89326,0.0,0.0
1780414369.235559,Mistral-7B-Instruct-v0.3-Q5_K_M.gguf,5020.25,3.1613800000000003,0.0,0.0
1780414369.742878,Mistral-7B-Instruct-v0.3-Q5_K_M.gguf,5020.27,3.03859,0.0,0.0
1780414370.249449,Mistral-7B-Instruct-v0.3-Q5_K_M.gguf,5020.27,2.5308200000000003,0.0,0.0
1780414370.756597,Mistral-7B-Instruct-v0.3-Q5_K_M.gguf,5020.27,3.0383,0.0,0.0
1780414371.263036,Mistral-7B-Instruct-v0.3-Q5_K_M.gguf,5020.27,3.1702399999999997,0.0,0.0
1780414371.76966,Mistral-7B-Instruct-v0.3-Q5_K_M.gguf,5020.27,3.39265,0.0,0.0
1780414372.276368,Mistral-7B-Instruct-v0.3-Q5_K_M.gguf,5020.27,3.33392,0.0,0.0
1780414372.7830899,Mistral-7B-Instruct-v0.3-Q5_K_M.gguf,5020.27,3.06716,0.0,0.0
1780414373.28992,Mistral-7B-Instruct-v0.3-Q5_K_M.gguf,5020.27,3.16652,0.0,0.0
1780414373.796434,Mistral-7B-Instruct-v0.3-Q5_K_M.gguf,5020.27,3.01071,0.0,0.0
1780414374.303212,Mistral-7B-Instruct-v0.3-Q5_K_M.gguf,5020.27,3.0896500000000002,0.0,0.0
1780414374.810118,Mistral-7B-Instruct-v0.3-Q5_K_M.gguf,5020.27,2.8466799999999997,0.0,0.0
1780414375.318014,Mistral-7B-Instruct-v0.3-Q5_K_M.gguf,5020.27,2.95419,0.0,0.0
1780414375.825223,Mistral-7B-Instruct-v0.3-Q5_K_M.gguf,5020.27,2.90293,0.0,0.0
1780414376.332254,Mistral-7B-Instruct-v0.3-Q5_K_M.gguf,5020.27,2.5800300000000003,0.0,0.0
1780414376.839425,Mistral-7B-Instruct-v0.3-Q5_K_M.gguf,5020.27,3.07265,0.0,0.0
1780414377.3461308,Mistral-7B-Instruct-v0.3-Q5_K_M.gguf,5020.27,3.21612,0.0,0.0
1780414377.85294,Mistral-7B-Instruct-v0.3-Q5_K_M.gguf,5020.27,3.22386,0.0,0.0
1780414378.359277,Mistral-7B-Instruct-v0.3-Q5_K_M.gguf,5020.27,3.35668,0.0,0.0
1780414378.866004,Mistral-7B-Instruct-v0.3-Q5_K_M.gguf,5020.27,3.0928,0.0,0.0
1780414379.373246,Mistral-7B-Instruct-v0.3-Q5_K_M.gguf,5020.27,3.0594,0.0,0.0
1780414379.8796039,Mistral-7B-Instruct-v0.3-Q5_K_M.gguf,5020.27,2.88464,0.0,0.0
1780414380.38752,Mistral-7B-Instruct-v0.3-Q5_K_M.gguf,5020.27,3.12845,0.0,0.0
1780414380.892951,Mistral-7B-Instruct-v0.3-Q5_K_M.gguf,5020.27,3.02619,0.0,0.0
1780414381.3995059,Mistral-7B-Instruct-v0.3-Q5_K_M.gguf,5020.27,3.06717,0.0,0.0
1780414381.906188,Mistral-7B-Instruct-v0.3-Q5_K_M.gguf,5020.27,3.14215,0.0,0.0
1780414382.4137118,Mistral-7B-Instruct-v0.3-Q5_K_M.gguf,5020.27,3.04967,0.0,0.0
1780414382.920068,Mistral-7B-Instruct-v0.3-Q5_K_M.gguf,5020.27,2.9818000000000002,0.0,0.0
1780414383.426369,Mistral-7B-Instruct-v0.3-Q5_K_M.gguf,5020.27,2.77256,0.0,0.0
1780414383.93296,Mistral-7B-Instruct-v0.3-Q5_K_M.gguf,5020.27,2.93081,0.0,0.0
1780414384.439552,Mistral-7B-Instruct-v0.3-Q5_K_M.gguf,5020.27,3.18751,0.0,0.0
1780414474.996284,Mistral-7B-Instruct-v0.3-Q5_K_M.gguf,5213.08,5.51121,0.0,0.0
1780414475.502879,Mistral-7B-Instruct-v0.3-Q5_K_M.gguf,5213.09,3.30546,0.0,0.0
1780414476.009734,Mistral-7B-Instruct-v0.3-Q5_K_M.gguf,5213.09,2.63592,0.0,0.0
1780414476.516257,Mistral-7B-Instruct-v0.3-Q5_K_M.gguf,5213.11,2.3851999999999998,0.0,0.0
1780414477.023714,Mistral-7B-Instruct-v0.3-Q5_K_M.gguf,5213.11,2.64518,0.0,0.0
1780414477.530817,Mistral-7B-Instruct-v0.3-Q5_K_M.gguf,5213.12,2.8933899999999997,0.0,0.0
1780414478.0383291,Mistral-7B-Instruct-v0.3-Q5_K_M.gguf,5213.12,2.9692399999999997,0.0,0.0
1780414478.544436,Mistral-7B-Instruct-v0.3-Q5_K_M.gguf,5213.12,3.16709,0.0,0.0
1780414479.051336,Mistral-7B-Instruct-v0.3-Q5_K_M.gguf,5213.09,3.27356,0.0,0.0
1780414479.5582342,Mistral-7B-Instruct-v0.3-Q5_K_M.gguf,5213.09,3.55986,0.0,0.0
1780414480.065635,Mistral-7B-Instruct-v0.3-Q5_K_M.gguf,5213.09,3.26689,0.0,0.0
1780414480.572066,Mistral-7B-Instruct-v0.3-Q5_K_M.gguf,5213.09,2.93396,0.0,0.0
1780414481.0786078,Mistral-7B-Instruct-v0.3-Q5_K_M.gguf,5213.09,3.23949,0.0,0.0
1780414481.585407,Mistral-7B-Instruct-v0.3-Q5_K_M.gguf,5213.09,3.47964,0.0,0.0
1780414482.092319,Mistral-7B-Instruct-v0.3-Q5_K_M.gguf,5213.09,3.2806599999999997,0.0,0.0
1780414482.598742,Mistral-7B-Instruct-v0.3-Q5_K_M.gguf,5213.09,3.13111,0.0,0.0
1780414483.105348,Mistral-7B-Instruct-v0.3-Q5_K_M.gguf,5213.09,3.0908200000000003,0.0,0.0
1780414483.6119418,Mistral-7B-Instruct-v0.3-Q5_K_M.gguf,5213.09,3.0359000000000003,0.0,0.0
1780414484.118505,Mistral-7B-Instruct-v0.3-Q5_K_M.gguf,5213.09,3.16386,0.0,0.0
1780414484.625188,Mistral-7B-Instruct-v0.3-Q5_K_M.gguf,5213.09,3.0402199999999997,0.0,0.0
1780414485.132071,Mistral-7B-Instruct-v0.3-Q5_K_M.gguf,5213.09,3.06732,0.0,0.0
1780414485.639484,Mistral-7B-Instruct-v0.3-Q5_K_M.gguf,5213.09,2.93723,0.0,0.0
1780414486.145937,Mistral-7B-Instruct-v0.3-Q5_K_M.gguf,5213.09,2.89099,0.0,0.0
1780414486.6531122,Mistral-7B-Instruct-v0.3-Q5_K_M.gguf,5213.09,3.30212,0.0,0.0
1780414487.1590679,Mistral-7B-Instruct-v0.3-Q5_K_M.gguf,5213.09,3.12404,0.0,0.0
1780414487.6656718,Mistral-7B-Instruct-v0.3-Q5_K_M.gguf,5213.09,3.19153,0.0,0.0
1780414488.172276,Mistral-7B-Instruct-v0.3-Q5_K_M.gguf,5213.09,3.19996,0.0,0.0
1780414488.679332,Mistral-7B-Instruct-v0.3-Q5_K_M.gguf,5213.11,2.99224,0.0,0.0
1780414489.1858408,Mistral-7B-Instruct-v0.3-Q5_K_M.gguf,5213.11,2.99271,0.0,0.0
1780414489.692561,Mistral-7B-Instruct-v0.3-Q5_K_M.gguf,5213.11,3.03972,0.0,0.0
1780414490.199245,Mistral-7B-Instruct-v0.3-Q5_K_M.gguf,5213.11,3.07132,0.0,0.0
1780414490.706103,Mistral-7B-Instruct-v0.3-Q5_K_M.gguf,5213.11,3.21285,0.0,0.0
1780414491.212794,Mistral-7B-Instruct-v0.3-Q5_K_M.gguf,5213.11,2.98802,0.0,0.0
1780414491.7195451,Mistral-7B-Instruct-v0.3-Q5_K_M.gguf,5213.11,3.2201999999999997,0.0,0.0
1780414492.226208,Mistral-7B-Instruct-v0.3-Q5_K_M.gguf,5213.11,3.14015,0.0,0.0
1780414492.733065,Mistral-7B-Instruct-v0.3-Q5_K_M.gguf,5213.11,3.08596,0.0,0.0
1780414493.239629,Mistral-7B-Instruct-v0.3-Q5_K_M.gguf,5213.11,2.99609,0.0,0.0
1780414493.746228,Mistral-7B-Instruct-v0.3-Q5_K_M.gguf,5213.11,2.98189,0.0,0.0
1780414494.252963,Mistral-7B-Instruct-v0.3-Q5_K_M.gguf,5213.11,3.0751,0.0,0.0
1780414494.759775,Mistral-7B-Instruct-v0.3-Q5_K_M.gguf,5213.11,2.26775,0.0,0.0
1780414495.266492,Mistral-7B-Instruct-v0.3-Q5_K_M.gguf,5213.11,3.28022,0.0,0.0
1780414495.774063,Mistral-7B-Instruct-v0.3-Q5_K_M.gguf,5213.11,3.44551,0.0,0.0
1780414496.284361,Mistral-7B-Instruct-v0.3-Q5_K_M.gguf,58.8,3.17482,0.0,0.0
1780414498.10433,Mistral-7B-Instruct-v0.3-Q5_K_M.gguf,5212.38,2.66641,0.0,0.0
1780414498.61109,Mistral-7B-Instruct-v0.3-Q5_K_M.gguf,5212.38,2.28858,0.0,0.0
1780414499.117866,Mistral-7B-Instruct-v0.3-Q5_K_M.gguf,5212.39,2.64919,0.0,0.0
1780414499.624367,Mistral-7B-Instruct-v0.3-Q5_K_M.gguf,5212.41,2.89897,0.0,0.0
1780414500.131181,Mistral-7B-Instruct-v0.3-Q5_K_M.gguf,5212.42,2.9752899999999998,0.0,0.0
1780414500.6381812,Mistral-7B-Instruct-v0.3-Q5_K_M.gguf,5212.44,3.3177,0.0,0.0
1780414501.1433501,Mistral-7B-Instruct-v0.3-Q5_K_M.gguf,5212.44,3.05943,0.0,0.0
1780414501.6499012,Mistral-7B-Instruct-v0.3-Q5_K_M.gguf,5212.44,3.07713,0.0,0.0
1780414502.156665,Mistral-7B-Instruct-v0.3-Q5_K_M.gguf,5212.42,3.1397199999999996,0.0,0.0
1780414502.663521,Mistral-7B-Instruct-v0.3-Q5_K_M.gguf,5212.42,3.03366,0.0,0.0
1780414503.169983,Mistral-7B-Instruct-v0.3-Q5_K_M.gguf,5212.42,3.07851,0.0,0.0
1780414503.676818,Mistral-7B-Instruct-v0.3-Q5_K_M.gguf,5212.42,2.81344,0.0,0.0
1780414504.183409,Mistral-7B-Instruct-v0.3-Q5_K_M.gguf,5212.42,3.0324,0.0,0.0
1780414504.6901162,Mistral-7B-Instruct-v0.3-Q5_K_M.gguf,5212.42,3.0490999999999997,0.0,0.0
1780414505.1967528,Mistral-7B-Instruct-v0.3-Q5_K_M.gguf,5212.42,3.0297899999999998,0.0,0.0
1780414505.70339,Mistral-7B-Instruct-v0.3-Q5_K_M.gguf,5212.42,3.13769,0.0,0.0
1780414506.20995,Mistral-7B-Instruct-v0.3-Q5_K_M.gguf,5212.42,2.9530100000000004,0.0,0.0
1780414506.717005,Mistral-7B-Instruct-v0.3-Q5_K_M.gguf,5212.42,2.87413,0.0,0.0
1780414507.223181,Mistral-7B-Instruct-v0.3-Q5_K_M.gguf,5212.42,3.1363600000000003,0.0,0.0
1780414507.7300649,Mistral-7B-Instruct-v0.3-Q5_K_M.gguf,5212.42,2.93711,0.0,0.0
1780414508.236605,Mistral-7B-Instruct-v0.3-Q5_K_M.gguf,5212.42,2.88964,0.0,0.0
1780414508.743073,Mistral-7B-Instruct-v0.3-Q5_K_M.gguf,5212.42,2.8690900000000004,0.0,0.0
1780414509.25021,Mistral-7B-Instruct-v0.3-Q5_K_M.gguf,5212.42,2.9138,0.0,0.0
1780414509.756848,Mistral-7B-Instruct-v0.3-Q5_K_M.gguf,5212.42,3.2789099999999998,0.0,0.0
1780414510.263407,Mistral-7B-Instruct-v0.3-Q5_K_M.gguf,5212.45,2.4173,0.0,0.0
1780414510.769962,Mistral-7B-Instruct-v0.3-Q5_K_M.gguf,5212.45,3.4295,0.0,0.0
1780414511.276629,Mistral-7B-Instruct-v0.3-Q5_K_M.gguf,5212.45,3.36708,0.0,0.0
1780414511.783432,Mistral-7B-Instruct-v0.3-Q5_K_M.gguf,5212.45,3.13444,0.0,0.0
1780414512.290012,Mistral-7B-Instruct-v0.3-Q5_K_M.gguf,5212.45,2.99444,0.0,0.0
1780414512.796727,Mistral-7B-Instruct-v0.3-Q5_K_M.gguf,5212.45,2.89492,0.0,0.0
1780414513.303377,Mistral-7B-Instruct-v0.3-Q5_K_M.gguf,5212.45,3.07938,0.0,0.0
1780414513.810176,Mistral-7B-Instruct-v0.3-Q5_K_M.gguf,5212.45,2.82395,0.0,0.0
1780414514.316727,Mistral-7B-Instruct-v0.3-Q5_K_M.gguf,5212.45,2.88935,0.0,0.0
1780414514.823345,Mistral-7B-Instruct-v0.3-Q5_K_M.gguf,5212.45,2.88908,0.0,0.0
1780414515.329781,Mistral-7B-Instruct-v0.3-Q5_K_M.gguf,5212.45,3.0147199999999996,0.0,0.0
1780414515.836734,Mistral-7B-Instruct-v0.3-Q5_K_M.gguf,5212.45,3.13217,0.0,0.0
1780414516.34417,Mistral-7B-Instruct-v0.3-Q5_K_M.gguf,5212.45,2.9359,0.0,0.0
1780414516.850847,Mistral-7B-Instruct-v0.3-Q5_K_M.gguf,5212.45,2.83933,0.0,0.0
1780414517.3573918,Mistral-7B-Instruct-v0.3-Q5_K_M.gguf,5212.45,2.92991,0.0,0.0
1780414517.863837,Mistral-7B-Instruct-v0.3-Q5_K_M.gguf,5212.45,2.95094,0.0,0.0
1780414518.37059,Mistral-7B-Instruct-v0.3-Q5_K_M.gguf,5212.45,3.2613499999999997,0.0,0.0
1780414518.8773298,Mistral-7B-Instruct-v0.3-Q5_K_M.gguf,5212.45,3.0067,0.0,0.0
1780414519.383952,Mistral-7B-Instruct-v0.3-Q5_K_M.gguf,5212.45,2.98436,0.0,0.0
1780414519.8905401,Mistral-7B-Instruct-v0.3-Q5_K_M.gguf,5212.45,2.9269000000000003,0.0,0.0
1780414520.3995142,Mistral-7B-Instruct-v0.3-Q5_K_M.gguf,58.0,2.9128000000000003,0.0,0.0
1780414522.196,Mistral-7B-Instruct-v0.3-Q5_K_M.gguf,5214.88,2.40986,0.0,0.0
1780414522.703323,Mistral-7B-Instruct-v0.3-Q5_K_M.gguf,5214.88,2.28302,0.0,0.0
1780414523.2100322,Mistral-7B-Instruct-v0.3-Q5_K_M.gguf,5214.89,2.4236500000000003,0.0,0.0
1780414523.7165718,Mistral-7B-Instruct-v0.3-Q5_K_M.gguf,5214.95,2.6518699999999997,0.0,0.0
1780414524.223258,Mistral-7B-Instruct-v0.3-Q5_K_M.gguf,5214.97,3.23007,0.0,0.0
1780414524.7302039,Mistral-7B-Instruct-v0.3-Q5_K_M.gguf,5214.97,3.1233899999999997,0.0,0.0
1780414525.2368221,Mistral-7B-Instruct-v0.3-Q5_K_M.gguf,5214.98,2.9910300000000003,0.0,0.0
1780414525.7444968,Mistral-7B-Instruct-v0.3-Q5_K_M.gguf,5214.98,2.92648,0.0,0.0
1780414526.251513,Mistral-7B-Instruct-v0.3-Q5_K_M.gguf,5214.97,2.89486,0.0,0.0
1780414526.7580318,Mistral-7B-Instruct-v0.3-Q5_K_M.gguf,5214.97,2.67414,0.0,0.0
1780414527.26458,Mistral-7B-Instruct-v0.3-Q5_K_M.gguf,5214.97,2.87716,0.0,0.0
1780414527.771233,Mistral-7B-Instruct-v0.3-Q5_K_M.gguf,5214.97,3.0891100000000002,0.0,0.0
1780414528.2778811,Mistral-7B-Instruct-v0.3-Q5_K_M.gguf,5214.97,2.92709,0.0,0.0
1780414528.7849169,Mistral-7B-Instruct-v0.3-Q5_K_M.gguf,5214.97,2.9686399999999997,0.0,0.0
1780414529.291528,Mistral-7B-Instruct-v0.3-Q5_K_M.gguf,5214.97,2.66023,0.0,0.0
1780414529.797939,Mistral-7B-Instruct-v0.3-Q5_K_M.gguf,5214.97,2.94583,0.0,0.0
1780414530.304702,Mistral-7B-Instruct-v0.3-Q5_K_M.gguf,5214.97,3.09661,0.0,0.0
1780414530.811965,Mistral-7B-Instruct-v0.3-Q5_K_M.gguf,5214.97,2.89975,0.0,0.0
1780414531.3185081,Mistral-7B-Instruct-v0.3-Q5_K_M.gguf,5214.97,2.8751100000000003,0.0,0.0
1780414531.825227,Mistral-7B-Instruct-v0.3-Q5_K_M.gguf,5214.97,2.79294,0.0,0.0
1780414532.331899,Mistral-7B-Instruct-v0.3-Q5_K_M.gguf,5214.97,2.88529,0.0,0.0
1780414532.838731,Mistral-7B-Instruct-v0.3-Q5_K_M.gguf,5214.97,2.97006,0.0,0.0
1780414533.345273,Mistral-7B-Instruct-v0.3-Q5_K_M.gguf,5214.97,2.82653,0.0,0.0
1780414533.851855,Mistral-7B-Instruct-v0.3-Q5_K_M.gguf,5214.97,2.8709000000000002,0.0,0.0
1780414534.3583858,Mistral-7B-Instruct-v0.3-Q5_K_M.gguf,5214.97,2.91177,0.0,0.0
1780414534.86531,Mistral-7B-Instruct-v0.3-Q5_K_M.gguf,5214.97,2.94133,0.0,0.0
1780414535.371959,Mistral-7B-Instruct-v0.3-Q5_K_M.gguf,5214.97,3.00036,0.0,0.0
1780414535.878339,Mistral-7B-Instruct-v0.3-Q5_K_M.gguf,5214.97,2.63863,0.0,0.0
1780414536.3865962,Mistral-7B-Instruct-v0.3-Q5_K_M.gguf,5214.97,2.95461,0.0,0.0
1780414536.89226,Mistral-7B-Instruct-v0.3-Q5_K_M.gguf,5214.97,2.93203,0.0,0.0
1780414537.398734,Mistral-7B-Instruct-v0.3-Q5_K_M.gguf,5214.97,2.78458,0.0,0.0
1780414537.905369,Mistral-7B-Instruct-v0.3-Q5_K_M.gguf,5214.97,2.7760700000000003,0.0,0.0
1780414538.411757,Mistral-7B-Instruct-v0.3-Q5_K_M.gguf,5214.97,2.80263,0.0,0.0
1780414538.919202,Mistral-7B-Instruct-v0.3-Q5_K_M.gguf,5214.97,2.99615,0.0,0.0
1780414539.425844,Mistral-7B-Instruct-v0.3-Q5_K_M.gguf,5214.97,2.84492,0.0,0.0
1780414539.9326458,Mistral-7B-Instruct-v0.3-Q5_K_M.gguf,5214.97,2.73871,0.0,0.0
1780414540.4391198,Mistral-7B-Instruct-v0.3-Q5_K_M.gguf,5214.97,3.17682,0.0,0.0
1780414540.944415,Mistral-7B-Instruct-v0.3-Q5_K_M.gguf,5214.97,2.9506,0.0,0.0
1780414541.451308,Mistral-7B-Instruct-v0.3-Q5_K_M.gguf,5214.97,2.98965,0.0,0.0
1780414541.9578629,Mistral-7B-Instruct-v0.3-Q5_K_M.gguf,5214.97,2.65293,0.0,0.0
1780414542.4644108,Mistral-7B-Instruct-v0.3-Q5_K_M.gguf,5214.97,2.7648800000000002,0.0,0.0
1780414542.9710999,Mistral-7B-Instruct-v0.3-Q5_K_M.gguf,5214.97,2.93119,0.0,0.0
1780414543.477937,Mistral-7B-Instruct-v0.3-Q5_K_M.gguf,5214.97,2.7730900000000003,0.0,0.0
1780414543.9847,Mistral-7B-Instruct-v0.3-Q5_K_M.gguf,5214.97,2.98259,0.0,0.0
1780414544.4921448,Mistral-7B-Instruct-v0.3-Q5_K_M.gguf,5214.97,2.88447,0.0,0.0
1780414546.898976,Mistral-7B-Instruct-v0.3-Q5_K_M.gguf,5210.81,2.19866,0.0,0.0
1780414547.40531,Mistral-7B-Instruct-v0.3-Q5_K_M.gguf,5210.81,2.2963299999999998,0.0,0.0
1780414547.9124632,Mistral-7B-Instruct-v0.3-Q5_K_M.gguf,5210.83,2.6617100000000002,0.0,0.0
1780414548.419062,Mistral-7B-Instruct-v0.3-Q5_K_M.gguf,5210.84,2.69119,0.0,0.0
1780414548.925324,Mistral-7B-Instruct-v0.3-Q5_K_M.gguf,5210.86,2.93152,0.0,0.0
1780414549.432263,Mistral-7B-Instruct-v0.3-Q5_K_M.gguf,5210.86,3.15029,0.0,0.0
1780414549.9390552,Mistral-7B-Instruct-v0.3-Q5_K_M.gguf,5210.88,3.22805,0.0,0.0
1780414550.445648,Mistral-7B-Instruct-v0.3-Q5_K_M.gguf,5210.83,2.84233,0.0,0.0
1780414550.952176,Mistral-7B-Instruct-v0.3-Q5_K_M.gguf,5210.83,2.88051,0.0,0.0
1780414551.458761,Mistral-7B-Instruct-v0.3-Q5_K_M.gguf,5210.83,2.76523,0.0,0.0
1780414551.965844,Mistral-7B-Instruct-v0.3-Q5_K_M.gguf,5210.83,2.82905,0.0,0.0
1780414552.4727302,Mistral-7B-Instruct-v0.3-Q5_K_M.gguf,5210.83,2.91155,0.0,0.0
1780414552.979328,Mistral-7B-Instruct-v0.3-Q5_K_M.gguf,5210.83,2.81289,0.0,0.0
1780414553.485912,Mistral-7B-Instruct-v0.3-Q5_K_M.gguf,5210.83,2.89001,0.0,0.0
1780414553.9925508,Mistral-7B-Instruct-v0.3-Q5_K_M.gguf,5210.83,2.76507,0.0,0.0
1780414554.4997098,Mistral-7B-Instruct-v0.3-Q5_K_M.gguf,5210.83,2.78554,0.0,0.0
1780414555.0062668,Mistral-7B-Instruct-v0.3-Q5_K_M.gguf,5210.83,2.71002,0.0,0.0
1780414555.513293,Mistral-7B-Instruct-v0.3-Q5_K_M.gguf,5210.83,2.64314,0.0,0.0
1780414556.0206919,Mistral-7B-Instruct-v0.3-Q5_K_M.gguf,5210.83,2.7214699999999996,0.0,0.0
1780414556.527682,Mistral-7B-Instruct-v0.3-Q5_K_M.gguf,5210.83,2.77379,0.0,0.0
1780414557.0353339,Mistral-7B-Instruct-v0.3-Q5_K_M.gguf,5210.83,2.93763,0.0,0.0
1780414557.542457,Mistral-7B-Instruct-v0.3-Q5_K_M.gguf,5210.83,3.87278,0.0,0.0
1780414558.049451,Mistral-7B-Instruct-v0.3-Q5_K_M.gguf,5210.83,3.4086399999999997,0.0,0.0
1780414558.5563362,Mistral-7B-Instruct-v0.3-Q5_K_M.gguf,5210.83,2.51937,0.0,0.0
1780414559.063964,Mistral-7B-Instruct-v0.3-Q5_K_M.gguf,5210.83,2.80186,0.0,0.0
1780414559.570476,Mistral-7B-Instruct-v0.3-Q5_K_M.gguf,5210.83,2.83677,0.0,0.0
1780414560.077114,Mistral-7B-Instruct-v0.3-Q5_K_M.gguf,5210.83,2.87548,0.0,0.0
1780414560.584139,Mistral-7B-Instruct-v0.3-Q5_K_M.gguf,5210.83,2.98788,0.0,0.0
1780414561.090507,Mistral-7B-Instruct-v0.3-Q5_K_M.gguf,5210.83,2.87337,0.0,0.0
1780414561.597194,Mistral-7B-Instruct-v0.3-Q5_K_M.gguf,5210.83,2.81907,0.0,0.0
1780414562.1039722,Mistral-7B-Instruct-v0.3-Q5_K_M.gguf,5210.83,2.99094,0.0,0.0
1780414562.610816,Mistral-7B-Instruct-v0.3-Q5_K_M.gguf,5210.83,2.69968,0.0,0.0
1780414563.117331,Mistral-7B-Instruct-v0.3-Q5_K_M.gguf,5210.83,2.85909,0.0,0.0
1780414563.6239512,Mistral-7B-Instruct-v0.3-Q5_K_M.gguf,5210.83,2.60092,0.0,0.0
1780414564.131157,Mistral-7B-Instruct-v0.3-Q5_K_M.gguf,5210.83,2.8033699999999997,0.0,0.0
1780414564.6382122,Mistral-7B-Instruct-v0.3-Q5_K_M.gguf,5210.83,2.82206,0.0,0.0
1780414565.1451771,Mistral-7B-Instruct-v0.3-Q5_K_M.gguf,5210.83,2.73547,0.0,0.0
1780414565.651702,Mistral-7B-Instruct-v0.3-Q5_K_M.gguf,5210.83,2.99618,0.0,0.0
1780414566.159335,Mistral-7B-Instruct-v0.3-Q5_K_M.gguf,5210.83,2.59242,0.0,0.0
1780414566.6658719,Mistral-7B-Instruct-v0.3-Q5_K_M.gguf,5210.83,2.86567,0.0,0.0
1780414567.172797,Mistral-7B-Instruct-v0.3-Q5_K_M.gguf,5210.83,2.90004,0.0,0.0
1780414567.6794791,Mistral-7B-Instruct-v0.3-Q5_K_M.gguf,5210.83,2.67038,0.0,0.0
1780414568.1863098,Mistral-7B-Instruct-v0.3-Q5_K_M.gguf,5210.83,2.84294,0.0,0.0
1780414568.693408,Mistral-7B-Instruct-v0.3-Q5_K_M.gguf,5210.83,2.7512,0.0,0.0
1780414569.201099,Mistral-7B-Instruct-v0.3-Q5_K_M.gguf,5210.83,2.74528,0.0,0.0
1780414569.707948,Mistral-7B-Instruct-v0.3-Q5_K_M.gguf,5210.83,2.65374,0.0,0.0
1780414570.214925,Mistral-7B-Instruct-v0.3-Q5_K_M.gguf,5210.83,2.82313,0.0,0.0
1780414572.389597,Mistral-7B-Instruct-v0.3-Q5_K_M.gguf,5218.02,2.32939,0.0,0.0
1780414572.896123,Mistral-7B-Instruct-v0.3-Q5_K_M.gguf,5218.03,1.81835,0.0,0.0
1780414573.403455,Mistral-7B-Instruct-v0.3-Q5_K_M.gguf,5218.05,2.39952,0.0,0.0
1780414573.910301,Mistral-7B-Instruct-v0.3-Q5_K_M.gguf,5218.06,2.7554000000000003,0.0,0.0
1780414574.4171782,Mistral-7B-Instruct-v0.3-Q5_K_M.gguf,5218.08,2.738,0.0,0.0
1780414574.924045,Mistral-7B-Instruct-v0.3-Q5_K_M.gguf,5218.08,3.02003,0.0,0.0
1780414575.431642,Mistral-7B-Instruct-v0.3-Q5_K_M.gguf,5218.09,2.9001300000000003,0.0,0.0
1780414575.938537,Mistral-7B-Instruct-v0.3-Q5_K_M.gguf,5218.09,2.7414699999999996,0.0,0.0
1780414576.4452999,Mistral-7B-Instruct-v0.3-Q5_K_M.gguf,5218.08,2.8181100000000003,0.0,0.0
1780414576.953334,Mistral-7B-Instruct-v0.3-Q5_K_M.gguf,5218.08,2.81673,0.0,0.0
1780414577.460396,Mistral-7B-Instruct-v0.3-Q5_K_M.gguf,5218.08,2.89704,0.0,0.0
1780414577.967278,Mistral-7B-Instruct-v0.3-Q5_K_M.gguf,5218.08,2.4317699999999998,0.0,0.0
1780414578.4741051,Mistral-7B-Instruct-v0.3-Q5_K_M.gguf,5218.08,2.89497,0.0,0.0
1780414578.9809349,Mistral-7B-Instruct-v0.3-Q5_K_M.gguf,5218.08,2.94108,0.0,0.0
1780414579.487515,Mistral-7B-Instruct-v0.3-Q5_K_M.gguf,5218.08,2.78068,0.0,0.0
1780414579.994719,Mistral-7B-Instruct-v0.3-Q5_K_M.gguf,5218.08,2.92105,0.0,0.0
1780414580.501493,Mistral-7B-Instruct-v0.3-Q5_K_M.gguf,5218.08,2.64897,0.0,0.0
1780414581.008302,Mistral-7B-Instruct-v0.3-Q5_K_M.gguf,5218.08,2.8780799999999997,0.0,0.0
1780414581.515011,Mistral-7B-Instruct-v0.3-Q5_K_M.gguf,5218.08,2.7906,0.0,0.0
1780414582.02202,Mistral-7B-Instruct-v0.3-Q5_K_M.gguf,5218.08,2.69758,0.0,0.0
1780414582.528661,Mistral-7B-Instruct-v0.3-Q5_K_M.gguf,5218.08,2.66319,0.0,0.0
1780414583.035593,Mistral-7B-Instruct-v0.3-Q5_K_M.gguf,5218.08,2.76814,0.0,0.0
1780414583.54256,Mistral-7B-Instruct-v0.3-Q5_K_M.gguf,5218.08,2.85788,0.0,0.0
1780414584.050195,Mistral-7B-Instruct-v0.3-Q5_K_M.gguf,5218.08,2.64206,0.0,0.0
1780414584.557104,Mistral-7B-Instruct-v0.3-Q5_K_M.gguf,5218.08,2.595,0.0,0.0
1780414585.063345,Mistral-7B-Instruct-v0.3-Q5_K_M.gguf,5218.08,2.5397800000000004,0.0,0.0
1780414585.570153,Mistral-7B-Instruct-v0.3-Q5_K_M.gguf,5218.08,3.1115399999999998,0.0,0.0
1780414586.078069,Mistral-7B-Instruct-v0.3-Q5_K_M.gguf,5218.08,3.05707,0.0,0.0
1780414586.584765,Mistral-7B-Instruct-v0.3-Q5_K_M.gguf,5218.08,2.58501,0.0,0.0
1780414587.0922859,Mistral-7B-Instruct-v0.3-Q5_K_M.gguf,5218.08,2.20327,0.0,0.0
1780414587.599235,Mistral-7B-Instruct-v0.3-Q5_K_M.gguf,5218.08,4.05823,0.0,0.0
1780414588.1068769,Mistral-7B-Instruct-v0.3-Q5_K_M.gguf,5218.08,2.41146,0.0,0.0
1780414588.6133919,Mistral-7B-Instruct-v0.3-Q5_K_M.gguf,5218.08,2.64727,0.0,0.0
1780414589.1203141,Mistral-7B-Instruct-v0.3-Q5_K_M.gguf,5218.08,2.76507,0.0,0.0
1780414589.627011,Mistral-7B-Instruct-v0.3-Q5_K_M.gguf,5218.08,3.02684,0.0,0.0
1780414590.133746,Mistral-7B-Instruct-v0.3-Q5_K_M.gguf,5218.08,2.91229,0.0,0.0
1780414590.640693,Mistral-7B-Instruct-v0.3-Q5_K_M.gguf,5218.08,2.89273,0.0,0.0
1780414591.145793,Mistral-7B-Instruct-v0.3-Q5_K_M.gguf,5218.08,2.79056,0.0,0.0
1780414591.652459,Mistral-7B-Instruct-v0.3-Q5_K_M.gguf,5218.08,2.5799499999999997,0.0,0.0
1780414592.159355,Mistral-7B-Instruct-v0.3-Q5_K_M.gguf,5218.08,2.78432,0.0,0.0
1780414592.6660979,Mistral-7B-Instruct-v0.3-Q5_K_M.gguf,5218.08,2.7215,0.0,0.0
1780414593.1728692,Mistral-7B-Instruct-v0.3-Q5_K_M.gguf,5218.08,2.46483,0.0,0.0
1780414593.6795468,Mistral-7B-Instruct-v0.3-Q5_K_M.gguf,5218.08,2.82798,0.0,0.0
1780414594.186325,Mistral-7B-Instruct-v0.3-Q5_K_M.gguf,5218.08,2.82973,0.0,0.0
1780414594.693414,Mistral-7B-Instruct-v0.3-Q5_K_M.gguf,5218.08,2.7636,0.0,0.0
1780414595.200932,Mistral-7B-Instruct-v0.3-Q5_K_M.gguf,5218.08,2.4684299999999997,0.0,0.0
1780414595.708769,Mistral-7B-Instruct-v0.3-Q5_K_M.gguf,5218.08,2.4856599999999998,0.0,0.0
1780414596.215101,Mistral-7B-Instruct-v0.3-Q5_K_M.gguf,5218.08,3.91157,0.0,0.0
1780414598.919787,Mistral-7B-Instruct-v0.3-Q5_K_M.gguf,5212.97,2.74268,0.0,0.0
1780414599.426223,Mistral-7B-Instruct-v0.3-Q5_K_M.gguf,5212.97,2.49199,0.0,0.0
1780414599.933269,Mistral-7B-Instruct-v0.3-Q5_K_M.gguf,5213.02,2.70972,0.0,0.0
1780414600.4401448,Mistral-7B-Instruct-v0.3-Q5_K_M.gguf,5213.03,2.71583,0.0,0.0
1780414600.947289,Mistral-7B-Instruct-v0.3-Q5_K_M.gguf,5213.03,2.68125,0.0,0.0
1780414601.454201,Mistral-7B-Instruct-v0.3-Q5_K_M.gguf,5213.05,2.66556,0.0,0.0
1780414601.961208,Mistral-7B-Instruct-v0.3-Q5_K_M.gguf,5213.05,2.83832,0.0,0.0
1780414602.468155,Mistral-7B-Instruct-v0.3-Q5_K_M.gguf,5213.03,2.77793,0.0,0.0
1780414602.975821,Mistral-7B-Instruct-v0.3-Q5_K_M.gguf,5213.03,2.7451999999999996,0.0,0.0
1780414603.482919,Mistral-7B-Instruct-v0.3-Q5_K_M.gguf,5213.03,2.5188,0.0,0.0
1780414603.989291,Mistral-7B-Instruct-v0.3-Q5_K_M.gguf,5213.03,2.4963200000000003,0.0,0.0
1780414604.495826,Mistral-7B-Instruct-v0.3-Q5_K_M.gguf,5213.03,2.94216,0.0,0.0
1780414605.003072,Mistral-7B-Instruct-v0.3-Q5_K_M.gguf,5213.03,2.8043299999999998,0.0,0.0
1780414605.509446,Mistral-7B-Instruct-v0.3-Q5_K_M.gguf,5213.03,2.88219,0.0,0.0
1780414606.01583,Mistral-7B-Instruct-v0.3-Q5_K_M.gguf,5213.05,2.78614,0.0,0.0
1780414606.5226,Mistral-7B-Instruct-v0.3-Q5_K_M.gguf,5213.05,2.66046,0.0,0.0
1780414607.0293849,Mistral-7B-Instruct-v0.3-Q5_K_M.gguf,5213.05,2.67723,0.0,0.0
1780414607.536204,Mistral-7B-Instruct-v0.3-Q5_K_M.gguf,5213.05,2.7016999999999998,0.0,0.0
1780414608.0430021,Mistral-7B-Instruct-v0.3-Q5_K_M.gguf,5213.05,2.6145500000000004,0.0,0.0
1780414608.5496252,Mistral-7B-Instruct-v0.3-Q5_K_M.gguf,5213.05,2.70164,0.0,0.0
1780414609.056428,Mistral-7B-Instruct-v0.3-Q5_K_M.gguf,5213.05,2.74873,0.0,0.0
1780414609.563395,Mistral-7B-Instruct-v0.3-Q5_K_M.gguf,5213.05,2.76518,0.0,0.0
1780414610.069951,Mistral-7B-Instruct-v0.3-Q5_K_M.gguf,5213.05,2.47623,0.0,0.0
1780414610.576704,Mistral-7B-Instruct-v0.3-Q5_K_M.gguf,5213.05,2.55334,0.0,0.0
1780414611.083328,Mistral-7B-Instruct-v0.3-Q5_K_M.gguf,5213.05,2.8601300000000003,0.0,0.0
1780414611.5902138,Mistral-7B-Instruct-v0.3-Q5_K_M.gguf,5213.05,2.30494,0.0,0.0
1780414612.097408,Mistral-7B-Instruct-v0.3-Q5_K_M.gguf,5213.05,2.64114,0.0,0.0
1780414612.604774,Mistral-7B-Instruct-v0.3-Q5_K_M.gguf,5213.05,2.98713,0.0,0.0
1780414613.111402,Mistral-7B-Instruct-v0.3-Q5_K_M.gguf,5213.05,2.93898,0.0,0.0
1780414613.6182551,Mistral-7B-Instruct-v0.3-Q5_K_M.gguf,5213.05,2.88644,0.0,0.0
1780414614.125083,Mistral-7B-Instruct-v0.3-Q5_K_M.gguf,5213.05,2.8550999999999997,0.0,0.0
1780414614.6316931,Mistral-7B-Instruct-v0.3-Q5_K_M.gguf,5213.05,2.5176100000000003,0.0,0.0
1780414615.138446,Mistral-7B-Instruct-v0.3-Q5_K_M.gguf,5213.05,2.54909,0.0,0.0
1780414615.645173,Mistral-7B-Instruct-v0.3-Q5_K_M.gguf,5213.05,2.7274000000000003,0.0,0.0
1780414616.1527412,Mistral-7B-Instruct-v0.3-Q5_K_M.gguf,5213.05,2.7921,0.0,0.0
1780414616.659252,Mistral-7B-Instruct-v0.3-Q5_K_M.gguf,5213.05,2.68412,0.0,0.0
1780414617.16582,Mistral-7B-Instruct-v0.3-Q5_K_M.gguf,5213.05,2.73869,0.0,0.0
1780414617.672555,Mistral-7B-Instruct-v0.3-Q5_K_M.gguf,5213.05,2.70934,0.0,0.0
1780414618.179296,Mistral-7B-Instruct-v0.3-Q5_K_M.gguf,5213.05,2.76381,0.0,0.0
1780414618.685947,Mistral-7B-Instruct-v0.3-Q5_K_M.gguf,5213.05,2.52942,0.0,0.0
1780414619.192706,Mistral-7B-Instruct-v0.3-Q5_K_M.gguf,5213.05,2.7121500000000003,0.0,0.0
1780414619.6995242,Mistral-7B-Instruct-v0.3-Q5_K_M.gguf,5213.05,2.43155,0.0,0.0
1780414620.206591,Mistral-7B-Instruct-v0.3-Q5_K_M.gguf,5213.05,2.3777600000000003,0.0,0.0
1780414620.7134342,Mistral-7B-Instruct-v0.3-Q5_K_M.gguf,5213.05,2.75882,0.0,0.0
1780414621.219881,Mistral-7B-Instruct-v0.3-Q5_K_M.gguf,5213.05,2.89001,0.0,0.0
1780414621.7266471,Mistral-7B-Instruct-v0.3-Q5_K_M.gguf,5213.05,3.03822,0.0,0.0
1780414622.2334359,Mistral-7B-Instruct-v0.3-Q5_K_M.gguf,5213.05,2.80881,0.0,0.0
1780414622.7555468,Mistral-7B-Instruct-v0.3-Q5_K_M.gguf,58.67,2.59119,0.0,0.0
1780414624.5926678,Mistral-7B-Instruct-v0.3-Q5_K_M.gguf,5212.19,2.35832,0.0,0.0
1780414625.099297,Mistral-7B-Instruct-v0.3-Q5_K_M.gguf,5212.19,1.85019,0.0,0.0
1780414625.606849,Mistral-7B-Instruct-v0.3-Q5_K_M.gguf,5212.19,2.23917,0.0,0.0
1780414626.113178,Mistral-7B-Instruct-v0.3-Q5_K_M.gguf,5212.19,2.46297,0.0,0.0
1780414626.620074,Mistral-7B-Instruct-v0.3-Q5_K_M.gguf,5212.19,2.6469699999999996,0.0,0.0
1780414627.126421,Mistral-7B-Instruct-v0.3-Q5_K_M.gguf,5212.22,2.9714899999999997,0.0,0.0
1780414627.63376,Mistral-7B-Instruct-v0.3-Q5_K_M.gguf,5212.22,2.8329899999999997,0.0,0.0
1780414628.140521,Mistral-7B-Instruct-v0.3-Q5_K_M.gguf,5212.23,2.97754,0.0,0.0
1780414628.647347,Mistral-7B-Instruct-v0.3-Q5_K_M.gguf,5212.19,2.53663,0.0,0.0
1780414629.154618,Mistral-7B-Instruct-v0.3-Q5_K_M.gguf,5212.19,2.62744,0.0,0.0
1780414629.661186,Mistral-7B-Instruct-v0.3-Q5_K_M.gguf,5212.2,2.61632,0.0,0.0
1780414630.1676328,Mistral-7B-Instruct-v0.3-Q5_K_M.gguf,5212.2,2.60292,0.0,0.0
1780414630.674325,Mistral-7B-Instruct-v0.3-Q5_K_M.gguf,5212.2,2.86299,0.0,0.0
1780414631.18192,Mistral-7B-Instruct-v0.3-Q5_K_M.gguf,5212.2,2.87257,0.0,0.0
1780414631.6886132,Mistral-7B-Instruct-v0.3-Q5_K_M.gguf,5212.2,2.60711,0.0,0.0
1780414632.195311,Mistral-7B-Instruct-v0.3-Q5_K_M.gguf,5212.2,2.66134,0.0,0.0
1780414632.7017841,Mistral-7B-Instruct-v0.3-Q5_K_M.gguf,5212.2,2.6390599999999997,0.0,0.0
1780414633.208642,Mistral-7B-Instruct-v0.3-Q5_K_M.gguf,5212.2,2.80481,0.0,0.0
1780414633.715167,Mistral-7B-Instruct-v0.3-Q5_K_M.gguf,5212.2,2.671,0.0,0.0
1780414634.221898,Mistral-7B-Instruct-v0.3-Q5_K_M.gguf,5212.2,2.64631,0.0,0.0
1780414634.728513,Mistral-7B-Instruct-v0.3-Q5_K_M.gguf,5212.2,2.74221,0.0,0.0
1780414635.23543,Mistral-7B-Instruct-v0.3-Q5_K_M.gguf,5212.2,2.6439,0.0,0.0
1780414635.741875,Mistral-7B-Instruct-v0.3-Q5_K_M.gguf,5212.2,2.69259,0.0,0.0
1780414636.248422,Mistral-7B-Instruct-v0.3-Q5_K_M.gguf,5212.2,2.74512,0.0,0.0
1780414636.755209,Mistral-7B-Instruct-v0.3-Q5_K_M.gguf,5212.2,2.66092,0.0,0.0
1780414637.261945,Mistral-7B-Instruct-v0.3-Q5_K_M.gguf,5212.2,2.7595300000000003,0.0,0.0
1780414637.768606,Mistral-7B-Instruct-v0.3-Q5_K_M.gguf,5212.2,2.4885300000000004,0.0,0.0
1780414638.275648,Mistral-7B-Instruct-v0.3-Q5_K_M.gguf,5212.2,2.74558,0.0,0.0
1780414638.782122,Mistral-7B-Instruct-v0.3-Q5_K_M.gguf,5212.2,2.62629,0.0,0.0
1780414639.2891169,Mistral-7B-Instruct-v0.3-Q5_K_M.gguf,5212.2,2.63793,0.0,0.0
1780414639.7956321,Mistral-7B-Instruct-v0.3-Q5_K_M.gguf,5212.2,2.69018,0.0,0.0
1780414640.302229,Mistral-7B-Instruct-v0.3-Q5_K_M.gguf,5212.22,2.5765700000000002,0.0,0.0
1780414640.809023,Mistral-7B-Instruct-v0.3-Q5_K_M.gguf,5212.22,2.69068,0.0,0.0
1780414641.315745,Mistral-7B-Instruct-v0.3-Q5_K_M.gguf,5212.22,2.6923000000000004,0.0,0.0
1780414641.8225431,Mistral-7B-Instruct-v0.3-Q5_K_M.gguf,5212.22,2.74269,0.0,0.0
1780414642.32897,Mistral-7B-Instruct-v0.3-Q5_K_M.gguf,5212.22,2.7258400000000003,0.0,0.0
1780414642.8360279,Mistral-7B-Instruct-v0.3-Q5_K_M.gguf,5212.22,2.61626,0.0,0.0
1780414643.3420742,Mistral-7B-Instruct-v0.3-Q5_K_M.gguf,5212.22,2.6992800000000003,0.0,0.0
1780414643.848743,Mistral-7B-Instruct-v0.3-Q5_K_M.gguf,5212.22,2.6001,0.0,0.0
1780414644.356108,Mistral-7B-Instruct-v0.3-Q5_K_M.gguf,5212.22,2.5444899999999997,0.0,0.0
1780414644.863023,Mistral-7B-Instruct-v0.3-Q5_K_M.gguf,5212.22,2.64083,0.0,0.0
1780414645.36968,Mistral-7B-Instruct-v0.3-Q5_K_M.gguf,5212.22,2.44119,0.0,0.0
1780414645.8772569,Mistral-7B-Instruct-v0.3-Q5_K_M.gguf,5212.22,2.85644,0.0,0.0
1780414646.383714,Mistral-7B-Instruct-v0.3-Q5_K_M.gguf,5212.22,2.6500700000000004,0.0,0.0
1780414646.890472,Mistral-7B-Instruct-v0.3-Q5_K_M.gguf,5212.22,2.6183400000000003,0.0,0.0
1780414647.3971179,Mistral-7B-Instruct-v0.3-Q5_K_M.gguf,5212.22,2.66369,0.0,0.0
1780414647.903906,Mistral-7B-Instruct-v0.3-Q5_K_M.gguf,5212.22,2.52555,0.0,0.0
1780414648.4106722,Mistral-7B-Instruct-v0.3-Q5_K_M.gguf,5212.22,2.74558,0.0,0.0
1780414648.917365,Mistral-7B-Instruct-v0.3-Q5_K_M.gguf,5212.22,2.63625,0.0,0.0
1780414649.4225721,Mistral-7B-Instruct-v0.3-Q5_K_M.gguf,14359.86,2.7309099999999997,0.0,0.0
1780414651.21489,Mistral-7B-Instruct-v0.3-Q5_K_M.gguf,5216.7,2.38619,0.0,0.0
1780414651.722156,Mistral-7B-Instruct-v0.3-Q5_K_M.gguf,5216.7,1.98717,0.0,0.0
1780414652.2289531,Mistral-7B-Instruct-v0.3-Q5_K_M.gguf,5216.72,2.1518,0.0,0.0
1780414652.735629,Mistral-7B-Instruct-v0.3-Q5_K_M.gguf,5216.72,2.35941,0.0,0.0
1780414653.242461,Mistral-7B-Instruct-v0.3-Q5_K_M.gguf,5216.72,2.78901,0.0,0.0
1780414653.749293,Mistral-7B-Instruct-v0.3-Q5_K_M.gguf,5216.72,2.88804,0.0,0.0
1780414654.256095,Mistral-7B-Instruct-v0.3-Q5_K_M.gguf,5216.72,2.71476,0.0,0.0
1780414654.762917,Mistral-7B-Instruct-v0.3-Q5_K_M.gguf,5216.7,2.68487,0.0,0.0
1780414655.269674,Mistral-7B-Instruct-v0.3-Q5_K_M.gguf,5216.7,2.39882,0.0,0.0
1780414655.7762449,Mistral-7B-Instruct-v0.3-Q5_K_M.gguf,5216.7,2.71148,0.0,0.0
1780414656.283087,Mistral-7B-Instruct-v0.3-Q5_K_M.gguf,5216.72,2.7054,0.0,0.0
1780414656.78998,Mistral-7B-Instruct-v0.3-Q5_K_M.gguf,5216.72,2.6444,0.0,0.0
1780414657.296418,Mistral-7B-Instruct-v0.3-Q5_K_M.gguf,5216.72,2.5555,0.0,0.0
1780414657.803406,Mistral-7B-Instruct-v0.3-Q5_K_M.gguf,5216.72,2.66955,0.0,0.0
1780414658.3100271,Mistral-7B-Instruct-v0.3-Q5_K_M.gguf,5216.72,2.68652,0.0,0.0
1780414658.8167338,Mistral-7B-Instruct-v0.3-Q5_K_M.gguf,5216.72,2.57875,0.0,0.0
1780414659.323041,Mistral-7B-Instruct-v0.3-Q5_K_M.gguf,5216.72,2.67231,0.0,0.0
1780414659.829952,Mistral-7B-Instruct-v0.3-Q5_K_M.gguf,5216.72,2.6684099999999997,0.0,0.0
1780414660.336542,Mistral-7B-Instruct-v0.3-Q5_K_M.gguf,5216.72,2.5493200000000003,0.0,0.0
1780414660.843442,Mistral-7B-Instruct-v0.3-Q5_K_M.gguf,5216.73,2.42704,0.0,0.0
1780414661.349958,Mistral-7B-Instruct-v0.3-Q5_K_M.gguf,5216.73,2.4950799999999997,0.0,0.0
1780414661.8565388,Mistral-7B-Instruct-v0.3-Q5_K_M.gguf,5216.73,2.73626,0.0,0.0
1780414662.363102,Mistral-7B-Instruct-v0.3-Q5_K_M.gguf,5216.73,2.85665,0.0,0.0
1780414662.870555,Mistral-7B-Instruct-v0.3-Q5_K_M.gguf,5216.73,2.61941,0.0,0.0
1780414663.376477,Mistral-7B-Instruct-v0.3-Q5_K_M.gguf,5216.73,2.55228,0.0,0.0
1780414663.883239,Mistral-7B-Instruct-v0.3-Q5_K_M.gguf,5216.73,2.59075,0.0,0.0
1780414664.3900568,Mistral-7B-Instruct-v0.3-Q5_K_M.gguf,5216.73,2.64735,0.0,0.0
1780414664.8971462,Mistral-7B-Instruct-v0.3-Q5_K_M.gguf,5216.73,2.66185,0.0,0.0
1780414665.4037728,Mistral-7B-Instruct-v0.3-Q5_K_M.gguf,5216.73,2.44884,0.0,0.0
1780414665.9104798,Mistral-7B-Instruct-v0.3-Q5_K_M.gguf,5216.73,2.6119,0.0,0.0
1780414666.417196,Mistral-7B-Instruct-v0.3-Q5_K_M.gguf,5216.73,2.6246300000000002,0.0,0.0
1780414666.924845,Mistral-7B-Instruct-v0.3-Q5_K_M.gguf,5216.73,2.5022800000000003,0.0,0.0
1780414667.431387,Mistral-7B-Instruct-v0.3-Q5_K_M.gguf,5216.73,2.46482,0.0,0.0
1780414667.938041,Mistral-7B-Instruct-v0.3-Q5_K_M.gguf,5216.73,2.57414,0.0,0.0
1780414668.44491,Mistral-7B-Instruct-v0.3-Q5_K_M.gguf,5216.73,2.8554299999999997,0.0,0.0
1780414668.951361,Mistral-7B-Instruct-v0.3-Q5_K_M.gguf,5216.73,2.69393,0.0,0.0
1780414669.458265,Mistral-7B-Instruct-v0.3-Q5_K_M.gguf,5216.73,2.6165700000000003,0.0,0.0
1780414669.964656,Mistral-7B-Instruct-v0.3-Q5_K_M.gguf,5216.73,2.60199,0.0,0.0
1780414670.471519,Mistral-7B-Instruct-v0.3-Q5_K_M.gguf,5216.73,2.522,0.0,0.0
1780414670.9779332,Mistral-7B-Instruct-v0.3-Q5_K_M.gguf,5216.73,2.60394,0.0,0.0
1780414671.484658,Mistral-7B-Instruct-v0.3-Q5_K_M.gguf,5216.73,2.57122,0.0,0.0
1780414671.992478,Mistral-7B-Instruct-v0.3-Q5_K_M.gguf,5216.73,2.5409800000000002,0.0,0.0
1780414672.4988391,Mistral-7B-Instruct-v0.3-Q5_K_M.gguf,5216.73,2.6250999999999998,0.0,0.0
1780414673.005836,Mistral-7B-Instruct-v0.3-Q5_K_M.gguf,5216.73,2.1858899999999997,0.0,0.0
1780414673.5126321,Mistral-7B-Instruct-v0.3-Q5_K_M.gguf,5216.73,2.65143,0.0,0.0
1780414674.019277,Mistral-7B-Instruct-v0.3-Q5_K_M.gguf,5216.73,2.61221,0.0,0.0
1780414674.5260181,Mistral-7B-Instruct-v0.3-Q5_K_M.gguf,5216.73,2.79385,0.0,0.0
1780414675.032634,Mistral-7B-Instruct-v0.3-Q5_K_M.gguf,5216.73,2.5895,0.0,0.0
1780414675.5394611,Mistral-7B-Instruct-v0.3-Q5_K_M.gguf,5216.73,2.5985300000000002,0.0,0.0
1780414676.04686,Mistral-7B-Instruct-v0.3-Q5_K_M.gguf,5216.73,2.44194,0.0,0.0
1780414676.55502,Mistral-7B-Instruct-v0.3-Q5_K_M.gguf,62.41,2.5255199999999998,0.0,0.0
1780414678.37341,Mistral-7B-Instruct-v0.3-Q5_K_M.gguf,5210.72,1.8811,0.0,0.0
1780414678.880183,Mistral-7B-Instruct-v0.3-Q5_K_M.gguf,5210.73,1.54998,0.0,0.0
1780414679.388205,Mistral-7B-Instruct-v0.3-Q5_K_M.gguf,5210.75,1.9672100000000001,0.0,0.0
1780414679.8943958,Mistral-7B-Instruct-v0.3-Q5_K_M.gguf,5210.8,2.21288,0.0,0.0
1780414680.401526,Mistral-7B-Instruct-v0.3-Q5_K_M.gguf,5210.84,2.54217,0.0,0.0
1780414680.909101,Mistral-7B-Instruct-v0.3-Q5_K_M.gguf,5210.84,2.8646,0.0,0.0
1780414681.416029,Mistral-7B-Instruct-v0.3-Q5_K_M.gguf,5210.86,2.86129,0.0,0.0
1780414681.92253,Mistral-7B-Instruct-v0.3-Q5_K_M.gguf,5210.88,2.86179,0.0,0.0
1780414682.429921,Mistral-7B-Instruct-v0.3-Q5_K_M.gguf,5210.83,2.8278600000000003,0.0,0.0
1780414682.93581,Mistral-7B-Instruct-v0.3-Q5_K_M.gguf,5210.83,2.71763,0.0,0.0
1780414683.442323,Mistral-7B-Instruct-v0.3-Q5_K_M.gguf,5210.83,2.7033899999999997,0.0,0.0
1780414683.949208,Mistral-7B-Instruct-v0.3-Q5_K_M.gguf,5210.83,2.60767,0.0,0.0
1780414684.455817,Mistral-7B-Instruct-v0.3-Q5_K_M.gguf,5210.83,2.44181,0.0,0.0
1780414684.963242,Mistral-7B-Instruct-v0.3-Q5_K_M.gguf,5210.83,2.50046,0.0,0.0
1780414685.4700658,Mistral-7B-Instruct-v0.3-Q5_K_M.gguf,5210.83,2.31866,0.0,0.0
1780414685.976855,Mistral-7B-Instruct-v0.3-Q5_K_M.gguf,5210.83,2.6007800000000003,0.0,0.0
1780414686.4834108,Mistral-7B-Instruct-v0.3-Q5_K_M.gguf,5210.83,2.54089,0.0,0.0
1780414686.990098,Mistral-7B-Instruct-v0.3-Q5_K_M.gguf,5210.83,2.61986,0.0,0.0
1780414687.496501,Mistral-7B-Instruct-v0.3-Q5_K_M.gguf,5210.83,2.74352,0.0,0.0
1780414688.0034401,Mistral-7B-Instruct-v0.3-Q5_K_M.gguf,5210.83,2.55591,0.0,0.0
1780414688.510029,Mistral-7B-Instruct-v0.3-Q5_K_M.gguf,5210.83,2.56885,0.0,0.0
1780414689.016748,Mistral-7B-Instruct-v0.3-Q5_K_M.gguf,5210.84,2.42878,0.0,0.0
1780414689.523438,Mistral-7B-Instruct-v0.3-Q5_K_M.gguf,5210.84,2.49125,0.0,0.0
1780414690.029901,Mistral-7B-Instruct-v0.3-Q5_K_M.gguf,5210.84,2.48461,0.0,0.0
1780414690.5366871,Mistral-7B-Instruct-v0.3-Q5_K_M.gguf,5210.84,2.49229,0.0,0.0
1780414691.043457,Mistral-7B-Instruct-v0.3-Q5_K_M.gguf,5210.84,2.57529,0.0,0.0
1780414691.55002,Mistral-7B-Instruct-v0.3-Q5_K_M.gguf,5210.84,2.43679,0.0,0.0
1780414692.0567129,Mistral-7B-Instruct-v0.3-Q5_K_M.gguf,5210.84,2.39743,0.0,0.0
1780414692.56337,Mistral-7B-Instruct-v0.3-Q5_K_M.gguf,5210.84,2.62743,0.0,0.0
1780414693.070009,Mistral-7B-Instruct-v0.3-Q5_K_M.gguf,5210.84,2.4096599999999997,0.0,0.0
1780414693.57734,Mistral-7B-Instruct-v0.3-Q5_K_M.gguf,5210.84,2.66284,0.0,0.0
1780414694.083862,Mistral-7B-Instruct-v0.3-Q5_K_M.gguf,5210.84,2.36865,0.0,0.0
1780414694.5907269,Mistral-7B-Instruct-v0.3-Q5_K_M.gguf,5210.84,2.50461,0.0,0.0
1780414695.097176,Mistral-7B-Instruct-v0.3-Q5_K_M.gguf,5210.84,2.52431,0.0,0.0
1780414695.6037838,Mistral-7B-Instruct-v0.3-Q5_K_M.gguf,5210.84,2.56689,0.0,0.0
1780414696.110594,Mistral-7B-Instruct-v0.3-Q5_K_M.gguf,5210.84,2.51667,0.0,0.0
1780414696.617208,Mistral-7B-Instruct-v0.3-Q5_K_M.gguf,5210.84,2.35058,0.0,0.0
1780414697.123868,Mistral-7B-Instruct-v0.3-Q5_K_M.gguf,5210.84,2.08192,0.0,0.0
1780414697.630857,Mistral-7B-Instruct-v0.3-Q5_K_M.gguf,5210.84,2.66283,0.0,0.0
1780414698.1375601,Mistral-7B-Instruct-v0.3-Q5_K_M.gguf,5210.84,2.6800100000000002,0.0,0.0
1780414698.6443362,Mistral-7B-Instruct-v0.3-Q5_K_M.gguf,5210.84,2.5968,0.0,0.0
1780414699.151197,Mistral-7B-Instruct-v0.3-Q5_K_M.gguf,5210.84,2.33248,0.0,0.0
1780414699.657662,Mistral-7B-Instruct-v0.3-Q5_K_M.gguf,5210.84,2.42664,0.0,0.0
1780414700.16448,Mistral-7B-Instruct-v0.3-Q5_K_M.gguf,5210.84,2.48238,0.0,0.0
1780414700.671896,Mistral-7B-Instruct-v0.3-Q5_K_M.gguf,5210.84,2.39425,0.0,0.0
1780414701.177927,Mistral-7B-Instruct-v0.3-Q5_K_M.gguf,5210.84,2.3168,0.0,0.0
1780414701.684473,Mistral-7B-Instruct-v0.3-Q5_K_M.gguf,5210.84,2.50171,0.0,0.0
1780414702.191148,Mistral-7B-Instruct-v0.3-Q5_K_M.gguf,5210.84,2.55254,0.0,0.0
1780414702.697919,Mistral-7B-Instruct-v0.3-Q5_K_M.gguf,5210.84,2.61936,0.0,0.0
1780414703.20464,Mistral-7B-Instruct-v0.3-Q5_K_M.gguf,5210.84,2.4239699999999997,0.0,0.0
1780414703.711263,Mistral-7B-Instruct-v0.3-Q5_K_M.gguf,5210.84,2.44691,0.0,0.0
1780414704.217825,Mistral-7B-Instruct-v0.3-Q5_K_M.gguf,5210.84,2.52801,0.0,0.0
1780414706.809622,Mistral-7B-Instruct-v0.3-Q5_K_M.gguf,5211.47,2.0076,0.0,0.0
1780414707.316921,Mistral-7B-Instruct-v0.3-Q5_K_M.gguf,5211.47,2.20257,0.0,0.0
1780414707.824394,Mistral-7B-Instruct-v0.3-Q5_K_M.gguf,5211.47,2.31094,0.0,0.0
1780414708.3312168,Mistral-7B-Instruct-v0.3-Q5_K_M.gguf,5211.48,2.6155500000000003,0.0,0.0
1780414708.8382452,Mistral-7B-Instruct-v0.3-Q5_K_M.gguf,5211.5,2.45954,0.0,0.0
1780414709.3453062,Mistral-7B-Instruct-v0.3-Q5_K_M.gguf,5211.5,2.52096,0.0,0.0
1780414709.852355,Mistral-7B-Instruct-v0.3-Q5_K_M.gguf,5211.52,2.32599,0.0,0.0
1780414710.359193,Mistral-7B-Instruct-v0.3-Q5_K_M.gguf,5211.5,2.2905900000000003,0.0,0.0
1780414710.866053,Mistral-7B-Instruct-v0.3-Q5_K_M.gguf,5211.5,2.54331,0.0,0.0
1780414711.373173,Mistral-7B-Instruct-v0.3-Q5_K_M.gguf,5211.5,2.48496,0.0,0.0
1780414711.879961,Mistral-7B-Instruct-v0.3-Q5_K_M.gguf,5211.5,2.4971799999999997,0.0,0.0
1780414712.386801,Mistral-7B-Instruct-v0.3-Q5_K_M.gguf,5211.5,2.56734,0.0,0.0
1780414712.893205,Mistral-7B-Instruct-v0.3-Q5_K_M.gguf,5211.5,2.56052,0.0,0.0
1780414713.400173,Mistral-7B-Instruct-v0.3-Q5_K_M.gguf,5211.52,2.4878899999999997,0.0,0.0
1780414713.906879,Mistral-7B-Instruct-v0.3-Q5_K_M.gguf,5211.52,2.25456,0.0,0.0
1780414714.4133928,Mistral-7B-Instruct-v0.3-Q5_K_M.gguf,5211.52,2.4954899999999998,0.0,0.0
1780414714.920297,Mistral-7B-Instruct-v0.3-Q5_K_M.gguf,5211.52,2.42755,0.0,0.0
1780414715.4273002,Mistral-7B-Instruct-v0.3-Q5_K_M.gguf,5211.52,2.42807,0.0,0.0
1780414715.933781,Mistral-7B-Instruct-v0.3-Q5_K_M.gguf,5211.52,2.40714,0.0,0.0
1780414716.4401028,Mistral-7B-Instruct-v0.3-Q5_K_M.gguf,5211.52,2.49,0.0,0.0
1780414716.947327,Mistral-7B-Instruct-v0.3-Q5_K_M.gguf,5211.52,2.57435,0.0,0.0
1780414717.454155,Mistral-7B-Instruct-v0.3-Q5_K_M.gguf,5211.52,2.3048699999999998,0.0,0.0
1780414717.960871,Mistral-7B-Instruct-v0.3-Q5_K_M.gguf,5211.52,2.45333,0.0,0.0
1780414718.467687,Mistral-7B-Instruct-v0.3-Q5_K_M.gguf,5211.52,2.43046,0.0,0.0
1780414718.974337,Mistral-7B-Instruct-v0.3-Q5_K_M.gguf,5211.53,2.45086,0.0,0.0
1780414719.48108,Mistral-7B-Instruct-v0.3-Q5_K_M.gguf,5211.53,2.54938,0.0,0.0
1780414719.9879491,Mistral-7B-Instruct-v0.3-Q5_K_M.gguf,5211.53,2.31463,0.0,0.0
1780414720.494477,Mistral-7B-Instruct-v0.3-Q5_K_M.gguf,5211.53,2.33658,0.0,0.0
1780414721.0010931,Mistral-7B-Instruct-v0.3-Q5_K_M.gguf,5211.53,2.4744200000000003,0.0,0.0
1780414721.50824,Mistral-7B-Instruct-v0.3-Q5_K_M.gguf,5211.53,2.55805,0.0,0.0
1780414722.0145779,Mistral-7B-Instruct-v0.3-Q5_K_M.gguf,5211.53,2.56006,0.0,0.0
1780414722.521371,Mistral-7B-Instruct-v0.3-Q5_K_M.gguf,5211.53,2.32692,0.0,0.0
1780414723.027949,Mistral-7B-Instruct-v0.3-Q5_K_M.gguf,5211.53,2.4587800000000004,0.0,0.0
1780414723.53464,Mistral-7B-Instruct-v0.3-Q5_K_M.gguf,5211.53,2.423,0.0,0.0
1780414724.041514,Mistral-7B-Instruct-v0.3-Q5_K_M.gguf,5211.53,2.42021,0.0,0.0
1780414724.5480561,Mistral-7B-Instruct-v0.3-Q5_K_M.gguf,5211.53,2.5202199999999997,0.0,0.0
1780414725.054698,Mistral-7B-Instruct-v0.3-Q5_K_M.gguf,5211.53,2.32415,0.0,0.0
1780414725.561276,Mistral-7B-Instruct-v0.3-Q5_K_M.gguf,5211.53,2.464,0.0,0.0
1780414726.067775,Mistral-7B-Instruct-v0.3-Q5_K_M.gguf,5211.53,2.39968,0.0,0.0
1780414726.574605,Mistral-7B-Instruct-v0.3-Q5_K_M.gguf,5211.53,2.38269,0.0,0.0
1780414727.081367,Mistral-7B-Instruct-v0.3-Q5_K_M.gguf,5211.53,2.39908,0.0,0.0
1780414727.587992,Mistral-7B-Instruct-v0.3-Q5_K_M.gguf,5211.53,2.3519099999999997,0.0,0.0
1780414728.09478,Mistral-7B-Instruct-v0.3-Q5_K_M.gguf,5211.53,2.4745,0.0,0.0
1780414728.6014788,Mistral-7B-Instruct-v0.3-Q5_K_M.gguf,5211.53,2.39223,0.0,0.0
1780414729.108077,Mistral-7B-Instruct-v0.3-Q5_K_M.gguf,5211.53,2.2673400000000004,0.0,0.0
1780414729.6147,Mistral-7B-Instruct-v0.3-Q5_K_M.gguf,5211.53,2.5538600000000002,0.0,0.0
1780414730.1215942,Mistral-7B-Instruct-v0.3-Q5_K_M.gguf,5211.53,2.4220300000000003,0.0,0.0
1780414730.629428,Mistral-7B-Instruct-v0.3-Q5_K_M.gguf,5211.53,2.5439499999999997,0.0,0.0
1780414731.135906,Mistral-7B-Instruct-v0.3-Q5_K_M.gguf,5211.53,2.2808699999999997,0.0,0.0
1780414731.642766,Mistral-7B-Instruct-v0.3-Q5_K_M.gguf,5211.53,2.42659,0.0,0.0
1780414732.149413,Mistral-7B-Instruct-v0.3-Q5_K_M.gguf,5211.53,2.4717,0.0,0.0
1780414732.656426,Mistral-7B-Instruct-v0.3-Q5_K_M.gguf,5211.53,2.3753200000000003,0.0,0.0
1780414733.1662772,Mistral-7B-Instruct-v0.3-Q5_K_M.gguf,57.12,2.46718,0.0,0.0
1780415335.5456362,Mistral-7B-Instruct-v0.3-Q5_K_M.gguf,5984.94,0.803315,0.0,0.0
1780415336.057733,Mistral-7B-Instruct-v0.3-Q5_K_M.gguf,5984.94,0.922395,0.0,0.0
1780415336.568338,Mistral-7B-Instruct-v0.3-Q5_K_M.gguf,5984.94,1.19245,0.0,0.0
1780415337.078938,Mistral-7B-Instruct-v0.3-Q5_K_M.gguf,5984.94,0.87482,0.0,0.0
1780415337.5899541,Mistral-7B-Instruct-v0.3-Q5_K_M.gguf,5984.94,1.01802,0.0,0.0
1780415338.098142,Mistral-7B-Instruct-v0.3-Q5_K_M.gguf,5984.94,1.0381500000000001,0.0,0.0
1780415338.608667,Mistral-7B-Instruct-v0.3-Q5_K_M.gguf,5984.94,1.00401,0.0,0.0
1780415339.1167722,Mistral-7B-Instruct-v0.3-Q5_K_M.gguf,5984.94,1.03705,0.0,0.0
1780415339.626514,Mistral-7B-Instruct-v0.3-Q5_K_M.gguf,5984.89,1.0838299999999998,0.0,0.0
1780415340.1346052,Mistral-7B-Instruct-v0.3-Q5_K_M.gguf,5984.89,1.62685,0.0,0.0
1780415340.6438148,Mistral-7B-Instruct-v0.3-Q5_K_M.gguf,5984.89,1.60353,0.0,0.0
1780415341.151906,Mistral-7B-Instruct-v0.3-Q5_K_M.gguf,5984.89,1.59144,0.0,0.0
1780415341.661261,Mistral-7B-Instruct-v0.3-Q5_K_M.gguf,5984.89,1.51796,0.0,0.0
1780415342.169546,Mistral-7B-Instruct-v0.3-Q5_K_M.gguf,5984.98,1.61741,0.0,0.0
1780415342.677443,Mistral-7B-Instruct-v0.3-Q5_K_M.gguf,5984.98,1.65296,0.0,0.0
1780415343.185979,Mistral-7B-Instruct-v0.3-Q5_K_M.gguf,5984.98,1.45794,0.0,0.0
1780415343.694036,Mistral-7B-Instruct-v0.3-Q5_K_M.gguf,5984.98,1.28594,0.0,0.0
1780415344.2022882,Mistral-7B-Instruct-v0.3-Q5_K_M.gguf,5984.98,1.54608,0.0,0.0
1780415344.710828,Mistral-7B-Instruct-v0.3-Q5_K_M.gguf,5984.98,1.5616700000000001,0.0,0.0
1780415345.2192252,Mistral-7B-Instruct-v0.3-Q5_K_M.gguf,5984.98,1.66021,0.0,0.0
1780415345.727472,Mistral-7B-Instruct-v0.3-Q5_K_M.gguf,5984.98,1.5755899999999998,0.0,0.0
1780415346.236143,Mistral-7B-Instruct-v0.3-Q5_K_M.gguf,5984.98,1.71698,0.0,0.0
1780415346.7444422,Mistral-7B-Instruct-v0.3-Q5_K_M.gguf,5984.98,1.4579600000000001,0.0,0.0
1780415347.2530382,Mistral-7B-Instruct-v0.3-Q5_K_M.gguf,5984.98,1.58476,0.0,0.0
1780415347.761237,Mistral-7B-Instruct-v0.3-Q5_K_M.gguf,5984.98,1.3554000000000002,0.0,0.0
1780415348.270447,Mistral-7B-Instruct-v0.3-Q5_K_M.gguf,5986.91,1.47066,0.0,0.0
1780415348.7785852,Mistral-7B-Instruct-v0.3-Q5_K_M.gguf,5986.91,1.55249,0.0,0.0
1780415349.288341,Mistral-7B-Instruct-v0.3-Q5_K_M.gguf,5986.91,1.47958,0.0,0.0
1780415349.7962391,Mistral-7B-Instruct-v0.3-Q5_K_M.gguf,5986.91,1.6131099999999998,0.0,0.0
1780415350.304551,Mistral-7B-Instruct-v0.3-Q5_K_M.gguf,5986.91,1.38466,0.0,0.0
1780415350.813079,Mistral-7B-Instruct-v0.3-Q5_K_M.gguf,5986.91,1.56596,0.0,0.0
1780415351.3211951,Mistral-7B-Instruct-v0.3-Q5_K_M.gguf,5986.91,1.5811300000000001,0.0,0.0
1780415351.829449,Mistral-7B-Instruct-v0.3-Q5_K_M.gguf,5986.91,1.4519600000000001,0.0,0.0
1780415352.338104,Mistral-7B-Instruct-v0.3-Q5_K_M.gguf,5986.91,1.58742,0.0,0.0
1780415352.846228,Mistral-7B-Instruct-v0.3-Q5_K_M.gguf,5986.94,1.40078,0.0,0.0
1780415353.3546398,Mistral-7B-Instruct-v0.3-Q5_K_M.gguf,5986.94,1.46949,0.0,0.0
1780415353.863324,Mistral-7B-Instruct-v0.3-Q5_K_M.gguf,5986.94,1.54838,0.0,0.0
1780415354.371524,Mistral-7B-Instruct-v0.3-Q5_K_M.gguf,5986.94,1.61073,0.0,0.0
1780415354.879714,Mistral-7B-Instruct-v0.3-Q5_K_M.gguf,5986.94,1.50238,0.0,0.0
1780415355.3880918,Mistral-7B-Instruct-v0.3-Q5_K_M.gguf,5986.94,1.32973,0.0,0.0
1780415355.897258,Mistral-7B-Instruct-v0.3-Q5_K_M.gguf,5986.94,1.4600499999999998,0.0,0.0
1780415356.405538,Mistral-7B-Instruct-v0.3-Q5_K_M.gguf,5986.95,1.76669,0.0,0.0
1780415356.914197,Mistral-7B-Instruct-v0.3-Q5_K_M.gguf,5986.95,1.30389,0.0,0.0
1780415357.422732,Mistral-7B-Instruct-v0.3-Q5_K_M.gguf,5986.95,1.35877,0.0,0.0
1780415357.931332,Mistral-7B-Instruct-v0.3-Q5_K_M.gguf,5986.95,1.45523,0.0,0.0
1780415358.439661,Mistral-7B-Instruct-v0.3-Q5_K_M.gguf,5986.95,1.5178699999999998,0.0,0.0
1780415358.9483461,Mistral-7B-Instruct-v0.3-Q5_K_M.gguf,5986.95,1.25654,0.0,0.0
1780415359.45701,Mistral-7B-Instruct-v0.3-Q5_K_M.gguf,5986.95,1.48713,0.0,0.0
1780415359.9650712,Mistral-7B-Instruct-v0.3-Q5_K_M.gguf,5986.95,1.35643,0.0,0.0
1780415360.47309,Mistral-7B-Instruct-v0.3-Q5_K_M.gguf,5987.03,1.4108699999999998,0.0,0.0
1780415360.981869,Mistral-7B-Instruct-v0.3-Q5_K_M.gguf,5987.03,1.4668299999999999,0.0,0.0
1780415361.490277,Mistral-7B-Instruct-v0.3-Q5_K_M.gguf,5987.03,1.47847,0.0,0.0
1780415361.998433,Mistral-7B-Instruct-v0.3-Q5_K_M.gguf,5987.03,1.5741800000000001,0.0,0.0
1780415362.507298,Mistral-7B-Instruct-v0.3-Q5_K_M.gguf,5987.03,1.4517,0.0,0.0
1780415363.0152209,Mistral-7B-Instruct-v0.3-Q5_K_M.gguf,5987.03,1.58726,0.0,0.0
1780415363.523626,Mistral-7B-Instruct-v0.3-Q5_K_M.gguf,5987.03,1.4176199999999999,0.0,0.0
1780415364.032019,Mistral-7B-Instruct-v0.3-Q5_K_M.gguf,5987.03,1.2295999999999998,0.0,0.0
1780415364.540353,Mistral-7B-Instruct-v0.3-Q5_K_M.gguf,5987.03,1.55403,0.0,0.0
1780415365.048966,Mistral-7B-Instruct-v0.3-Q5_K_M.gguf,5987.03,1.48679,0.0,0.0
1780415365.557003,Mistral-7B-Instruct-v0.3-Q5_K_M.gguf,5987.03,1.46564,0.0,0.0
1780415366.066132,Mistral-7B-Instruct-v0.3-Q5_K_M.gguf,5987.03,1.57707,0.0,0.0
1780415366.574334,Mistral-7B-Instruct-v0.3-Q5_K_M.gguf,5987.03,1.5581099999999999,0.0,0.0
1780415367.084737,Mistral-7B-Instruct-v0.3-Q5_K_M.gguf,5987.05,1.68831,0.0,0.0
1780415367.593385,Mistral-7B-Instruct-v0.3-Q5_K_M.gguf,5987.05,2.24436,0.0,0.0
1780415368.102196,Mistral-7B-Instruct-v0.3-Q5_K_M.gguf,5987.05,1.09624,0.0,0.0
1780415368.610781,Mistral-7B-Instruct-v0.3-Q5_K_M.gguf,5987.05,1.10264,0.0,0.0
1780415369.1197178,Mistral-7B-Instruct-v0.3-Q5_K_M.gguf,5987.05,1.2047,0.0,0.0
1780415369.628514,Mistral-7B-Instruct-v0.3-Q5_K_M.gguf,5987.05,1.30339,0.0,0.0
1780415370.136977,Mistral-7B-Instruct-v0.3-Q5_K_M.gguf,5987.05,1.11249,0.0,0.0
1780415370.6453278,Mistral-7B-Instruct-v0.3-Q5_K_M.gguf,5987.05,1.34627,0.0,0.0
1780415371.1540108,Mistral-7B-Instruct-v0.3-Q5_K_M.gguf,5987.05,1.61206,0.0,0.0
1780415371.6627562,Mistral-7B-Instruct-v0.3-Q5_K_M.gguf,5987.05,1.58243,0.0,0.0
1780415372.172002,Mistral-7B-Instruct-v0.3-Q5_K_M.gguf,5987.05,1.71227,0.0,0.0
1780415372.679984,Mistral-7B-Instruct-v0.3-Q5_K_M.gguf,5987.05,1.52129,0.0,0.0
1780415373.188844,Mistral-7B-Instruct-v0.3-Q5_K_M.gguf,5987.05,1.52876,0.0,0.0
1780415373.69758,Mistral-7B-Instruct-v0.3-Q5_K_M.gguf,5987.05,1.63993,0.0,0.0
1780415374.20612,Mistral-7B-Instruct-v0.3-Q5_K_M.gguf,5987.05,1.38434,0.0,0.0
1780415374.714379,Mistral-7B-Instruct-v0.3-Q5_K_M.gguf,5987.05,1.39177,0.0,0.0
1780415375.222637,Mistral-7B-Instruct-v0.3-Q5_K_M.gguf,5987.05,1.51602,0.0,0.0
1780415375.7315469,Mistral-7B-Instruct-v0.3-Q5_K_M.gguf,5987.05,1.50252,0.0,0.0
1780415376.2400692,Mistral-7B-Instruct-v0.3-Q5_K_M.gguf,5987.05,1.58538,0.0,0.0
1780415376.748863,Mistral-7B-Instruct-v0.3-Q5_K_M.gguf,5987.05,1.48434,0.0,0.0
1780415377.256791,Mistral-7B-Instruct-v0.3-Q5_K_M.gguf,5987.05,1.4810699999999999,0.0,0.0
1780415377.765409,Mistral-7B-Instruct-v0.3-Q5_K_M.gguf,5987.05,1.49574,0.0,0.0
1780415378.274705,Mistral-7B-Instruct-v0.3-Q5_K_M.gguf,5987.05,1.48913,0.0,0.0
1780415378.7821891,Mistral-7B-Instruct-v0.3-Q5_K_M.gguf,5987.05,1.45293,0.0,0.0
1780415379.290967,Mistral-7B-Instruct-v0.3-Q5_K_M.gguf,5987.05,1.4923499999999998,0.0,0.0
1780415379.799306,Mistral-7B-Instruct-v0.3-Q5_K_M.gguf,5987.05,1.67626,0.0,0.0
1780415380.308149,Mistral-7B-Instruct-v0.3-Q5_K_M.gguf,5987.05,1.4783499999999998,0.0,0.0
1780415380.81652,Mistral-7B-Instruct-v0.3-Q5_K_M.gguf,5987.05,1.4103800000000002,0.0,0.0
1780415381.324299,Mistral-7B-Instruct-v0.3-Q5_K_M.gguf,5987.05,1.60406,0.0,0.0
1780415381.832768,Mistral-7B-Instruct-v0.3-Q5_K_M.gguf,5987.08,1.3925999999999998,0.0,0.0
1780415382.3408241,Mistral-7B-Instruct-v0.3-Q5_K_M.gguf,5987.08,1.6234000000000002,0.0,0.0
1780415382.849354,Mistral-7B-Instruct-v0.3-Q5_K_M.gguf,5987.08,1.7452999999999999,0.0,0.0
1780415383.3573818,Mistral-7B-Instruct-v0.3-Q5_K_M.gguf,5987.08,1.46199,0.0,0.0
1780415383.8657029,Mistral-7B-Instruct-v0.3-Q5_K_M.gguf,5987.08,1.5931600000000001,0.0,0.0
1780415384.373913,Mistral-7B-Instruct-v0.3-Q5_K_M.gguf,5987.08,1.53097,0.0,0.0
1780415384.882163,Mistral-7B-Instruct-v0.3-Q5_K_M.gguf,5987.08,1.60707,0.0,0.0
1780415385.390333,Mistral-7B-Instruct-v0.3-Q5_K_M.gguf,5987.08,1.58411,0.0,0.0
1780415385.8986409,Mistral-7B-Instruct-v0.3-Q5_K_M.gguf,5987.08,1.6623299999999999,0.0,0.0
1780415386.407043,Mistral-7B-Instruct-v0.3-Q5_K_M.gguf,5987.08,1.5624,0.0,0.0
1780415386.915464,Mistral-7B-Instruct-v0.3-Q5_K_M.gguf,5987.08,1.6014300000000001,0.0,0.0
1780415387.4240131,Mistral-7B-Instruct-v0.3-Q5_K_M.gguf,5987.08,1.5834300000000001,0.0,0.0
1780415387.932912,Mistral-7B-Instruct-v0.3-Q5_K_M.gguf,5987.08,1.47512,0.0,0.0
1780415388.4406872,Mistral-7B-Instruct-v0.3-Q5_K_M.gguf,5987.08,1.5991600000000001,0.0,0.0
1780415388.949381,Mistral-7B-Instruct-v0.3-Q5_K_M.gguf,5987.08,1.33318,0.0,0.0
1780415389.457099,Mistral-7B-Instruct-v0.3-Q5_K_M.gguf,5987.08,1.57776,0.0,0.0
1780415389.9654331,Mistral-7B-Instruct-v0.3-Q5_K_M.gguf,5987.08,1.5876400000000002,0.0,0.0
1780415390.474018,Mistral-7B-Instruct-v0.3-Q5_K_M.gguf,5987.08,1.5824,0.0,0.0
1780415390.982358,Mistral-7B-Instruct-v0.3-Q5_K_M.gguf,5987.08,1.56182,0.0,0.0
1780415391.4903302,Mistral-7B-Instruct-v0.3-Q5_K_M.gguf,5987.08,1.62121,0.0,0.0
1780415391.998392,Mistral-7B-Instruct-v0.3-Q5_K_M.gguf,5987.08,1.5345499999999999,0.0,0.0
1780415392.506868,Mistral-7B-Instruct-v0.3-Q5_K_M.gguf,5987.09,1.80348,0.0,0.0
1780415393.014549,Mistral-7B-Instruct-v0.3-Q5_K_M.gguf,5987.09,1.59256,0.0,0.0
1780415393.522974,Mistral-7B-Instruct-v0.3-Q5_K_M.gguf,5987.09,1.6555799999999998,0.0,0.0
1780415394.030841,Mistral-7B-Instruct-v0.3-Q5_K_M.gguf,5987.09,1.63928,0.0,0.0
1780415394.538833,Mistral-7B-Instruct-v0.3-Q5_K_M.gguf,5987.09,1.4168699999999999,0.0,0.0
1780415395.047194,Mistral-7B-Instruct-v0.3-Q5_K_M.gguf,5987.09,1.61846,0.0,0.0
1780415395.554882,Mistral-7B-Instruct-v0.3-Q5_K_M.gguf,5987.11,1.68057,0.0,0.0
1780415396.0631602,Mistral-7B-Instruct-v0.3-Q5_K_M.gguf,5987.11,1.65227,0.0,0.0
1780415396.572337,Mistral-7B-Instruct-v0.3-Q5_K_M.gguf,5987.11,1.66787,0.0,0.0
1780415397.079911,Mistral-7B-Instruct-v0.3-Q5_K_M.gguf,5987.11,1.53707,0.0,0.0
1780415397.5869231,Mistral-7B-Instruct-v0.3-Q5_K_M.gguf,5987.11,1.66608,0.0,0.0
1780415398.095115,Mistral-7B-Instruct-v0.3-Q5_K_M.gguf,5987.11,1.62704,0.0,0.0
1780415398.603186,Mistral-7B-Instruct-v0.3-Q5_K_M.gguf,5987.11,1.65669,0.0,0.0
1780415399.1113138,Mistral-7B-Instruct-v0.3-Q5_K_M.gguf,5987.12,1.6161500000000002,0.0,0.0
1780415399.619143,Mistral-7B-Instruct-v0.3-Q5_K_M.gguf,5987.12,1.58157,0.0,0.0
1780415400.1278238,Mistral-7B-Instruct-v0.3-Q5_K_M.gguf,5987.12,1.54097,0.0,0.0
1780415400.635594,Mistral-7B-Instruct-v0.3-Q5_K_M.gguf,5987.12,1.75633,0.0,0.0
1780415401.144338,Mistral-7B-Instruct-v0.3-Q5_K_M.gguf,5987.12,1.7586400000000002,0.0,0.0
1780415401.651686,Mistral-7B-Instruct-v0.3-Q5_K_M.gguf,5987.12,1.75414,0.0,0.0
1780415402.159648,Mistral-7B-Instruct-v0.3-Q5_K_M.gguf,5987.12,1.2886099999999998,0.0,0.0
1780415402.667435,Mistral-7B-Instruct-v0.3-Q5_K_M.gguf,5987.12,1.6024800000000001,0.0,0.0
1780415403.175654,Mistral-7B-Instruct-v0.3-Q5_K_M.gguf,5987.12,1.62418,0.0,0.0
1780415403.6835442,Mistral-7B-Instruct-v0.3-Q5_K_M.gguf,5987.12,1.725,0.0,0.0
1780415404.192229,Mistral-7B-Instruct-v0.3-Q5_K_M.gguf,5987.12,1.5939100000000002,0.0,0.0
1780415404.7001972,Mistral-7B-Instruct-v0.3-Q5_K_M.gguf,5987.12,1.73228,0.0,0.0
1780415405.207895,Mistral-7B-Instruct-v0.3-Q5_K_M.gguf,5987.12,1.42026,0.0,0.0
1780415405.716251,Mistral-7B-Instruct-v0.3-Q5_K_M.gguf,5987.12,1.68669,0.0,0.0
1780415406.224111,Mistral-7B-Instruct-v0.3-Q5_K_M.gguf,5987.12,1.8623800000000001,0.0,0.0
1780415406.732739,Mistral-7B-Instruct-v0.3-Q5_K_M.gguf,5987.12,1.7868199999999999,0.0,0.0
1780415407.240248,Mistral-7B-Instruct-v0.3-Q5_K_M.gguf,5987.12,1.90347,0.0,0.0
1780415407.748854,Mistral-7B-Instruct-v0.3-Q5_K_M.gguf,5987.12,1.2279200000000001,0.0,0.0
1780415408.25695,Mistral-7B-Instruct-v0.3-Q5_K_M.gguf,5987.12,1.74049,0.0,0.0
1780415408.765887,Mistral-7B-Instruct-v0.3-Q5_K_M.gguf,5987.12,1.76087,0.0,0.0
1780415409.2738051,Mistral-7B-Instruct-v0.3-Q5_K_M.gguf,5987.12,1.57421,0.0,0.0
1780415409.781864,Mistral-7B-Instruct-v0.3-Q5_K_M.gguf,5987.12,1.6524400000000001,0.0,0.0
1780415410.290069,Mistral-7B-Instruct-v0.3-Q5_K_M.gguf,5987.12,1.56158,0.0,0.0
1780415410.797667,Mistral-7B-Instruct-v0.3-Q5_K_M.gguf,5987.12,1.47804,0.0,0.0
1780415411.305865,Mistral-7B-Instruct-v0.3-Q5_K_M.gguf,5987.12,1.4934,0.0,0.0
1780415411.814068,Mistral-7B-Instruct-v0.3-Q5_K_M.gguf,5987.12,1.85893,0.0,0.0
1780415412.322282,Mistral-7B-Instruct-v0.3-Q5_K_M.gguf,5987.12,1.70666,0.0,0.0
1780415412.830084,Mistral-7B-Instruct-v0.3-Q5_K_M.gguf,5987.12,1.50959,0.0,0.0
1780415413.338112,Mistral-7B-Instruct-v0.3-Q5_K_M.gguf,5987.14,1.70383,0.0,0.0
1780415413.846493,Mistral-7B-Instruct-v0.3-Q5_K_M.gguf,5987.14,1.72228,0.0,0.0
1780415414.354326,Mistral-7B-Instruct-v0.3-Q5_K_M.gguf,5987.14,1.62245,0.0,0.0
1780415414.8627489,Mistral-7B-Instruct-v0.3-Q5_K_M.gguf,5987.14,1.9284000000000001,0.0,0.0
1780415415.370222,Mistral-7B-Instruct-v0.3-Q5_K_M.gguf,5987.14,1.6396199999999999,0.0,0.0
1780415415.8782809,Mistral-7B-Instruct-v0.3-Q5_K_M.gguf,5987.14,1.67874,0.0,0.0
1780415416.385965,Mistral-7B-Instruct-v0.3-Q5_K_M.gguf,5987.14,1.5988099999999998,0.0,0.0
1780415416.894229,Mistral-7B-Instruct-v0.3-Q5_K_M.gguf,5987.14,1.43516,0.0,0.0
1780415417.402403,Mistral-7B-Instruct-v0.3-Q5_K_M.gguf,5987.14,1.76233,0.0,0.0
1780415417.910602,Mistral-7B-Instruct-v0.3-Q5_K_M.gguf,5987.14,1.75372,0.0,0.0
1780415418.4185998,Mistral-7B-Instruct-v0.3-Q5_K_M.gguf,5987.14,1.65297,0.0,0.0
1780415418.926968,Mistral-7B-Instruct-v0.3-Q5_K_M.gguf,5987.14,1.51539,0.0,0.0
1780415419.4347541,Mistral-7B-Instruct-v0.3-Q5_K_M.gguf,5987.14,1.45639,0.0,0.0
1780415419.942878,Mistral-7B-Instruct-v0.3-Q5_K_M.gguf,5987.14,1.63926,0.0,0.0
1780415420.451186,Mistral-7B-Instruct-v0.3-Q5_K_M.gguf,5987.14,1.72695,0.0,0.0
1780415420.959272,Mistral-7B-Instruct-v0.3-Q5_K_M.gguf,5987.14,1.6102100000000001,0.0,0.0
1780415421.4666061,Mistral-7B-Instruct-v0.3-Q5_K_M.gguf,5987.14,2.11266,0.0,0.0
1780415421.97452,Mistral-7B-Instruct-v0.3-Q5_K_M.gguf,5987.14,1.82002,0.0,0.0
1780415422.4827242,Mistral-7B-Instruct-v0.3-Q5_K_M.gguf,5987.14,1.69111,0.0,0.0
1780415422.9902442,Mistral-7B-Instruct-v0.3-Q5_K_M.gguf,5987.14,1.6437,0.0,0.0
1780415423.498563,Mistral-7B-Instruct-v0.3-Q5_K_M.gguf,5987.14,1.4596600000000002,0.0,0.0
1780415424.006082,Mistral-7B-Instruct-v0.3-Q5_K_M.gguf,5987.14,1.48925,0.0,0.0
1780415424.513794,Mistral-7B-Instruct-v0.3-Q5_K_M.gguf,5987.14,1.3984100000000002,0.0,0.0
1780415425.0209951,Mistral-7B-Instruct-v0.3-Q5_K_M.gguf,5987.14,1.3182,0.0,0.0
1780415425.5290911,Mistral-7B-Instruct-v0.3-Q5_K_M.gguf,5987.14,1.42052,0.0,0.0
1780415426.037468,Mistral-7B-Instruct-v0.3-Q5_K_M.gguf,5987.14,1.31203,0.0,0.0
1780415426.544765,Mistral-7B-Instruct-v0.3-Q5_K_M.gguf,5987.14,1.8234000000000001,0.0,0.0
1780415427.0530229,Mistral-7B-Instruct-v0.3-Q5_K_M.gguf,5987.14,1.56067,0.0,0.0
1780415427.56026,Mistral-7B-Instruct-v0.3-Q5_K_M.gguf,5987.14,1.5973499999999998,0.0,0.0
1780415428.068084,Mistral-7B-Instruct-v0.3-Q5_K_M.gguf,5987.14,1.6246800000000001,0.0,0.0
1780415428.576067,Mistral-7B-Instruct-v0.3-Q5_K_M.gguf,5987.17,1.40818,0.0,0.0
1780415429.08409,Mistral-7B-Instruct-v0.3-Q5_K_M.gguf,5987.17,1.67398,0.0,0.0
1780415429.5924401,Mistral-7B-Instruct-v0.3-Q5_K_M.gguf,5987.17,1.56339,0.0,0.0
1780415430.1010208,Mistral-7B-Instruct-v0.3-Q5_K_M.gguf,5987.17,1.60091,0.0,0.0
1780415430.608918,Mistral-7B-Instruct-v0.3-Q5_K_M.gguf,5987.17,1.57674,0.0,0.0
1780415431.117069,Mistral-7B-Instruct-v0.3-Q5_K_M.gguf,5987.17,1.59963,0.0,0.0
1780415431.624738,Mistral-7B-Instruct-v0.3-Q5_K_M.gguf,5987.17,1.6078,0.0,0.0
1780415432.133549,Mistral-7B-Instruct-v0.3-Q5_K_M.gguf,5987.17,1.5612300000000001,0.0,0.0
1780415432.6410549,Mistral-7B-Instruct-v0.3-Q5_K_M.gguf,5987.17,1.59671,0.0,0.0
1780415433.1489222,Mistral-7B-Instruct-v0.3-Q5_K_M.gguf,5987.17,1.52277,0.0,0.0
1780415433.656034,Mistral-7B-Instruct-v0.3-Q5_K_M.gguf,5987.17,1.42968,0.0,0.0
1780415434.1634848,Mistral-7B-Instruct-v0.3-Q5_K_M.gguf,5987.17,1.54926,0.0,0.0
1780415434.67235,Mistral-7B-Instruct-v0.3-Q5_K_M.gguf,5987.17,1.54086,0.0,0.0
1780415435.179827,Mistral-7B-Instruct-v0.3-Q5_K_M.gguf,5987.17,1.70803,0.0,0.0
1780415435.68801,Mistral-7B-Instruct-v0.3-Q5_K_M.gguf,5987.19,1.51726,0.0,0.0
1780415436.196363,Mistral-7B-Instruct-v0.3-Q5_K_M.gguf,5987.19,1.57742,0.0,0.0
1780415436.7044008,Mistral-7B-Instruct-v0.3-Q5_K_M.gguf,5987.19,1.65351,0.0,0.0
1780415437.2123158,Mistral-7B-Instruct-v0.3-Q5_K_M.gguf,5987.19,1.72566,0.0,0.0
1780415437.720351,Mistral-7B-Instruct-v0.3-Q5_K_M.gguf,5987.19,1.32662,0.0,0.0
1780415438.227536,Mistral-7B-Instruct-v0.3-Q5_K_M.gguf,5987.19,1.45479,0.0,0.0
1780415438.735158,Mistral-7B-Instruct-v0.3-Q5_K_M.gguf,5987.19,1.37978,0.0,0.0
1780415439.2433689,Mistral-7B-Instruct-v0.3-Q5_K_M.gguf,5987.19,1.73885,0.0,0.0
1780415439.7518442,Mistral-7B-Instruct-v0.3-Q5_K_M.gguf,5987.19,1.71335,0.0,0.0
1780415440.260132,Mistral-7B-Instruct-v0.3-Q5_K_M.gguf,5987.19,1.7329400000000001,0.0,0.0
1780415440.768615,Mistral-7B-Instruct-v0.3-Q5_K_M.gguf,5987.19,1.53104,0.0,0.0
1780415441.276598,Mistral-7B-Instruct-v0.3-Q5_K_M.gguf,5987.17,1.5861500000000002,0.0,0.0
1780415441.783382,Mistral-7B-Instruct-v0.3-Q5_K_M.gguf,5987.17,1.60302,0.0,0.0
1780415442.291234,Mistral-7B-Instruct-v0.3-Q5_K_M.gguf,5987.17,1.53515,0.0,0.0
1780415442.7990022,Mistral-7B-Instruct-v0.3-Q5_K_M.gguf,5987.17,1.65634,0.0,0.0
1780415443.3067908,Mistral-7B-Instruct-v0.3-Q5_K_M.gguf,5987.17,1.56601,0.0,0.0
1780415443.814626,Mistral-7B-Instruct-v0.3-Q5_K_M.gguf,5987.17,1.65827,0.0,0.0
1780415444.322547,Mistral-7B-Instruct-v0.3-Q5_K_M.gguf,5987.17,1.65627,0.0,0.0
1780415444.830444,Mistral-7B-Instruct-v0.3-Q5_K_M.gguf,5987.17,1.63231,0.0,0.0
1780415445.338083,Mistral-7B-Instruct-v0.3-Q5_K_M.gguf,5987.17,1.6087,0.0,0.0
1780415445.846014,Mistral-7B-Instruct-v0.3-Q5_K_M.gguf,5987.17,1.7114200000000002,0.0,0.0
1780415446.353281,Mistral-7B-Instruct-v0.3-Q5_K_M.gguf,5987.17,1.67623,0.0,0.0
1780415446.8611,Mistral-7B-Instruct-v0.3-Q5_K_M.gguf,5987.17,1.5808,0.0,0.0
1780415447.3691058,Mistral-7B-Instruct-v0.3-Q5_K_M.gguf,5987.17,1.6634,0.0,0.0
1780415447.8762062,Mistral-7B-Instruct-v0.3-Q5_K_M.gguf,5987.17,1.7946300000000002,0.0,0.0
1780415448.384416,Mistral-7B-Instruct-v0.3-Q5_K_M.gguf,5987.17,1.5351700000000001,0.0,0.0
1780415448.8920279,Mistral-7B-Instruct-v0.3-Q5_K_M.gguf,5987.19,1.87321,0.0,0.0
1780415449.399225,Mistral-7B-Instruct-v0.3-Q5_K_M.gguf,5987.19,1.82423,0.0,0.0
1780415449.907007,Mistral-7B-Instruct-v0.3-Q5_K_M.gguf,5987.19,1.74569,0.0,0.0
1780415450.415114,Mistral-7B-Instruct-v0.3-Q5_K_M.gguf,5987.19,1.91947,0.0,0.0
1780415450.921484,Mistral-7B-Instruct-v0.3-Q5_K_M.gguf,5987.19,1.83056,0.0,0.0
1780415451.430173,Mistral-7B-Instruct-v0.3-Q5_K_M.gguf,5987.19,1.6505699999999999,0.0,0.0
1780415451.937309,Mistral-7B-Instruct-v0.3-Q5_K_M.gguf,5987.19,1.97892,0.0,0.0
1780415452.444552,Mistral-7B-Instruct-v0.3-Q5_K_M.gguf,5987.19,1.84057,0.0,0.0
1780415452.95253,Mistral-7B-Instruct-v0.3-Q5_K_M.gguf,5987.19,1.9323599999999999,0.0,0.0
1780415453.4601338,Mistral-7B-Instruct-v0.3-Q5_K_M.gguf,5987.19,1.75376,0.0,0.0
1780415453.967225,Mistral-7B-Instruct-v0.3-Q5_K_M.gguf,5987.19,1.58004,0.0,0.0
1780415454.474838,Mistral-7B-Instruct-v0.3-Q5_K_M.gguf,5987.19,1.85613,0.0,0.0
1780415454.9822001,Mistral-7B-Instruct-v0.3-Q5_K_M.gguf,5987.19,1.64306,0.0,0.0
1780415455.489332,Mistral-7B-Instruct-v0.3-Q5_K_M.gguf,5987.19,1.80488,0.0,0.0
1780415455.997448,Mistral-7B-Instruct-v0.3-Q5_K_M.gguf,5987.19,1.98031,0.0,0.0
1780415456.5055208,Mistral-7B-Instruct-v0.3-Q5_K_M.gguf,5987.19,2.0217,0.0,0.0
1780415457.0129979,Mistral-7B-Instruct-v0.3-Q5_K_M.gguf,5987.19,1.70706,0.0,0.0
1780415457.520722,Mistral-7B-Instruct-v0.3-Q5_K_M.gguf,5987.19,1.7244300000000001,0.0,0.0
1780415458.028946,Mistral-7B-Instruct-v0.3-Q5_K_M.gguf,5987.19,1.73571,0.0,0.0
1780415458.535572,Mistral-7B-Instruct-v0.3-Q5_K_M.gguf,5987.19,1.8791300000000002,0.0,0.0
1780415459.043078,Mistral-7B-Instruct-v0.3-Q5_K_M.gguf,5987.19,1.78233,0.0,0.0
1780415459.550731,Mistral-7B-Instruct-v0.3-Q5_K_M.gguf,5987.19,1.8825699999999999,0.0,0.0
1780415460.058293,Mistral-7B-Instruct-v0.3-Q5_K_M.gguf,5987.19,1.86819,0.0,0.0
1780415460.566591,Mistral-7B-Instruct-v0.3-Q5_K_M.gguf,5987.19,1.87926,0.0,0.0
1780415461.073832,Mistral-7B-Instruct-v0.3-Q5_K_M.gguf,5987.19,1.95995,0.0,0.0
1780415461.5811589,Mistral-7B-Instruct-v0.3-Q5_K_M.gguf,5987.19,1.94824,0.0,0.0
1780415462.088539,Mistral-7B-Instruct-v0.3-Q5_K_M.gguf,5987.19,1.83446,0.0,0.0
1780415462.595965,Mistral-7B-Instruct-v0.3-Q5_K_M.gguf,5987.19,1.92108,0.0,0.0
1780415463.1042318,Mistral-7B-Instruct-v0.3-Q5_K_M.gguf,5987.19,1.92603,0.0,0.0
1780415463.6111958,Mistral-7B-Instruct-v0.3-Q5_K_M.gguf,5987.19,1.93852,0.0,0.0
1780415464.1187992,Mistral-7B-Instruct-v0.3-Q5_K_M.gguf,5987.19,1.92448,0.0,0.0
1780415464.6258829,Mistral-7B-Instruct-v0.3-Q5_K_M.gguf,5987.19,1.7593599999999998,0.0,0.0
1780415465.134024,Mistral-7B-Instruct-v0.3-Q5_K_M.gguf,5987.19,1.93125,0.0,0.0
1780415465.641448,Mistral-7B-Instruct-v0.3-Q5_K_M.gguf,5987.19,1.9016099999999998,0.0,0.0
1780415466.1486552,Mistral-7B-Instruct-v0.3-Q5_K_M.gguf,5987.19,2.11757,0.0,0.0
1780415466.656448,Mistral-7B-Instruct-v0.3-Q5_K_M.gguf,5987.19,2.0213900000000002,0.0,0.0
1780415467.164455,Mistral-7B-Instruct-v0.3-Q5_K_M.gguf,5987.19,1.8981400000000002,0.0,0.0
1780415467.670965,Mistral-7B-Instruct-v0.3-Q5_K_M.gguf,5987.23,1.98164,0.0,0.0
1780415468.179167,Mistral-7B-Instruct-v0.3-Q5_K_M.gguf,5987.23,1.9833,0.0,0.0
1780415468.685994,Mistral-7B-Instruct-v0.3-Q5_K_M.gguf,5987.23,1.86055,0.0,0.0
1780415469.193393,Mistral-7B-Instruct-v0.3-Q5_K_M.gguf,5987.23,1.84923,0.0,0.0
1780415469.702066,Mistral-7B-Instruct-v0.3-Q5_K_M.gguf,5987.23,2.07206,0.0,0.0
1780415470.209024,Mistral-7B-Instruct-v0.3-Q5_K_M.gguf,5987.23,2.13062,0.0,0.0
1780415470.716179,Mistral-7B-Instruct-v0.3-Q5_K_M.gguf,5987.23,2.15408,0.0,0.0
1780415471.2237282,Mistral-7B-Instruct-v0.3-Q5_K_M.gguf,5987.23,2.14166,0.0,0.0
1780415471.730569,Mistral-7B-Instruct-v0.3-Q5_K_M.gguf,5987.23,2.091,0.0,0.0
1780415472.2375438,Mistral-7B-Instruct-v0.3-Q5_K_M.gguf,5987.23,1.89127,0.0,0.0
1780415472.745188,Mistral-7B-Instruct-v0.3-Q5_K_M.gguf,5987.23,1.6804400000000002,0.0,0.0
1780415473.251733,Mistral-7B-Instruct-v0.3-Q5_K_M.gguf,5987.23,2.27466,0.0,0.0
1780415473.759318,Mistral-7B-Instruct-v0.3-Q5_K_M.gguf,5987.23,2.00243,0.0,0.0
1780415474.265861,Mistral-7B-Instruct-v0.3-Q5_K_M.gguf,5987.23,2.1734,0.0,0.0
1780415474.7727842,Mistral-7B-Instruct-v0.3-Q5_K_M.gguf,5987.23,1.71773,0.0,0.0
1780415475.278461,Mistral-7B-Instruct-v0.3-Q5_K_M.gguf,5987.23,2.11734,0.0,0.0
1780415475.786776,Mistral-7B-Instruct-v0.3-Q5_K_M.gguf,5987.23,2.24942,0.0,0.0
1780415476.29384,Mistral-7B-Instruct-v0.3-Q5_K_M.gguf,5987.23,2.16736,0.0,0.0
1780415476.800771,Mistral-7B-Instruct-v0.3-Q5_K_M.gguf,5987.23,2.21915,0.0,0.0
1780415477.309406,Mistral-7B-Instruct-v0.3-Q5_K_M.gguf,5987.23,2.32638,0.0,0.0
1780415477.816588,Mistral-7B-Instruct-v0.3-Q5_K_M.gguf,5987.23,2.542,0.0,0.0
1780415478.323904,Mistral-7B-Instruct-v0.3-Q5_K_M.gguf,5987.23,1.786,0.0,0.0
1780415478.831425,Mistral-7B-Instruct-v0.3-Q5_K_M.gguf,5987.23,1.61011,0.0,0.0
1780415479.338418,Mistral-7B-Instruct-v0.3-Q5_K_M.gguf,5987.23,1.73958,0.0,0.0
1780415479.8453581,Mistral-7B-Instruct-v0.3-Q5_K_M.gguf,5987.23,1.98692,0.0,0.0
1780415480.352231,Mistral-7B-Instruct-v0.3-Q5_K_M.gguf,5987.23,1.86326,0.0,0.0
1780415480.858954,Mistral-7B-Instruct-v0.3-Q5_K_M.gguf,5987.23,1.78859,0.0,0.0
1780415481.366841,Mistral-7B-Instruct-v0.3-Q5_K_M.gguf,5987.25,2.53038,0.0,0.0
1780415481.8741271,Mistral-7B-Instruct-v0.3-Q5_K_M.gguf,5987.25,2.51511,0.0,0.0
1780415482.381772,Mistral-7B-Instruct-v0.3-Q5_K_M.gguf,5987.25,2.12342,0.0,0.0
1780415482.888574,Mistral-7B-Instruct-v0.3-Q5_K_M.gguf,5987.25,2.17851,0.0,0.0
1780415483.396263,Mistral-7B-Instruct-v0.3-Q5_K_M.gguf,5987.25,2.0655900000000003,0.0,0.0
1780415483.903596,Mistral-7B-Instruct-v0.3-Q5_K_M.gguf,5987.25,2.3355300000000003,0.0,0.0
1780415484.411469,Mistral-7B-Instruct-v0.3-Q5_K_M.gguf,5987.25,2.28086,0.0,0.0
1780415484.91891,Mistral-7B-Instruct-v0.3-Q5_K_M.gguf,5987.25,2.47315,0.0,0.0
1780415485.4264262,Mistral-7B-Instruct-v0.3-Q5_K_M.gguf,5987.25,1.8469200000000001,0.0,0.0
1780415485.9336169,Mistral-7B-Instruct-v0.3-Q5_K_M.gguf,5987.25,2.0271,0.0,0.0
1780415486.440864,Mistral-7B-Instruct-v0.3-Q5_K_M.gguf,5987.25,1.90775,0.0,0.0
1780415486.948142,Mistral-7B-Instruct-v0.3-Q5_K_M.gguf,5987.25,2.06536,0.0,0.0
1780415487.4556842,Mistral-7B-Instruct-v0.3-Q5_K_M.gguf,5987.25,2.2589099999999998,0.0,0.0
1780415487.9630752,Mistral-7B-Instruct-v0.3-Q5_K_M.gguf,5987.25,2.24816,0.0,0.0
1780415488.469905,Mistral-7B-Instruct-v0.3-Q5_K_M.gguf,5987.25,1.9428599999999998,0.0,0.0
1780415488.9777422,Mistral-7B-Instruct-v0.3-Q5_K_M.gguf,5987.25,2.39296,0.0,0.0
1780415489.485373,Mistral-7B-Instruct-v0.3-Q5_K_M.gguf,5987.27,2.5321100000000003,0.0,0.0
1780415489.9940119,Mistral-7B-Instruct-v0.3-Q5_K_M.gguf,5987.27,2.3072399999999997,0.0,0.0
1780415490.501894,Mistral-7B-Instruct-v0.3-Q5_K_M.gguf,5987.27,2.95523,0.0,0.0
1780415491.01031,Mistral-7B-Instruct-v0.3-Q5_K_M.gguf,5987.27,1.86596,0.0,0.0
1780415491.516715,Mistral-7B-Instruct-v0.3-Q5_K_M.gguf,5987.27,1.8800299999999999,0.0,0.0
1780415492.0251231,Mistral-7B-Instruct-v0.3-Q5_K_M.gguf,5987.27,1.86073,0.0,0.0
1780415492.5333729,Mistral-7B-Instruct-v0.3-Q5_K_M.gguf,5987.27,2.12982,0.0,0.0
1780415493.041039,Mistral-7B-Instruct-v0.3-Q5_K_M.gguf,5987.28,2.08173,0.0,0.0
1780415493.547851,Mistral-7B-Instruct-v0.3-Q5_K_M.gguf,5987.28,2.21441,0.0,0.0
1780415494.0554519,Mistral-7B-Instruct-v0.3-Q5_K_M.gguf,5987.28,2.07362,0.0,0.0
1780415494.56301,Mistral-7B-Instruct-v0.3-Q5_K_M.gguf,5987.28,1.95381,0.0,0.0
1780415495.0705438,Mistral-7B-Instruct-v0.3-Q5_K_M.gguf,5987.28,2.19937,0.0,0.0
1780415495.5776892,Mistral-7B-Instruct-v0.3-Q5_K_M.gguf,5987.28,2.12936,0.0,0.0
1780415496.085496,Mistral-7B-Instruct-v0.3-Q5_K_M.gguf,5987.28,2.3639200000000002,0.0,0.0
1780415496.5929532,Mistral-7B-Instruct-v0.3-Q5_K_M.gguf,5987.28,2.11443,0.0,0.0
1780415497.1005518,Mistral-7B-Instruct-v0.3-Q5_K_M.gguf,5987.28,2.07778,0.0,0.0
1780415497.607323,Mistral-7B-Instruct-v0.3-Q5_K_M.gguf,5987.28,2.16764,0.0,0.0
1780415498.11477,Mistral-7B-Instruct-v0.3-Q5_K_M.gguf,5987.28,2.1080799999999997,0.0,0.0
1780415498.622029,Mistral-7B-Instruct-v0.3-Q5_K_M.gguf,5987.3,2.29275,0.0,0.0
1780415499.128843,Mistral-7B-Instruct-v0.3-Q5_K_M.gguf,5987.3,2.2052899999999998,0.0,0.0
1780415499.636083,Mistral-7B-Instruct-v0.3-Q5_K_M.gguf,5987.3,2.3850700000000002,0.0,0.0
1780415500.1439412,Mistral-7B-Instruct-v0.3-Q5_K_M.gguf,5987.3,2.4491,0.0,0.0
1780415500.65116,Mistral-7B-Instruct-v0.3-Q5_K_M.gguf,5987.3,2.44557,0.0,0.0
1780415501.158047,Mistral-7B-Instruct-v0.3-Q5_K_M.gguf,5987.3,2.3690700000000002,0.0,0.0
1780415501.665658,Mistral-7B-Instruct-v0.3-Q5_K_M.gguf,5987.3,2.3818699999999997,0.0,0.0
1780415502.1730409,Mistral-7B-Instruct-v0.3-Q5_K_M.gguf,5987.3,2.35015,0.0,0.0
1780415502.6785479,Mistral-7B-Instruct-v0.3-Q5_K_M.gguf,5987.3,2.2834499999999998,0.0,0.0
1780415503.1861482,Mistral-7B-Instruct-v0.3-Q5_K_M.gguf,5987.3,2.1643000000000003,0.0,0.0
1780415503.692621,Mistral-7B-Instruct-v0.3-Q5_K_M.gguf,5987.3,2.25246,0.0,0.0
1780415504.201843,Mistral-7B-Instruct-v0.3-Q5_K_M.gguf,5987.31,2.63083,0.0,0.0
1780415504.709911,Mistral-7B-Instruct-v0.3-Q5_K_M.gguf,5987.31,2.99956,0.0,0.0
1780415505.216803,Mistral-7B-Instruct-v0.3-Q5_K_M.gguf,5987.31,1.86777,0.0,0.0
1780415505.724329,Mistral-7B-Instruct-v0.3-Q5_K_M.gguf,5987.31,1.7663,0.0,0.0
1780415506.232148,Mistral-7B-Instruct-v0.3-Q5_K_M.gguf,5987.31,2.08788,0.0,0.0
1780415506.738327,Mistral-7B-Instruct-v0.3-Q5_K_M.gguf,5987.31,2.0707199999999997,0.0,0.0
1780415507.24587,Mistral-7B-Instruct-v0.3-Q5_K_M.gguf,5987.31,2.02822,0.0,0.0
1780415507.753152,Mistral-7B-Instruct-v0.3-Q5_K_M.gguf,5987.31,2.40303,0.0,0.0
1780415508.259779,Mistral-7B-Instruct-v0.3-Q5_K_M.gguf,5987.31,2.44569,0.0,0.0
1780415508.767075,Mistral-7B-Instruct-v0.3-Q5_K_M.gguf,5987.31,2.3356999999999997,0.0,0.0
1780415509.274378,Mistral-7B-Instruct-v0.3-Q5_K_M.gguf,5987.33,2.19878,0.0,0.0
1780415509.781218,Mistral-7B-Instruct-v0.3-Q5_K_M.gguf,5987.33,2.60504,0.0,0.0
1780415510.288469,Mistral-7B-Instruct-v0.3-Q5_K_M.gguf,5987.33,2.65613,0.0,0.0
1780415510.795606,Mistral-7B-Instruct-v0.3-Q5_K_M.gguf,5987.33,2.5086,0.0,0.0
1780415511.302399,Mistral-7B-Instruct-v0.3-Q5_K_M.gguf,5987.33,2.39155,0.0,0.0
1780415511.809881,Mistral-7B-Instruct-v0.3-Q5_K_M.gguf,5987.33,2.4362,0.0,0.0
1780415512.316874,Mistral-7B-Instruct-v0.3-Q5_K_M.gguf,5987.33,2.6261799999999997,0.0,0.0
1780415512.8228009,Mistral-7B-Instruct-v0.3-Q5_K_M.gguf,5987.33,2.5169,0.0,0.0
1780415513.3306072,Mistral-7B-Instruct-v0.3-Q5_K_M.gguf,5987.33,2.7142,0.0,0.0
1780415515.7894661,Mistral-7B-Instruct-v0.3-Q5_K_M.gguf,5984.44,1.10482,0.0,0.0
1780415516.29834,Mistral-7B-Instruct-v0.3-Q5_K_M.gguf,5984.44,1.17053,0.0,0.0
1780415516.8057861,Mistral-7B-Instruct-v0.3-Q5_K_M.gguf,5984.44,1.10275,0.0,0.0
1780415517.312665,Mistral-7B-Instruct-v0.3-Q5_K_M.gguf,5984.44,1.6570799999999999,0.0,0.0
1780415517.819965,Mistral-7B-Instruct-v0.3-Q5_K_M.gguf,5984.44,2.3310500000000003,0.0,0.0
1780415518.3266811,Mistral-7B-Instruct-v0.3-Q5_K_M.gguf,5984.44,2.5181,0.0,0.0
1780415518.833487,Mistral-7B-Instruct-v0.3-Q5_K_M.gguf,5984.44,2.95775,0.0,0.0
1780415519.340528,Mistral-7B-Instruct-v0.3-Q5_K_M.gguf,5984.44,3.03426,0.0,0.0
1780415519.8474119,Mistral-7B-Instruct-v0.3-Q5_K_M.gguf,5984.44,3.0412399999999997,0.0,0.0
1780415520.354497,Mistral-7B-Instruct-v0.3-Q5_K_M.gguf,5984.44,3.0293400000000004,0.0,0.0
1780415520.860308,Mistral-7B-Instruct-v0.3-Q5_K_M.gguf,5984.44,2.8430999999999997,0.0,0.0
1780415521.366892,Mistral-7B-Instruct-v0.3-Q5_K_M.gguf,5984.44,2.71732,0.0,0.0
1780415521.874424,Mistral-7B-Instruct-v0.3-Q5_K_M.gguf,5984.44,2.98542,0.0,0.0
1780415522.381411,Mistral-7B-Instruct-v0.3-Q5_K_M.gguf,5984.44,2.87942,0.0,0.0
1780415522.888341,Mistral-7B-Instruct-v0.3-Q5_K_M.gguf,5984.44,2.4763200000000003,0.0,0.0
1780415523.394923,Mistral-7B-Instruct-v0.3-Q5_K_M.gguf,5984.44,2.62254,0.0,0.0
1780415523.901033,Mistral-7B-Instruct-v0.3-Q5_K_M.gguf,5984.44,2.674,0.0,0.0
1780415524.408246,Mistral-7B-Instruct-v0.3-Q5_K_M.gguf,5984.44,2.6168299999999998,0.0,0.0
1780415524.9152918,Mistral-7B-Instruct-v0.3-Q5_K_M.gguf,5984.44,2.70883,0.0,0.0
1780415525.422476,Mistral-7B-Instruct-v0.3-Q5_K_M.gguf,5984.44,2.6517,0.0,0.0
1780415525.929168,Mistral-7B-Instruct-v0.3-Q5_K_M.gguf,5984.44,2.7066999999999997,0.0,0.0
1780415526.4367192,Mistral-7B-Instruct-v0.3-Q5_K_M.gguf,5984.44,2.53144,0.0,0.0
1780415526.943755,Mistral-7B-Instruct-v0.3-Q5_K_M.gguf,5984.48,2.60547,0.0,0.0
1780415527.45095,Mistral-7B-Instruct-v0.3-Q5_K_M.gguf,5984.48,2.2840100000000003,0.0,0.0
1780415527.9563022,Mistral-7B-Instruct-v0.3-Q5_K_M.gguf,5984.48,3.02195,0.0,0.0
1780415528.466891,Mistral-7B-Instruct-v0.3-Q5_K_M.gguf,63.88,3.0077800000000003,0.0,0.0
1780415530.8570628,Mistral-7B-Instruct-v0.3-Q5_K_M.gguf,5982.09,1.1575499999999999,0.0,0.0
1780415531.363689,Mistral-7B-Instruct-v0.3-Q5_K_M.gguf,5982.09,1.18227,0.0,0.0
1780415531.871047,Mistral-7B-Instruct-v0.3-Q5_K_M.gguf,5982.09,1.2441900000000001,0.0,0.0
1780415532.377645,Mistral-7B-Instruct-v0.3-Q5_K_M.gguf,5982.09,1.90184,0.0,0.0
1780415532.8845708,Mistral-7B-Instruct-v0.3-Q5_K_M.gguf,5982.09,2.35828,0.0,0.0
1780415533.391954,Mistral-7B-Instruct-v0.3-Q5_K_M.gguf,5982.09,2.7308000000000003,0.0,0.0
1780415533.896866,Mistral-7B-Instruct-v0.3-Q5_K_M.gguf,5982.09,3.06614,0.0,0.0
1780415534.4036129,Mistral-7B-Instruct-v0.3-Q5_K_M.gguf,5982.09,3.09961,0.0,0.0
1780415534.910313,Mistral-7B-Instruct-v0.3-Q5_K_M.gguf,5982.09,3.0159499999999997,0.0,0.0
1780415535.417173,Mistral-7B-Instruct-v0.3-Q5_K_M.gguf,5982.09,3.1347899999999997,0.0,0.0
1780415535.924465,Mistral-7B-Instruct-v0.3-Q5_K_M.gguf,5982.09,3.01988,0.0,0.0
1780415536.430028,Mistral-7B-Instruct-v0.3-Q5_K_M.gguf,5982.09,3.06938,0.0,0.0
1780415536.9361541,Mistral-7B-Instruct-v0.3-Q5_K_M.gguf,5982.09,3.0589899999999997,0.0,0.0
1780415537.4420621,Mistral-7B-Instruct-v0.3-Q5_K_M.gguf,5982.09,3.02819,0.0,0.0
1780415537.948097,Mistral-7B-Instruct-v0.3-Q5_K_M.gguf,5982.09,2.87859,0.0,0.0
1780415538.453866,Mistral-7B-Instruct-v0.3-Q5_K_M.gguf,5982.09,2.66972,0.0,0.0
1780415538.959815,Mistral-7B-Instruct-v0.3-Q5_K_M.gguf,5982.09,2.75996,0.0,0.0
1780415539.465662,Mistral-7B-Instruct-v0.3-Q5_K_M.gguf,5982.09,2.76564,0.0,0.0
1780415539.9721541,Mistral-7B-Instruct-v0.3-Q5_K_M.gguf,5982.09,2.87247,0.0,0.0
1780415540.4780831,Mistral-7B-Instruct-v0.3-Q5_K_M.gguf,5982.09,2.92697,0.0,0.0
1780415540.9853928,Mistral-7B-Instruct-v0.3-Q5_K_M.gguf,5982.09,3.10163,0.0,0.0
1780415541.491204,Mistral-7B-Instruct-v0.3-Q5_K_M.gguf,5982.09,2.63367,0.0,0.0
1780415541.998303,Mistral-7B-Instruct-v0.3-Q5_K_M.gguf,5982.09,2.84459,0.0,0.0
1780415542.5056489,Mistral-7B-Instruct-v0.3-Q5_K_M.gguf,5982.09,2.64154,0.0,0.0
1780415543.0119228,Mistral-7B-Instruct-v0.3-Q5_K_M.gguf,5982.09,2.83852,0.0,0.0
1780415543.517798,Mistral-7B-Instruct-v0.3-Q5_K_M.gguf,5982.09,2.85129,0.0,0.0
1780415544.0239491,Mistral-7B-Instruct-v0.3-Q5_K_M.gguf,5982.09,2.8304099999999996,0.0,0.0
1780415544.530674,Mistral-7B-Instruct-v0.3-Q5_K_M.gguf,5982.2,2.8838000000000004,0.0,0.0
1780415545.036114,Mistral-7B-Instruct-v0.3-Q5_K_M.gguf,5982.2,2.80889,0.0,0.0
1780415545.54255,Mistral-7B-Instruct-v0.3-Q5_K_M.gguf,5982.22,2.81861,0.0,0.0
1780415546.048813,Mistral-7B-Instruct-v0.3-Q5_K_M.gguf,5982.22,3.18428,0.0,0.0
1780415548.6033401,Mistral-7B-Instruct-v0.3-Q5_K_M.gguf,5982.05,1.11589,0.0,0.0
1780415549.11167,Mistral-7B-Instruct-v0.3-Q5_K_M.gguf,5982.05,1.24637,0.0,0.0
1780415549.618407,Mistral-7B-Instruct-v0.3-Q5_K_M.gguf,5982.05,1.90494,0.0,0.0
1780415550.1246989,Mistral-7B-Instruct-v0.3-Q5_K_M.gguf,5982.05,2.32544,0.0,0.0
1780415550.631169,Mistral-7B-Instruct-v0.3-Q5_K_M.gguf,5982.05,2.72577,0.0,0.0
1780415551.1365042,Mistral-7B-Instruct-v0.3-Q5_K_M.gguf,5982.05,3.0283200000000003,0.0,0.0
1780415551.64224,Mistral-7B-Instruct-v0.3-Q5_K_M.gguf,5982.05,3.1376,0.0,0.0
1780415552.148323,Mistral-7B-Instruct-v0.3-Q5_K_M.gguf,5982.05,3.6223899999999998,0.0,0.0
1780415552.6546922,Mistral-7B-Instruct-v0.3-Q5_K_M.gguf,5982.05,3.06528,0.0,0.0
1780415553.16061,Mistral-7B-Instruct-v0.3-Q5_K_M.gguf,5982.05,3.6444,0.0,0.0
1780415553.666356,Mistral-7B-Instruct-v0.3-Q5_K_M.gguf,5982.05,3.3081,0.0,0.0
1780415554.1722019,Mistral-7B-Instruct-v0.3-Q5_K_M.gguf,5982.05,3.09269,0.0,0.0
1780415554.6778,Mistral-7B-Instruct-v0.3-Q5_K_M.gguf,5982.05,3.26867,0.0,0.0
1780415555.184194,Mistral-7B-Instruct-v0.3-Q5_K_M.gguf,5982.05,3.1418600000000003,0.0,0.0
1780415555.689983,Mistral-7B-Instruct-v0.3-Q5_K_M.gguf,5982.05,3.17327,0.0,0.0
1780415556.196123,Mistral-7B-Instruct-v0.3-Q5_K_M.gguf,5982.05,2.9306900000000002,0.0,0.0
1780415556.701903,Mistral-7B-Instruct-v0.3-Q5_K_M.gguf,5982.05,3.02398,0.0,0.0
1780415557.2077491,Mistral-7B-Instruct-v0.3-Q5_K_M.gguf,5982.05,2.85778,0.0,0.0
1780415557.714746,Mistral-7B-Instruct-v0.3-Q5_K_M.gguf,5982.05,2.96307,0.0,0.0
1780415558.220412,Mistral-7B-Instruct-v0.3-Q5_K_M.gguf,5982.05,3.0974299999999997,0.0,0.0
1780415558.726302,Mistral-7B-Instruct-v0.3-Q5_K_M.gguf,5982.05,3.0096100000000003,0.0,0.0
1780415559.232032,Mistral-7B-Instruct-v0.3-Q5_K_M.gguf,5982.05,2.91919,0.0,0.0
1780415559.73815,Mistral-7B-Instruct-v0.3-Q5_K_M.gguf,5982.05,3.24242,0.0,0.0
1780415560.2438378,Mistral-7B-Instruct-v0.3-Q5_K_M.gguf,5982.05,3.4173899999999997,0.0,0.0
1780415560.7494369,Mistral-7B-Instruct-v0.3-Q5_K_M.gguf,5982.05,3.0457899999999998,0.0,0.0
1780415561.2562618,Mistral-7B-Instruct-v0.3-Q5_K_M.gguf,61.81,3.04468,0.0,0.0
1780415563.731271,Mistral-7B-Instruct-v0.3-Q5_K_M.gguf,5984.94,1.21621,0.0,0.0
1780415564.238699,Mistral-7B-Instruct-v0.3-Q5_K_M.gguf,5984.94,1.32677,0.0,0.0
1780415564.744622,Mistral-7B-Instruct-v0.3-Q5_K_M.gguf,5984.94,1.93696,0.0,0.0
1780415565.251553,Mistral-7B-Instruct-v0.3-Q5_K_M.gguf,5984.94,2.43534,0.0,0.0
1780415565.758807,Mistral-7B-Instruct-v0.3-Q5_K_M.gguf,5984.94,2.95242,0.0,0.0
1780415566.264334,Mistral-7B-Instruct-v0.3-Q5_K_M.gguf,5984.94,3.42081,0.0,0.0
1780415566.771491,Mistral-7B-Instruct-v0.3-Q5_K_M.gguf,5984.94,3.5091,0.0,0.0
1780415567.2771468,Mistral-7B-Instruct-v0.3-Q5_K_M.gguf,5984.94,3.40795,0.0,0.0
1780415567.782697,Mistral-7B-Instruct-v0.3-Q5_K_M.gguf,5984.94,3.6066,0.0,0.0
1780415568.288353,Mistral-7B-Instruct-v0.3-Q5_K_M.gguf,5984.94,3.56188,0.0,0.0
1780415568.7943418,Mistral-7B-Instruct-v0.3-Q5_K_M.gguf,5984.94,3.44779,0.0,0.0
1780415569.300002,Mistral-7B-Instruct-v0.3-Q5_K_M.gguf,5984.94,3.80585,0.0,0.0
1780415569.805794,Mistral-7B-Instruct-v0.3-Q5_K_M.gguf,5984.94,3.36869,0.0,0.0
1780415570.3123798,Mistral-7B-Instruct-v0.3-Q5_K_M.gguf,5984.94,3.26422,0.0,0.0
1780415570.8173912,Mistral-7B-Instruct-v0.3-Q5_K_M.gguf,5984.94,3.07795,0.0,0.0
1780415571.323303,Mistral-7B-Instruct-v0.3-Q5_K_M.gguf,5984.94,3.2767399999999998,0.0,0.0
1780415571.829271,Mistral-7B-Instruct-v0.3-Q5_K_M.gguf,5984.94,3.40484,0.0,0.0
1780415572.334615,Mistral-7B-Instruct-v0.3-Q5_K_M.gguf,5984.94,3.43625,0.0,0.0
1780415572.840402,Mistral-7B-Instruct-v0.3-Q5_K_M.gguf,5984.94,2.80555,0.0,0.0
1780415573.34591,Mistral-7B-Instruct-v0.3-Q5_K_M.gguf,5984.94,3.2025900000000003,0.0,0.0
1780415573.8517609,Mistral-7B-Instruct-v0.3-Q5_K_M.gguf,5984.94,3.142,0.0,0.0
1780415574.357235,Mistral-7B-Instruct-v0.3-Q5_K_M.gguf,5984.94,3.0995,0.0,0.0
1780415574.863043,Mistral-7B-Instruct-v0.3-Q5_K_M.gguf,5984.94,3.24808,0.0,0.0
1780415575.3686981,Mistral-7B-Instruct-v0.3-Q5_K_M.gguf,5984.94,3.19398,0.0,0.0
1780415575.874368,Mistral-7B-Instruct-v0.3-Q5_K_M.gguf,5984.94,3.0355,0.0,0.0
1780415576.3803341,Mistral-7B-Instruct-v0.3-Q5_K_M.gguf,5984.94,3.44294,0.0,0.0
1780415576.8859541,Mistral-7B-Instruct-v0.3-Q5_K_M.gguf,5984.94,3.17013,0.0,0.0
1780415577.392108,Mistral-7B-Instruct-v0.3-Q5_K_M.gguf,5985.02,2.91779,0.0,0.0
1780415577.897574,Mistral-7B-Instruct-v0.3-Q5_K_M.gguf,5985.02,3.1420100000000004,0.0,0.0
1780415578.4033012,Mistral-7B-Instruct-v0.3-Q5_K_M.gguf,5985.02,3.02329,0.0,0.0
1780415578.911944,Mistral-7B-Instruct-v0.3-Q5_K_M.gguf,64.41,3.17643,0.0,0.0
1780415581.4275389,Mistral-7B-Instruct-v0.3-Q5_K_M.gguf,5986.95,1.21675,0.0,0.0
1780415581.934418,Mistral-7B-Instruct-v0.3-Q5_K_M.gguf,5986.95,1.48103,0.0,0.0
1780415582.440693,Mistral-7B-Instruct-v0.3-Q5_K_M.gguf,5986.95,2.09192,0.0,0.0
1780415582.947752,Mistral-7B-Instruct-v0.3-Q5_K_M.gguf,5986.95,2.71962,0.0,0.0
1780415583.454411,Mistral-7B-Instruct-v0.3-Q5_K_M.gguf,5986.95,3.20654,0.0,0.0
1780415583.959403,Mistral-7B-Instruct-v0.3-Q5_K_M.gguf,5986.95,3.5766199999999997,0.0,0.0
1780415584.465421,Mistral-7B-Instruct-v0.3-Q5_K_M.gguf,5986.95,3.7283600000000003,0.0,0.0
1780415584.971783,Mistral-7B-Instruct-v0.3-Q5_K_M.gguf,5986.95,3.80742,0.0,0.0
1780415585.4770482,Mistral-7B-Instruct-v0.3-Q5_K_M.gguf,5986.95,3.92123,0.0,0.0
1780415585.982673,Mistral-7B-Instruct-v0.3-Q5_K_M.gguf,5986.95,3.58013,0.0,0.0
1780415586.488371,Mistral-7B-Instruct-v0.3-Q5_K_M.gguf,5986.95,3.61558,0.0,0.0
1780415586.9943192,Mistral-7B-Instruct-v0.3-Q5_K_M.gguf,5986.95,3.90319,0.0,0.0
1780415587.499972,Mistral-7B-Instruct-v0.3-Q5_K_M.gguf,5986.95,3.28296,0.0,0.0
1780415588.005713,Mistral-7B-Instruct-v0.3-Q5_K_M.gguf,5986.95,3.37134,0.0,0.0
1780415588.51141,Mistral-7B-Instruct-v0.3-Q5_K_M.gguf,5986.95,3.33592,0.0,0.0
1780415589.017289,Mistral-7B-Instruct-v0.3-Q5_K_M.gguf,5986.95,3.30255,0.0,0.0
1780415589.52253,Mistral-7B-Instruct-v0.3-Q5_K_M.gguf,5986.95,3.265,0.0,0.0
1780415590.028501,Mistral-7B-Instruct-v0.3-Q5_K_M.gguf,5986.95,3.23197,0.0,0.0
1780415590.533885,Mistral-7B-Instruct-v0.3-Q5_K_M.gguf,5986.95,3.43744,0.0,0.0
1780415591.040376,Mistral-7B-Instruct-v0.3-Q5_K_M.gguf,5986.95,3.2729,0.0,0.0
1780415591.545301,Mistral-7B-Instruct-v0.3-Q5_K_M.gguf,5986.95,3.37815,0.0,0.0
1780415592.051008,Mistral-7B-Instruct-v0.3-Q5_K_M.gguf,5986.95,3.52861,0.0,0.0
1780415592.556692,Mistral-7B-Instruct-v0.3-Q5_K_M.gguf,5986.95,3.31909,0.0,0.0
1780415593.062463,Mistral-7B-Instruct-v0.3-Q5_K_M.gguf,5987.08,3.5502,0.0,0.0
1780415593.567727,Mistral-7B-Instruct-v0.3-Q5_K_M.gguf,5987.08,3.36078,0.0,0.0
1780415594.0727448,Mistral-7B-Instruct-v0.3-Q5_K_M.gguf,5987.08,3.0566,0.0,0.0
1780415596.567519,Mistral-7B-Instruct-v0.3-Q5_K_M.gguf,5981.86,1.3163099999999999,0.0,0.0
1780415597.0746229,Mistral-7B-Instruct-v0.3-Q5_K_M.gguf,5981.86,1.37849,0.0,0.0
1780415597.580757,Mistral-7B-Instruct-v0.3-Q5_K_M.gguf,5981.86,1.8359,0.0,0.0
1780415598.08759,Mistral-7B-Instruct-v0.3-Q5_K_M.gguf,5981.86,2.74215,0.0,0.0
1780415598.593973,Mistral-7B-Instruct-v0.3-Q5_K_M.gguf,5981.86,3.24674,0.0,0.0
1780415599.0995252,Mistral-7B-Instruct-v0.3-Q5_K_M.gguf,5981.86,3.6600300000000003,0.0,0.0
1780415599.604873,Mistral-7B-Instruct-v0.3-Q5_K_M.gguf,5981.86,3.9321599999999997,0.0,0.0
1780415600.110712,Mistral-7B-Instruct-v0.3-Q5_K_M.gguf,5981.86,3.9989899999999996,0.0,0.0
1780415600.6167948,Mistral-7B-Instruct-v0.3-Q5_K_M.gguf,5981.86,3.94056,0.0,0.0
1780415601.1223092,Mistral-7B-Instruct-v0.3-Q5_K_M.gguf,5981.86,3.67568,0.0,0.0
1780415601.6276429,Mistral-7B-Instruct-v0.3-Q5_K_M.gguf,5981.86,3.96916,0.0,0.0
1780415602.133533,Mistral-7B-Instruct-v0.3-Q5_K_M.gguf,5981.86,3.6187300000000002,0.0,0.0
1780415602.638978,Mistral-7B-Instruct-v0.3-Q5_K_M.gguf,5981.86,4.06937,0.0,0.0
1780415603.144505,Mistral-7B-Instruct-v0.3-Q5_K_M.gguf,5981.86,3.4883200000000003,0.0,0.0
1780415603.650387,Mistral-7B-Instruct-v0.3-Q5_K_M.gguf,5981.86,3.74228,0.0,0.0
1780415604.155648,Mistral-7B-Instruct-v0.3-Q5_K_M.gguf,5981.86,3.38017,0.0,0.0
1780415604.661263,Mistral-7B-Instruct-v0.3-Q5_K_M.gguf,5981.86,3.5935300000000003,0.0,0.0
1780415605.166831,Mistral-7B-Instruct-v0.3-Q5_K_M.gguf,5981.86,3.27007,0.0,0.0
1780415605.672315,Mistral-7B-Instruct-v0.3-Q5_K_M.gguf,5981.86,3.51128,0.0,0.0
1780415606.1777248,Mistral-7B-Instruct-v0.3-Q5_K_M.gguf,5981.86,3.68329,0.0,0.0
1780415606.683391,Mistral-7B-Instruct-v0.3-Q5_K_M.gguf,5981.86,3.26156,0.0,0.0
1780415607.188958,Mistral-7B-Instruct-v0.3-Q5_K_M.gguf,5981.86,3.45402,0.0,0.0
1780415607.694468,Mistral-7B-Instruct-v0.3-Q5_K_M.gguf,5981.86,3.3664099999999997,0.0,0.0
1780415608.2001998,Mistral-7B-Instruct-v0.3-Q5_K_M.gguf,5982.02,3.2851500000000002,0.0,0.0
1780415608.7056692,Mistral-7B-Instruct-v0.3-Q5_K_M.gguf,5982.02,3.56853,0.0,0.0
1780415609.2113988,Mistral-7B-Instruct-v0.3-Q5_K_M.gguf,5982.02,3.39413,0.0,0.0
1780415609.7201831,Mistral-7B-Instruct-v0.3-Q5_K_M.gguf,61.72,3.32149,0.0,0.0
1780415611.73505,Mistral-7B-Instruct-v0.3-Q5_K_M.gguf,5983.53,1.19858,0.0,0.0
1780415612.240994,Mistral-7B-Instruct-v0.3-Q5_K_M.gguf,5983.53,1.34914,0.0,0.0
1780415612.749514,Mistral-7B-Instruct-v0.3-Q5_K_M.gguf,5983.53,2.00302,0.0,0.0
1780415613.254288,Mistral-7B-Instruct-v0.3-Q5_K_M.gguf,5983.53,2.7461599999999997,0.0,0.0
1780415613.759827,Mistral-7B-Instruct-v0.3-Q5_K_M.gguf,5983.53,3.3085500000000003,0.0,0.0
1780415614.265861,Mistral-7B-Instruct-v0.3-Q5_K_M.gguf,5983.53,4.05831,0.0,0.0
1780415614.771214,Mistral-7B-Instruct-v0.3-Q5_K_M.gguf,5983.53,3.88978,0.0,0.0
1780415615.276974,Mistral-7B-Instruct-v0.3-Q5_K_M.gguf,5983.53,4.02964,0.0,0.0
1780415615.782408,Mistral-7B-Instruct-v0.3-Q5_K_M.gguf,5983.53,3.6675999999999997,0.0,0.0
1780415616.288107,Mistral-7B-Instruct-v0.3-Q5_K_M.gguf,5983.53,4.18994,0.0,0.0
1780415616.793608,Mistral-7B-Instruct-v0.3-Q5_K_M.gguf,5983.53,4.00496,0.0,0.0
1780415617.2991931,Mistral-7B-Instruct-v0.3-Q5_K_M.gguf,5983.53,3.77742,0.0,0.0
1780415617.804822,Mistral-7B-Instruct-v0.3-Q5_K_M.gguf,5983.53,3.72374,0.0,0.0
1780415618.310617,Mistral-7B-Instruct-v0.3-Q5_K_M.gguf,5983.53,3.45525,0.0,0.0
1780415618.816471,Mistral-7B-Instruct-v0.3-Q5_K_M.gguf,5983.53,3.75617,0.0,0.0
1780415619.321826,Mistral-7B-Instruct-v0.3-Q5_K_M.gguf,5983.53,3.75921,0.0,0.0
1780415619.827616,Mistral-7B-Instruct-v0.3-Q5_K_M.gguf,5983.53,3.69149,0.0,0.0
1780415620.332839,Mistral-7B-Instruct-v0.3-Q5_K_M.gguf,5983.53,3.4558,0.0,0.0
1780415620.838691,Mistral-7B-Instruct-v0.3-Q5_K_M.gguf,5983.53,3.51025,0.0,0.0
1780415621.3440819,Mistral-7B-Instruct-v0.3-Q5_K_M.gguf,5983.53,3.67117,0.0,0.0
1780415621.849605,Mistral-7B-Instruct-v0.3-Q5_K_M.gguf,5983.53,3.36916,0.0,0.0
1780415622.3555431,Mistral-7B-Instruct-v0.3-Q5_K_M.gguf,5983.53,3.5771100000000002,0.0,0.0
1780415622.861079,Mistral-7B-Instruct-v0.3-Q5_K_M.gguf,5983.53,3.58036,0.0,0.0
1780415623.36734,Mistral-7B-Instruct-v0.3-Q5_K_M.gguf,63.12,3.4188,0.0,0.0
1780415625.547759,Mistral-7B-Instruct-v0.3-Q5_K_M.gguf,5984.84,1.17897,0.0,0.0
1780415626.055115,Mistral-7B-Instruct-v0.3-Q5_K_M.gguf,5984.94,1.46991,0.0,0.0
1780415626.561096,Mistral-7B-Instruct-v0.3-Q5_K_M.gguf,5986.97,2.15204,0.0,0.0
1780415627.067033,Mistral-7B-Instruct-v0.3-Q5_K_M.gguf,5986.97,2.91065,0.0,0.0
1780415627.573589,Mistral-7B-Instruct-v0.3-Q5_K_M.gguf,5987.45,3.2550700000000004,0.0,0.0
1780415628.080639,Mistral-7B-Instruct-v0.3-Q5_K_M.gguf,5987.45,3.24268,0.0,0.0
1780415628.586972,Mistral-7B-Instruct-v0.3-Q5_K_M.gguf,5987.47,3.57859,0.0,0.0
1780415629.0932832,Mistral-7B-Instruct-v0.3-Q5_K_M.gguf,5987.45,3.20651,0.0,0.0
1780415629.59973,Mistral-7B-Instruct-v0.3-Q5_K_M.gguf,5987.45,2.95121,0.0,0.0
1780415630.105555,Mistral-7B-Instruct-v0.3-Q5_K_M.gguf,5987.45,3.06274,0.0,0.0
1780415630.611491,Mistral-7B-Instruct-v0.3-Q5_K_M.gguf,5987.45,3.0546599999999997,0.0,0.0
1780415631.1180449,Mistral-7B-Instruct-v0.3-Q5_K_M.gguf,5987.47,2.8296,0.0,0.0
1780415631.624181,Mistral-7B-Instruct-v0.3-Q5_K_M.gguf,5987.47,2.9149000000000003,0.0,0.0
1780415632.129995,Mistral-7B-Instruct-v0.3-Q5_K_M.gguf,5987.48,2.87101,0.0,0.0
1780415632.6369689,Mistral-7B-Instruct-v0.3-Q5_K_M.gguf,5987.48,2.8784099999999997,0.0,0.0
1780415633.142426,Mistral-7B-Instruct-v0.3-Q5_K_M.gguf,5987.48,2.70986,0.0,0.0
1780415633.648399,Mistral-7B-Instruct-v0.3-Q5_K_M.gguf,5987.48,2.96364,0.0,0.0
1780415634.1550632,Mistral-7B-Instruct-v0.3-Q5_K_M.gguf,5987.48,2.79928,0.0,0.0
1780415634.660474,Mistral-7B-Instruct-v0.3-Q5_K_M.gguf,5987.5,3.14183,0.0,0.0
1780415635.166637,Mistral-7B-Instruct-v0.3-Q5_K_M.gguf,5987.5,2.70201,0.0,0.0
1780415635.673152,Mistral-7B-Instruct-v0.3-Q5_K_M.gguf,5987.5,3.1684,0.0,0.0
1780415636.179065,Mistral-7B-Instruct-v0.3-Q5_K_M.gguf,5987.5,3.00241,0.0,0.0
1780415636.6852732,Mistral-7B-Instruct-v0.3-Q5_K_M.gguf,5987.5,2.9111100000000003,0.0,0.0
1780415637.19112,Mistral-7B-Instruct-v0.3-Q5_K_M.gguf,5987.52,2.83966,0.0,0.0
1780415637.697394,Mistral-7B-Instruct-v0.3-Q5_K_M.gguf,5987.52,2.97045,0.0,0.0
1780415638.203468,Mistral-7B-Instruct-v0.3-Q5_K_M.gguf,5987.52,2.8869499999999997,0.0,0.0
1780415638.709379,Mistral-7B-Instruct-v0.3-Q5_K_M.gguf,5987.52,2.9187800000000004,0.0,0.0
1780415639.215012,Mistral-7B-Instruct-v0.3-Q5_K_M.gguf,5987.52,2.9562,0.0,0.0
1780415639.721461,Mistral-7B-Instruct-v0.3-Q5_K_M.gguf,5987.52,3.11691,0.0,0.0
1780415640.227177,Mistral-7B-Instruct-v0.3-Q5_K_M.gguf,5987.52,3.0305500000000003,0.0,0.0
1780415640.733612,Mistral-7B-Instruct-v0.3-Q5_K_M.gguf,5987.52,2.83362,0.0,0.0
1780415641.239672,Mistral-7B-Instruct-v0.3-Q5_K_M.gguf,5987.52,2.8875100000000002,0.0,0.0
1780415641.745862,Mistral-7B-Instruct-v0.3-Q5_K_M.gguf,5987.52,3.03679,0.0,0.0
1780415642.2522938,Mistral-7B-Instruct-v0.3-Q5_K_M.gguf,5987.52,3.1262,0.0,0.0
1780415642.758461,Mistral-7B-Instruct-v0.3-Q5_K_M.gguf,5987.52,2.99188,0.0,0.0
1780415643.2656891,Mistral-7B-Instruct-v0.3-Q5_K_M.gguf,5987.52,3.0643200000000004,0.0,0.0
1780415643.773249,Mistral-7B-Instruct-v0.3-Q5_K_M.gguf,5987.52,3.40871,0.0,0.0
1780415644.279138,Mistral-7B-Instruct-v0.3-Q5_K_M.gguf,5987.52,2.91976,0.0,0.0
1780415644.785398,Mistral-7B-Instruct-v0.3-Q5_K_M.gguf,5987.52,2.72554,0.0,0.0
1780415645.290688,Mistral-7B-Instruct-v0.3-Q5_K_M.gguf,5987.52,2.62398,0.0,0.0
1780415645.796524,Mistral-7B-Instruct-v0.3-Q5_K_M.gguf,5987.52,3.10866,0.0,0.0
1780415646.3026,Mistral-7B-Instruct-v0.3-Q5_K_M.gguf,5987.52,3.15702,0.0,0.0
1780415646.8086479,Mistral-7B-Instruct-v0.3-Q5_K_M.gguf,5987.52,2.7905300000000004,0.0,0.0
1780415647.3149529,Mistral-7B-Instruct-v0.3-Q5_K_M.gguf,5987.52,2.9205300000000003,0.0,0.0
1780415647.8208692,Mistral-7B-Instruct-v0.3-Q5_K_M.gguf,5987.52,2.99105,0.0,0.0
1780415648.326897,Mistral-7B-Instruct-v0.3-Q5_K_M.gguf,5987.52,3.02048,0.0,0.0
1780415648.8327732,Mistral-7B-Instruct-v0.3-Q5_K_M.gguf,5987.52,3.0774,0.0,0.0
1780415649.338669,Mistral-7B-Instruct-v0.3-Q5_K_M.gguf,5987.52,2.9624,0.0,0.0
1780415649.844627,Mistral-7B-Instruct-v0.3-Q5_K_M.gguf,5987.52,3.00445,0.0,0.0
1780415650.350515,Mistral-7B-Instruct-v0.3-Q5_K_M.gguf,5987.52,3.0502,0.0,0.0
1780415650.856843,Mistral-7B-Instruct-v0.3-Q5_K_M.gguf,5987.52,2.92252,0.0,0.0
1780415651.363641,Mistral-7B-Instruct-v0.3-Q5_K_M.gguf,5987.52,3.07374,0.0,0.0
1780415651.86951,Mistral-7B-Instruct-v0.3-Q5_K_M.gguf,5987.52,2.9883699999999997,0.0,0.0
1780415652.3767838,Mistral-7B-Instruct-v0.3-Q5_K_M.gguf,5987.52,3.14756,0.0,0.0
1780415652.8842292,Mistral-7B-Instruct-v0.3-Q5_K_M.gguf,5987.52,3.9763200000000003,0.0,0.0
1780415653.393116,Mistral-7B-Instruct-v0.3-Q5_K_M.gguf,5987.52,4.4604099999999995,0.0,0.0
1780415653.899827,Mistral-7B-Instruct-v0.3-Q5_K_M.gguf,5987.52,3.5649699999999998,0.0,0.0
1780415654.407072,Mistral-7B-Instruct-v0.3-Q5_K_M.gguf,5987.52,2.02609,0.0,0.0
1780415654.913792,Mistral-7B-Instruct-v0.3-Q5_K_M.gguf,5987.52,2.4288000000000003,0.0,0.0
1780415655.420008,Mistral-7B-Instruct-v0.3-Q5_K_M.gguf,5987.52,2.66904,0.0,0.0
1780415655.9264572,Mistral-7B-Instruct-v0.3-Q5_K_M.gguf,5987.52,2.74897,0.0,0.0
1780415656.432193,Mistral-7B-Instruct-v0.3-Q5_K_M.gguf,5987.52,2.83241,0.0,0.0
1780415656.9382038,Mistral-7B-Instruct-v0.3-Q5_K_M.gguf,5987.52,3.2005700000000004,0.0,0.0
1780415657.444416,Mistral-7B-Instruct-v0.3-Q5_K_M.gguf,5987.52,2.71266,0.0,0.0
1780415657.95028,Mistral-7B-Instruct-v0.3-Q5_K_M.gguf,5987.53,3.4171,0.0,0.0
1780415658.456502,Mistral-7B-Instruct-v0.3-Q5_K_M.gguf,5987.53,3.32913,0.0,0.0
1780415658.962562,Mistral-7B-Instruct-v0.3-Q5_K_M.gguf,5987.53,3.01156,0.0,0.0
1780415659.4688032,Mistral-7B-Instruct-v0.3-Q5_K_M.gguf,5987.53,3.17067,0.0,0.0
1780415659.9747899,Mistral-7B-Instruct-v0.3-Q5_K_M.gguf,5987.53,3.26497,0.0,0.0
1780415660.4812648,Mistral-7B-Instruct-v0.3-Q5_K_M.gguf,5987.53,3.1567800000000004,0.0,0.0
1780415660.987146,Mistral-7B-Instruct-v0.3-Q5_K_M.gguf,5987.53,2.92471,0.0,0.0
1780415661.493342,Mistral-7B-Instruct-v0.3-Q5_K_M.gguf,5987.53,3.25498,0.0,0.0
1780415661.999438,Mistral-7B-Instruct-v0.3-Q5_K_M.gguf,5987.53,2.93936,0.0,0.0
1780415662.504839,Mistral-7B-Instruct-v0.3-Q5_K_M.gguf,5987.53,3.28153,0.0,0.0
1780415663.010952,Mistral-7B-Instruct-v0.3-Q5_K_M.gguf,5987.53,3.11701,0.0,0.0
1780415663.516834,Mistral-7B-Instruct-v0.3-Q5_K_M.gguf,5987.53,2.8000599999999998,0.0,0.0
1780415664.022824,Mistral-7B-Instruct-v0.3-Q5_K_M.gguf,5987.53,3.22784,0.0,0.0
1780415664.52899,Mistral-7B-Instruct-v0.3-Q5_K_M.gguf,5987.53,3.16662,0.0,0.0
1780415665.0351691,Mistral-7B-Instruct-v0.3-Q5_K_M.gguf,5987.53,3.14813,0.0,0.0
1780415665.5411782,Mistral-7B-Instruct-v0.3-Q5_K_M.gguf,5987.53,3.0493,0.0,0.0
1780415666.047148,Mistral-7B-Instruct-v0.3-Q5_K_M.gguf,5987.53,3.2403899999999997,0.0,0.0
1780415666.553216,Mistral-7B-Instruct-v0.3-Q5_K_M.gguf,5987.53,2.85544,0.0,0.0
1780415667.060502,Mistral-7B-Instruct-v0.3-Q5_K_M.gguf,5987.53,3.0751999999999997,0.0,0.0
1780415667.5686731,Mistral-7B-Instruct-v0.3-Q5_K_M.gguf,5987.53,5.44804,0.0,0.0
1780415668.0760598,Mistral-7B-Instruct-v0.3-Q5_K_M.gguf,5987.53,3.35555,0.0,0.0
1780415668.583211,Mistral-7B-Instruct-v0.3-Q5_K_M.gguf,5987.53,2.10978,0.0,0.0
1780415669.090482,Mistral-7B-Instruct-v0.3-Q5_K_M.gguf,5987.53,2.40196,0.0,0.0
1780415669.597003,Mistral-7B-Instruct-v0.3-Q5_K_M.gguf,5987.53,2.81139,0.0,0.0
1780415670.102816,Mistral-7B-Instruct-v0.3-Q5_K_M.gguf,5987.53,2.94133,0.0,0.0
1780415670.6096,Mistral-7B-Instruct-v0.3-Q5_K_M.gguf,5987.53,3.19391,0.0,0.0
1780415671.115593,Mistral-7B-Instruct-v0.3-Q5_K_M.gguf,5987.53,3.24657,0.0,0.0
1780415671.621591,Mistral-7B-Instruct-v0.3-Q5_K_M.gguf,5987.53,3.12663,0.0,0.0
1780415672.126893,Mistral-7B-Instruct-v0.3-Q5_K_M.gguf,5987.53,3.07071,0.0,0.0
1780415672.6328871,Mistral-7B-Instruct-v0.3-Q5_K_M.gguf,5987.53,2.88642,0.0,0.0
1780415673.139359,Mistral-7B-Instruct-v0.3-Q5_K_M.gguf,5987.53,3.11202,0.0,0.0
1780415673.645679,Mistral-7B-Instruct-v0.3-Q5_K_M.gguf,5987.53,3.1182600000000003,0.0,0.0
1780415674.151423,Mistral-7B-Instruct-v0.3-Q5_K_M.gguf,5987.53,3.01907,0.0,0.0
1780415674.658348,Mistral-7B-Instruct-v0.3-Q5_K_M.gguf,5987.53,3.17006,0.0,0.0
1780415675.1641579,Mistral-7B-Instruct-v0.3-Q5_K_M.gguf,5987.53,3.3931,0.0,0.0
1780415675.670506,Mistral-7B-Instruct-v0.3-Q5_K_M.gguf,5987.53,3.15825,0.0,0.0
1780415676.176337,Mistral-7B-Instruct-v0.3-Q5_K_M.gguf,5987.55,3.1221300000000003,0.0,0.0
1780415676.682754,Mistral-7B-Instruct-v0.3-Q5_K_M.gguf,5987.55,3.0373,0.0,0.0
1780415677.1888168,Mistral-7B-Instruct-v0.3-Q5_K_M.gguf,5987.55,2.9120500000000002,0.0,0.0
1780415677.694912,Mistral-7B-Instruct-v0.3-Q5_K_M.gguf,5987.55,3.1897399999999996,0.0,0.0
1780415678.201074,Mistral-7B-Instruct-v0.3-Q5_K_M.gguf,5987.55,3.27454,0.0,0.0
1780415678.707263,Mistral-7B-Instruct-v0.3-Q5_K_M.gguf,5987.55,2.70102,0.0,0.0
1780415679.213681,Mistral-7B-Instruct-v0.3-Q5_K_M.gguf,5987.55,3.08377,0.0,0.0
1780415679.71976,Mistral-7B-Instruct-v0.3-Q5_K_M.gguf,5987.55,3.3966999999999996,0.0,0.0
1780415680.226028,Mistral-7B-Instruct-v0.3-Q5_K_M.gguf,5987.55,3.1456999999999997,0.0,0.0
1780415680.732328,Mistral-7B-Instruct-v0.3-Q5_K_M.gguf,5987.55,3.20506,0.0,0.0
1780415681.238602,Mistral-7B-Instruct-v0.3-Q5_K_M.gguf,5987.55,3.20089,0.0,0.0
1780415681.7443771,Mistral-7B-Instruct-v0.3-Q5_K_M.gguf,5987.55,3.1714,0.0,0.0
1780415682.2502358,Mistral-7B-Instruct-v0.3-Q5_K_M.gguf,5987.55,3.0788200000000003,0.0,0.0
1780415682.756365,Mistral-7B-Instruct-v0.3-Q5_K_M.gguf,5987.55,3.09457,0.0,0.0
1780415683.262073,Mistral-7B-Instruct-v0.3-Q5_K_M.gguf,5987.55,3.1035,0.0,0.0
1780415683.768105,Mistral-7B-Instruct-v0.3-Q5_K_M.gguf,5987.55,3.11276,0.0,0.0
1780415684.2743711,Mistral-7B-Instruct-v0.3-Q5_K_M.gguf,5987.55,2.90964,0.0,0.0
1780415684.780344,Mistral-7B-Instruct-v0.3-Q5_K_M.gguf,5987.55,3.11196,0.0,0.0
1780415685.2864242,Mistral-7B-Instruct-v0.3-Q5_K_M.gguf,5987.55,3.10346,0.0,0.0
1780415685.7927911,Mistral-7B-Instruct-v0.3-Q5_K_M.gguf,5987.55,3.156,0.0,0.0
1780415686.298999,Mistral-7B-Instruct-v0.3-Q5_K_M.gguf,5987.55,3.39854,0.0,0.0
1780415686.804939,Mistral-7B-Instruct-v0.3-Q5_K_M.gguf,5987.55,3.16007,0.0,0.0
1780415687.3114119,Mistral-7B-Instruct-v0.3-Q5_K_M.gguf,5987.55,3.01142,0.0,0.0
1780415687.817091,Mistral-7B-Instruct-v0.3-Q5_K_M.gguf,65.14,3.36233,0.0,0.0
1780415690.2017379,Mistral-7B-Instruct-v0.3-Q5_K_M.gguf,5981.03,2.25602,0.0,0.0
1780415690.708637,Mistral-7B-Instruct-v0.3-Q5_K_M.gguf,5981.05,2.1513,0.0,0.0
1780415691.215382,Mistral-7B-Instruct-v0.3-Q5_K_M.gguf,5981.05,2.67888,0.0,0.0
1780415691.721866,Mistral-7B-Instruct-v0.3-Q5_K_M.gguf,5981.06,2.86904,0.0,0.0
1780415692.227901,Mistral-7B-Instruct-v0.3-Q5_K_M.gguf,5981.06,3.1691,0.0,0.0
1780415692.734171,Mistral-7B-Instruct-v0.3-Q5_K_M.gguf,5981.06,3.23782,0.0,0.0
1780415693.240897,Mistral-7B-Instruct-v0.3-Q5_K_M.gguf,5981.06,3.22954,0.0,0.0
1780415693.7474802,Mistral-7B-Instruct-v0.3-Q5_K_M.gguf,5981.06,3.21716,0.0,0.0
1780415694.253272,Mistral-7B-Instruct-v0.3-Q5_K_M.gguf,5981.09,3.02352,0.0,0.0
1780415694.759485,Mistral-7B-Instruct-v0.3-Q5_K_M.gguf,5981.11,3.04521,0.0,0.0
1780415695.265434,Mistral-7B-Instruct-v0.3-Q5_K_M.gguf,5981.12,2.99396,0.0,0.0
1780415695.7715552,Mistral-7B-Instruct-v0.3-Q5_K_M.gguf,5981.12,3.3250900000000003,0.0,0.0
1780415696.277493,Mistral-7B-Instruct-v0.3-Q5_K_M.gguf,5981.12,3.5762899999999997,0.0,0.0
1780415696.78385,Mistral-7B-Instruct-v0.3-Q5_K_M.gguf,5981.12,3.13788,0.0,0.0
1780415697.2899919,Mistral-7B-Instruct-v0.3-Q5_K_M.gguf,5981.12,3.09733,0.0,0.0
1780415697.795608,Mistral-7B-Instruct-v0.3-Q5_K_M.gguf,5981.12,3.1165,0.0,0.0
1780415698.301898,Mistral-7B-Instruct-v0.3-Q5_K_M.gguf,5981.12,2.99,0.0,0.0
1780415698.8082,Mistral-7B-Instruct-v0.3-Q5_K_M.gguf,5981.12,3.0156,0.0,0.0
1780415699.3149,Mistral-7B-Instruct-v0.3-Q5_K_M.gguf,5981.12,3.17597,0.0,0.0
1780415699.8199942,Mistral-7B-Instruct-v0.3-Q5_K_M.gguf,5981.11,3.1175900000000003,0.0,0.0
1780415700.32612,Mistral-7B-Instruct-v0.3-Q5_K_M.gguf,5981.11,2.98225,0.0,0.0
1780415700.832036,Mistral-7B-Instruct-v0.3-Q5_K_M.gguf,5981.11,3.27346,0.0,0.0
1780415701.337943,Mistral-7B-Instruct-v0.3-Q5_K_M.gguf,5981.12,3.25512,0.0,0.0
1780415701.8437,Mistral-7B-Instruct-v0.3-Q5_K_M.gguf,5981.12,3.29812,0.0,0.0
1780415702.34938,Mistral-7B-Instruct-v0.3-Q5_K_M.gguf,5981.12,2.79933,0.0,0.0
1780415702.855552,Mistral-7B-Instruct-v0.3-Q5_K_M.gguf,5981.12,3.23146,0.0,0.0
1780415703.361601,Mistral-7B-Instruct-v0.3-Q5_K_M.gguf,5981.12,3.38909,0.0,0.0
1780415703.867947,Mistral-7B-Instruct-v0.3-Q5_K_M.gguf,5981.12,3.04604,0.0,0.0
1780415704.373626,Mistral-7B-Instruct-v0.3-Q5_K_M.gguf,5981.12,3.0875100000000004,0.0,0.0
1780415704.880089,Mistral-7B-Instruct-v0.3-Q5_K_M.gguf,5981.12,3.2946999999999997,0.0,0.0
1780415705.385969,Mistral-7B-Instruct-v0.3-Q5_K_M.gguf,5981.12,3.20445,0.0,0.0
1780415705.892021,Mistral-7B-Instruct-v0.3-Q5_K_M.gguf,5981.12,3.21866,0.0,0.0
1780415706.3981981,Mistral-7B-Instruct-v0.3-Q5_K_M.gguf,5981.12,3.18567,0.0,0.0
1780415706.904211,Mistral-7B-Instruct-v0.3-Q5_K_M.gguf,5981.12,3.00563,0.0,0.0
1780415707.409774,Mistral-7B-Instruct-v0.3-Q5_K_M.gguf,5981.12,3.1484099999999997,0.0,0.0
1780415707.9164832,Mistral-7B-Instruct-v0.3-Q5_K_M.gguf,5981.12,3.05878,0.0,0.0
1780415708.421834,Mistral-7B-Instruct-v0.3-Q5_K_M.gguf,5981.12,3.2184,0.0,0.0
1780415708.927598,Mistral-7B-Instruct-v0.3-Q5_K_M.gguf,5981.12,3.29733,0.0,0.0
1780415709.433651,Mistral-7B-Instruct-v0.3-Q5_K_M.gguf,5981.12,3.21015,0.0,0.0
1780415709.939423,Mistral-7B-Instruct-v0.3-Q5_K_M.gguf,5981.12,3.08225,0.0,0.0
1780415710.446038,Mistral-7B-Instruct-v0.3-Q5_K_M.gguf,5981.12,3.1366799999999997,0.0,0.0
1780415710.9519758,Mistral-7B-Instruct-v0.3-Q5_K_M.gguf,5981.12,3.04436,0.0,0.0
1780415711.457865,Mistral-7B-Instruct-v0.3-Q5_K_M.gguf,5981.12,3.2984899999999997,0.0,0.0
1780415711.963797,Mistral-7B-Instruct-v0.3-Q5_K_M.gguf,5981.12,3.32862,0.0,0.0
1780415712.469801,Mistral-7B-Instruct-v0.3-Q5_K_M.gguf,5981.12,3.37364,0.0,0.0
1780415712.976056,Mistral-7B-Instruct-v0.3-Q5_K_M.gguf,5981.12,3.02006,0.0,0.0
1780415713.482027,Mistral-7B-Instruct-v0.3-Q5_K_M.gguf,5981.12,3.30583,0.0,0.0
1780415713.9878342,Mistral-7B-Instruct-v0.3-Q5_K_M.gguf,5981.12,3.13522,0.0,0.0
1780415714.493978,Mistral-7B-Instruct-v0.3-Q5_K_M.gguf,5981.12,3.03123,0.0,0.0
1780415714.999725,Mistral-7B-Instruct-v0.3-Q5_K_M.gguf,5981.12,3.36487,0.0,0.0
1780415715.505781,Mistral-7B-Instruct-v0.3-Q5_K_M.gguf,5981.14,3.06845,0.0,0.0
1780415716.011457,Mistral-7B-Instruct-v0.3-Q5_K_M.gguf,5981.14,3.32442,0.0,0.0
1780415716.517403,Mistral-7B-Instruct-v0.3-Q5_K_M.gguf,5981.14,3.13538,0.0,0.0
1780415717.0232651,Mistral-7B-Instruct-v0.3-Q5_K_M.gguf,5981.14,3.20926,0.0,0.0
1780415717.5294669,Mistral-7B-Instruct-v0.3-Q5_K_M.gguf,5981.14,3.0875500000000002,0.0,0.0
1780415718.0356,Mistral-7B-Instruct-v0.3-Q5_K_M.gguf,5981.14,3.28338,0.0,0.0
1780415718.541287,Mistral-7B-Instruct-v0.3-Q5_K_M.gguf,5981.14,3.13023,0.0,0.0
1780415719.047284,Mistral-7B-Instruct-v0.3-Q5_K_M.gguf,5981.14,3.13228,0.0,0.0
1780415719.553452,Mistral-7B-Instruct-v0.3-Q5_K_M.gguf,5981.14,2.9572800000000004,0.0,0.0
1780415720.05939,Mistral-7B-Instruct-v0.3-Q5_K_M.gguf,5981.14,3.32885,0.0,0.0
1780415720.565183,Mistral-7B-Instruct-v0.3-Q5_K_M.gguf,5981.14,2.72645,0.0,0.0
1780415721.0711172,Mistral-7B-Instruct-v0.3-Q5_K_M.gguf,5981.14,3.29257,0.0,0.0
1780415721.577356,Mistral-7B-Instruct-v0.3-Q5_K_M.gguf,5981.14,3.4497600000000004,0.0,0.0
1780415722.083214,Mistral-7B-Instruct-v0.3-Q5_K_M.gguf,5981.14,3.2038,0.0,0.0
1780415722.589066,Mistral-7B-Instruct-v0.3-Q5_K_M.gguf,5981.14,3.2602800000000003,0.0,0.0
1780415723.095011,Mistral-7B-Instruct-v0.3-Q5_K_M.gguf,5981.14,3.1292600000000004,0.0,0.0
1780415723.6014562,Mistral-7B-Instruct-v0.3-Q5_K_M.gguf,5981.14,3.17023,0.0,0.0
1780415724.107404,Mistral-7B-Instruct-v0.3-Q5_K_M.gguf,5981.14,2.58349,0.0,0.0
1780415724.613375,Mistral-7B-Instruct-v0.3-Q5_K_M.gguf,5981.14,3.2654099999999997,0.0,0.0
1780415745.164406,microsoft_Phi-4-mini-instruct-Q4_K_M.gguf,2542.95,3.68331,0.0,0.0
1780415745.67183,microsoft_Phi-4-mini-instruct-Q4_K_M.gguf,2542.95,2.02693,0.0,0.0
1780415746.179614,microsoft_Phi-4-mini-instruct-Q4_K_M.gguf,2542.97,1.8328,0.0,0.0
1780415746.687228,microsoft_Phi-4-mini-instruct-Q4_K_M.gguf,2542.97,2.1063400000000003,0.0,0.0
1780415747.1933491,microsoft_Phi-4-mini-instruct-Q4_K_M.gguf,2542.97,2.2236599999999997,0.0,0.0
1780415747.70525,microsoft_Phi-4-mini-instruct-Q4_K_M.gguf,2542.98,3.45897,0.0,0.0
1780415748.2082088,microsoft_Phi-4-mini-instruct-Q4_K_M.gguf,2542.98,4.0565,0.0,0.0
1780415748.716141,microsoft_Phi-4-mini-instruct-Q4_K_M.gguf,2543.0,2.49507,0.0,0.0
1780415749.222632,microsoft_Phi-4-mini-instruct-Q4_K_M.gguf,2543.0,2.44714,0.0,0.0
1780415749.729376,microsoft_Phi-4-mini-instruct-Q4_K_M.gguf,2543.02,2.5727399999999996,0.0,0.0
1780415750.2360902,microsoft_Phi-4-mini-instruct-Q4_K_M.gguf,2543.02,2.84897,0.0,0.0
1780415752.530473,microsoft_Phi-4-mini-instruct-Q4_K_M.gguf,2555.3,1.97607,0.0,0.0
1780415753.037415,microsoft_Phi-4-mini-instruct-Q4_K_M.gguf,2555.33,1.79486,0.0,0.0
1780415753.5452318,microsoft_Phi-4-mini-instruct-Q4_K_M.gguf,2555.36,2.26987,0.0,0.0
1780415754.051789,microsoft_Phi-4-mini-instruct-Q4_K_M.gguf,2555.39,2.69133,0.0,0.0
1780415754.55927,microsoft_Phi-4-mini-instruct-Q4_K_M.gguf,2555.39,2.83278,0.0,0.0
1780415755.0661252,microsoft_Phi-4-mini-instruct-Q4_K_M.gguf,2555.39,2.85033,0.0,0.0
1780415755.573409,microsoft_Phi-4-mini-instruct-Q4_K_M.gguf,2555.39,2.82089,0.0,0.0
1780415756.0801432,microsoft_Phi-4-mini-instruct-Q4_K_M.gguf,2555.39,3.2203600000000003,0.0,0.0
1780415756.587086,microsoft_Phi-4-mini-instruct-Q4_K_M.gguf,2555.39,2.84592,0.0,0.0
1780415757.0945191,microsoft_Phi-4-mini-instruct-Q4_K_M.gguf,2555.39,2.8306199999999997,0.0,0.0
1780415757.601289,microsoft_Phi-4-mini-instruct-Q4_K_M.gguf,2555.39,3.21301,0.0,0.0
1780415758.108427,microsoft_Phi-4-mini-instruct-Q4_K_M.gguf,2555.39,2.8922800000000004,0.0,0.0
1780415758.6154618,microsoft_Phi-4-mini-instruct-Q4_K_M.gguf,2555.41,3.07002,0.0,0.0
1780415759.1224709,microsoft_Phi-4-mini-instruct-Q4_K_M.gguf,2555.41,2.6839,0.0,0.0
1780415759.6288168,microsoft_Phi-4-mini-instruct-Q4_K_M.gguf,2555.39,2.39635,0.0,0.0
1780415760.136543,microsoft_Phi-4-mini-instruct-Q4_K_M.gguf,2555.39,3.5954200000000003,0.0,0.0
1780415760.643931,microsoft_Phi-4-mini-instruct-Q4_K_M.gguf,2555.39,3.46184,0.0,0.0
1780415761.150502,microsoft_Phi-4-mini-instruct-Q4_K_M.gguf,2555.41,2.18907,0.0,0.0
1780415761.657856,microsoft_Phi-4-mini-instruct-Q4_K_M.gguf,2555.41,2.39984,0.0,0.0
1780415762.164592,microsoft_Phi-4-mini-instruct-Q4_K_M.gguf,2555.41,2.53587,0.0,0.0
1780415762.671506,microsoft_Phi-4-mini-instruct-Q4_K_M.gguf,2555.42,2.8531500000000003,0.0,0.0
1780415763.178842,microsoft_Phi-4-mini-instruct-Q4_K_M.gguf,2555.42,2.7792399999999997,0.0,0.0
1780415763.696907,microsoft_Phi-4-mini-instruct-Q4_K_M.gguf,121.58,2.80822,0.0,0.0
1780415765.850285,microsoft_Phi-4-mini-instruct-Q4_K_M.gguf,2565.38,2.62321,0.0,0.0
1780415766.357876,microsoft_Phi-4-mini-instruct-Q4_K_M.gguf,2565.39,1.8544800000000001,0.0,0.0
1780415766.865494,microsoft_Phi-4-mini-instruct-Q4_K_M.gguf,2565.41,2.13396,0.0,0.0
1780415767.372683,microsoft_Phi-4-mini-instruct-Q4_K_M.gguf,2565.42,2.81214,0.0,0.0
1780415767.8798552,microsoft_Phi-4-mini-instruct-Q4_K_M.gguf,2565.42,2.8729299999999998,0.0,0.0
1780415768.387585,microsoft_Phi-4-mini-instruct-Q4_K_M.gguf,2565.42,2.38774,0.0,0.0
1780415768.8941,microsoft_Phi-4-mini-instruct-Q4_K_M.gguf,2565.42,2.7200900000000003,0.0,0.0
1780415769.4011269,microsoft_Phi-4-mini-instruct-Q4_K_M.gguf,2565.41,3.21045,0.0,0.0
1780415769.909535,microsoft_Phi-4-mini-instruct-Q4_K_M.gguf,2565.41,3.39203,0.0,0.0
1780415772.079828,microsoft_Phi-4-mini-instruct-Q4_K_M.gguf,2565.08,1.93,0.0,0.0
1780415772.586899,microsoft_Phi-4-mini-instruct-Q4_K_M.gguf,2565.08,1.9326500000000002,0.0,0.0
1780415773.092344,microsoft_Phi-4-mini-instruct-Q4_K_M.gguf,2565.09,2.1363000000000003,0.0,0.0
1780415773.59912,microsoft_Phi-4-mini-instruct-Q4_K_M.gguf,2565.09,2.4801100000000003,0.0,0.0
1780415774.1066072,microsoft_Phi-4-mini-instruct-Q4_K_M.gguf,2565.11,3.04268,0.0,0.0
1780415774.613465,microsoft_Phi-4-mini-instruct-Q4_K_M.gguf,2565.11,2.86897,0.0,0.0
1780415775.120288,microsoft_Phi-4-mini-instruct-Q4_K_M.gguf,2565.11,2.90265,0.0,0.0
1780415775.6272268,microsoft_Phi-4-mini-instruct-Q4_K_M.gguf,2565.11,2.7600700000000002,0.0,0.0
1780415776.133711,microsoft_Phi-4-mini-instruct-Q4_K_M.gguf,2565.11,2.88294,0.0,0.0
1780415776.640595,microsoft_Phi-4-mini-instruct-Q4_K_M.gguf,2565.11,3.0141799999999996,0.0,0.0
1780415777.147557,microsoft_Phi-4-mini-instruct-Q4_K_M.gguf,2565.11,2.92878,0.0,0.0
1780415777.654665,microsoft_Phi-4-mini-instruct-Q4_K_M.gguf,2565.11,3.0087800000000002,0.0,0.0
1780415778.1614919,microsoft_Phi-4-mini-instruct-Q4_K_M.gguf,2565.11,2.91146,0.0,0.0
1780415778.677997,microsoft_Phi-4-mini-instruct-Q4_K_M.gguf,131.25,2.79258,0.0,0.0
1780415780.8584971,microsoft_Phi-4-mini-instruct-Q4_K_M.gguf,2564.67,3.05564,0.0,0.0
1780415781.3659992,microsoft_Phi-4-mini-instruct-Q4_K_M.gguf,2564.7,2.0723499999999997,0.0,0.0
1780415781.873282,microsoft_Phi-4-mini-instruct-Q4_K_M.gguf,2564.7,2.17725,0.0,0.0
1780415782.380588,microsoft_Phi-4-mini-instruct-Q4_K_M.gguf,2564.7,2.66898,0.0,0.0
1780415782.887885,microsoft_Phi-4-mini-instruct-Q4_K_M.gguf,2564.7,2.64844,0.0,0.0
1780415783.394903,microsoft_Phi-4-mini-instruct-Q4_K_M.gguf,2564.7,2.59185,0.0,0.0
1780415783.9017541,microsoft_Phi-4-mini-instruct-Q4_K_M.gguf,2564.7,2.9554,0.0,0.0
1780415784.408544,microsoft_Phi-4-mini-instruct-Q4_K_M.gguf,2564.7,3.02509,0.0,0.0
1780415784.915277,microsoft_Phi-4-mini-instruct-Q4_K_M.gguf,2564.69,2.84902,0.0,0.0
1780415785.4226649,microsoft_Phi-4-mini-instruct-Q4_K_M.gguf,2564.69,2.78884,0.0,0.0
1780415785.930037,microsoft_Phi-4-mini-instruct-Q4_K_M.gguf,2564.69,3.17543,0.0,0.0
1780415786.437171,microsoft_Phi-4-mini-instruct-Q4_K_M.gguf,2564.69,3.2446599999999997,0.0,0.0
1780415786.948046,microsoft_Phi-4-mini-instruct-Q4_K_M.gguf,2564.69,2.54408,0.0,0.0
1780415787.455023,microsoft_Phi-4-mini-instruct-Q4_K_M.gguf,2564.69,2.49672,0.0,0.0
1780415787.961993,microsoft_Phi-4-mini-instruct-Q4_K_M.gguf,2564.7,2.63832,0.0,0.0
1780415788.4694421,microsoft_Phi-4-mini-instruct-Q4_K_M.gguf,2564.72,2.6619699999999997,0.0,0.0
1780415788.976332,microsoft_Phi-4-mini-instruct-Q4_K_M.gguf,2564.72,2.87973,0.0,0.0
1780415789.483158,microsoft_Phi-4-mini-instruct-Q4_K_M.gguf,2564.72,2.9513000000000003,0.0,0.0
1780415789.990578,microsoft_Phi-4-mini-instruct-Q4_K_M.gguf,2564.72,3.04723,0.0,0.0
1780415790.4971688,microsoft_Phi-4-mini-instruct-Q4_K_M.gguf,2564.72,2.6901100000000002,0.0,0.0
1780415791.00438,microsoft_Phi-4-mini-instruct-Q4_K_M.gguf,2564.72,2.9236500000000003,0.0,0.0
1780415791.511654,microsoft_Phi-4-mini-instruct-Q4_K_M.gguf,2564.72,2.91066,0.0,0.0
1780415792.023754,microsoft_Phi-4-mini-instruct-Q4_K_M.gguf,130.89,2.94578,0.0,0.0
1780415794.027536,microsoft_Phi-4-mini-instruct-Q4_K_M.gguf,2543.22,2.29163,0.0,0.0
1780415794.5350358,microsoft_Phi-4-mini-instruct-Q4_K_M.gguf,2543.25,1.63676,0.0,0.0
1780415795.04213,microsoft_Phi-4-mini-instruct-Q4_K_M.gguf,2543.27,2.02988,0.0,0.0
1780415795.549273,microsoft_Phi-4-mini-instruct-Q4_K_M.gguf,2543.28,2.38903,0.0,0.0
1780415796.056572,microsoft_Phi-4-mini-instruct-Q4_K_M.gguf,2543.28,2.7611,0.0,0.0
1780415796.564084,microsoft_Phi-4-mini-instruct-Q4_K_M.gguf,2543.28,2.95599,0.0,0.0
1780415797.070862,microsoft_Phi-4-mini-instruct-Q4_K_M.gguf,2543.28,3.00943,0.0,0.0
1780415797.577761,microsoft_Phi-4-mini-instruct-Q4_K_M.gguf,2543.3,3.16716,0.0,0.0
1780415798.084492,microsoft_Phi-4-mini-instruct-Q4_K_M.gguf,2543.28,3.1324,0.0,0.0
1780415798.592086,microsoft_Phi-4-mini-instruct-Q4_K_M.gguf,2543.28,2.9786799999999998,0.0,0.0
1780415799.0992131,microsoft_Phi-4-mini-instruct-Q4_K_M.gguf,2543.28,2.9186300000000003,0.0,0.0
1780415799.606434,microsoft_Phi-4-mini-instruct-Q4_K_M.gguf,2543.28,2.9386300000000003,0.0,0.0
1780415800.115646,microsoft_Phi-4-mini-instruct-Q4_K_M.gguf,2543.28,2.87936,0.0,0.0
1780415800.623018,microsoft_Phi-4-mini-instruct-Q4_K_M.gguf,2543.28,2.8291,0.0,0.0
1780415801.129766,microsoft_Phi-4-mini-instruct-Q4_K_M.gguf,2543.28,2.68321,0.0,0.0
1780415801.63727,microsoft_Phi-4-mini-instruct-Q4_K_M.gguf,2543.28,2.85617,0.0,0.0
1780415802.144354,microsoft_Phi-4-mini-instruct-Q4_K_M.gguf,2543.28,2.57859,0.0,0.0
1780415802.651396,microsoft_Phi-4-mini-instruct-Q4_K_M.gguf,2543.28,3.02508,0.0,0.0
1780415803.158584,microsoft_Phi-4-mini-instruct-Q4_K_M.gguf,2543.28,2.83657,0.0,0.0
1780415803.665041,microsoft_Phi-4-mini-instruct-Q4_K_M.gguf,2543.28,2.86137,0.0,0.0
1780415804.1722932,microsoft_Phi-4-mini-instruct-Q4_K_M.gguf,2543.28,2.8453000000000004,0.0,0.0
1780415804.679041,microsoft_Phi-4-mini-instruct-Q4_K_M.gguf,2543.28,3.00304,0.0,0.0
1780415805.187747,microsoft_Phi-4-mini-instruct-Q4_K_M.gguf,109.42,3.39187,0.0,0.0
1780415807.346835,microsoft_Phi-4-mini-instruct-Q4_K_M.gguf,2544.22,2.6005100000000003,0.0,0.0
1780415807.8543942,microsoft_Phi-4-mini-instruct-Q4_K_M.gguf,2544.22,2.0273499999999998,0.0,0.0
1780415808.361931,microsoft_Phi-4-mini-instruct-Q4_K_M.gguf,2544.22,2.05442,0.0,0.0
1780415808.868884,microsoft_Phi-4-mini-instruct-Q4_K_M.gguf,2544.22,2.35298,0.0,0.0
1780415809.37579,microsoft_Phi-4-mini-instruct-Q4_K_M.gguf,2544.22,2.66795,0.0,0.0
1780415809.882635,microsoft_Phi-4-mini-instruct-Q4_K_M.gguf,2544.23,2.7685999999999997,0.0,0.0
1780415810.389654,microsoft_Phi-4-mini-instruct-Q4_K_M.gguf,2544.23,2.83566,0.0,0.0
1780415810.896443,microsoft_Phi-4-mini-instruct-Q4_K_M.gguf,2544.23,3.2358200000000004,0.0,0.0
1780415811.403467,microsoft_Phi-4-mini-instruct-Q4_K_M.gguf,2544.22,2.96468,0.0,0.0
1780415811.911019,microsoft_Phi-4-mini-instruct-Q4_K_M.gguf,2544.22,2.79533,0.0,0.0
1780415812.417436,microsoft_Phi-4-mini-instruct-Q4_K_M.gguf,2544.22,3.1679299999999997,0.0,0.0
1780415812.924503,microsoft_Phi-4-mini-instruct-Q4_K_M.gguf,2544.22,2.92708,0.0,0.0
1780415813.432141,microsoft_Phi-4-mini-instruct-Q4_K_M.gguf,2544.23,3.14167,0.0,0.0
1780415813.938803,microsoft_Phi-4-mini-instruct-Q4_K_M.gguf,2544.23,2.7263699999999997,0.0,0.0
1780415814.446145,microsoft_Phi-4-mini-instruct-Q4_K_M.gguf,2544.23,3.14198,0.0,0.0
1780415816.635007,microsoft_Phi-4-mini-instruct-Q4_K_M.gguf,2542.98,2.18163,0.0,0.0
1780415817.1422138,microsoft_Phi-4-mini-instruct-Q4_K_M.gguf,2543.02,1.63618,0.0,0.0
1780415817.648885,microsoft_Phi-4-mini-instruct-Q4_K_M.gguf,2543.03,2.27679,0.0,0.0
1780415818.155911,microsoft_Phi-4-mini-instruct-Q4_K_M.gguf,2543.05,2.6619099999999998,0.0,0.0
1780415818.662436,microsoft_Phi-4-mini-instruct-Q4_K_M.gguf,2543.05,2.8054699999999997,0.0,0.0
1780415819.1693,microsoft_Phi-4-mini-instruct-Q4_K_M.gguf,2543.05,2.78612,0.0,0.0
1780415819.676932,microsoft_Phi-4-mini-instruct-Q4_K_M.gguf,2543.05,2.79517,0.0,0.0
1780415820.184006,microsoft_Phi-4-mini-instruct-Q4_K_M.gguf,2543.06,2.9729200000000002,0.0,0.0
1780415820.690298,microsoft_Phi-4-mini-instruct-Q4_K_M.gguf,2543.06,2.94662,0.0,0.0
1780415821.1971772,microsoft_Phi-4-mini-instruct-Q4_K_M.gguf,2543.06,2.9397800000000003,0.0,0.0
1780415821.704216,microsoft_Phi-4-mini-instruct-Q4_K_M.gguf,2543.06,3.27031,0.0,0.0
1780415822.211543,microsoft_Phi-4-mini-instruct-Q4_K_M.gguf,2543.06,2.97244,0.0,0.0
1780415822.718573,microsoft_Phi-4-mini-instruct-Q4_K_M.gguf,2543.06,2.9688499999999998,0.0,0.0
1780415823.225783,microsoft_Phi-4-mini-instruct-Q4_K_M.gguf,2543.06,2.62936,0.0,0.0
1780415823.732574,microsoft_Phi-4-mini-instruct-Q4_K_M.gguf,2543.06,2.8775500000000003,0.0,0.0
1780415824.239771,microsoft_Phi-4-mini-instruct-Q4_K_M.gguf,2543.06,2.87249,0.0,0.0
1780415824.746486,microsoft_Phi-4-mini-instruct-Q4_K_M.gguf,2543.08,3.0044899999999997,0.0,0.0
1780415825.2536252,microsoft_Phi-4-mini-instruct-Q4_K_M.gguf,2543.08,3.11036,0.0,0.0
1780415825.759252,microsoft_Phi-4-mini-instruct-Q4_K_M.gguf,2543.08,2.7558800000000003,0.0,0.0
1780415826.266198,microsoft_Phi-4-mini-instruct-Q4_K_M.gguf,2543.08,3.18743,0.0,0.0
1780415826.772955,microsoft_Phi-4-mini-instruct-Q4_K_M.gguf,2543.08,2.53145,0.0,0.0
1780415827.2796001,microsoft_Phi-4-mini-instruct-Q4_K_M.gguf,2543.08,2.97075,0.0,0.0
1780415827.786463,microsoft_Phi-4-mini-instruct-Q4_K_M.gguf,2543.08,3.2160100000000003,0.0,0.0
1780415828.303097,microsoft_Phi-4-mini-instruct-Q4_K_M.gguf,109.22,2.86329,0.0,0.0
1780415830.436667,microsoft_Phi-4-mini-instruct-Q4_K_M.gguf,2561.86,3.08983,0.0,0.0
1780415830.944115,microsoft_Phi-4-mini-instruct-Q4_K_M.gguf,2561.86,2.16912,0.0,0.0
1780415831.451243,microsoft_Phi-4-mini-instruct-Q4_K_M.gguf,2561.86,2.0835500000000002,0.0,0.0
1780415831.959328,microsoft_Phi-4-mini-instruct-Q4_K_M.gguf,2561.86,2.34953,0.0,0.0
1780415832.465987,microsoft_Phi-4-mini-instruct-Q4_K_M.gguf,2561.86,2.71537,0.0,0.0
1780415832.97309,microsoft_Phi-4-mini-instruct-Q4_K_M.gguf,2561.88,2.83648,0.0,0.0
1780415833.480601,microsoft_Phi-4-mini-instruct-Q4_K_M.gguf,2561.88,3.2238,0.0,0.0
1780415833.987633,microsoft_Phi-4-mini-instruct-Q4_K_M.gguf,2561.88,2.8137399999999997,0.0,0.0
1780415834.494294,microsoft_Phi-4-mini-instruct-Q4_K_M.gguf,2561.86,2.9702100000000002,0.0,0.0
1780415835.013248,microsoft_Phi-4-mini-instruct-Q4_K_M.gguf,128.02,3.02477,0.0,0.0
1780415837.1328719,microsoft_Phi-4-mini-instruct-Q4_K_M.gguf,2549.92,3.1686799999999997,0.0,0.0
1780415837.64004,microsoft_Phi-4-mini-instruct-Q4_K_M.gguf,2549.95,1.9261,0.0,0.0
1780415838.14734,microsoft_Phi-4-mini-instruct-Q4_K_M.gguf,2549.98,2.0525300000000004,0.0,0.0
1780415838.654766,microsoft_Phi-4-mini-instruct-Q4_K_M.gguf,2550.0,2.54247,0.0,0.0
1780415839.1615412,microsoft_Phi-4-mini-instruct-Q4_K_M.gguf,2550.0,2.48856,0.0,0.0
1780415839.6690822,microsoft_Phi-4-mini-instruct-Q4_K_M.gguf,2550.0,3.18482,0.0,0.0
1780415840.175956,microsoft_Phi-4-mini-instruct-Q4_K_M.gguf,2550.0,2.86459,0.0,0.0
1780415840.6828392,microsoft_Phi-4-mini-instruct-Q4_K_M.gguf,2550.0,3.24765,0.0,0.0
1780415841.189805,microsoft_Phi-4-mini-instruct-Q4_K_M.gguf,2550.0,3.1773000000000002,0.0,0.0
1780415841.697056,microsoft_Phi-4-mini-instruct-Q4_K_M.gguf,2550.0,2.8396,0.0,0.0
1780415842.204084,microsoft_Phi-4-mini-instruct-Q4_K_M.gguf,2550.0,2.88832,0.0,0.0
1780415842.712058,microsoft_Phi-4-mini-instruct-Q4_K_M.gguf,2550.0,3.1398699999999997,0.0,0.0
1780415843.218714,microsoft_Phi-4-mini-instruct-Q4_K_M.gguf,2550.02,2.7616300000000003,0.0,0.0
1780415843.726151,microsoft_Phi-4-mini-instruct-Q4_K_M.gguf,2550.02,3.144,0.0,0.0
1780415844.2333398,microsoft_Phi-4-mini-instruct-Q4_K_M.gguf,2550.03,2.87629,0.0,0.0
1780415844.742819,microsoft_Phi-4-mini-instruct-Q4_K_M.gguf,2550.03,2.74849,0.0,0.0
1780415845.249606,microsoft_Phi-4-mini-instruct-Q4_K_M.gguf,2550.03,2.85421,0.0,0.0
1780415845.756955,microsoft_Phi-4-mini-instruct-Q4_K_M.gguf,2550.05,2.76566,0.0,0.0
1780415846.26403,microsoft_Phi-4-mini-instruct-Q4_K_M.gguf,2550.05,3.2998600000000002,0.0,0.0
1780415846.769301,microsoft_Phi-4-mini-instruct-Q4_K_M.gguf,2550.05,2.75903,0.0,0.0
1780415847.2764108,microsoft_Phi-4-mini-instruct-Q4_K_M.gguf,2550.05,3.2952600000000003,0.0,0.0
1780415847.783398,microsoft_Phi-4-mini-instruct-Q4_K_M.gguf,2550.05,2.848,0.0,0.0
1780415848.290299,microsoft_Phi-4-mini-instruct-Q4_K_M.gguf,2550.06,2.65444,0.0,0.0
1780415899.980706,microsoft_Phi-4-mini-instruct-Q4_K_M.gguf,2756.88,4.63758,0.0,0.0
1780415900.488951,microsoft_Phi-4-mini-instruct-Q4_K_M.gguf,2756.88,2.41991,0.0,0.0
1780415900.996855,microsoft_Phi-4-mini-instruct-Q4_K_M.gguf,2756.88,2.2795900000000002,0.0,0.0
1780415901.503777,microsoft_Phi-4-mini-instruct-Q4_K_M.gguf,2756.88,2.0935300000000003,0.0,0.0
1780415902.0113332,microsoft_Phi-4-mini-instruct-Q4_K_M.gguf,2756.89,2.43652,0.0,0.0
1780415902.5178041,microsoft_Phi-4-mini-instruct-Q4_K_M.gguf,2756.89,3.02869,0.0,0.0
1780415903.02545,microsoft_Phi-4-mini-instruct-Q4_K_M.gguf,2756.91,3.13782,0.0,0.0
1780415903.532171,microsoft_Phi-4-mini-instruct-Q4_K_M.gguf,2756.91,3.0268699999999997,0.0,0.0
1780415904.0391061,microsoft_Phi-4-mini-instruct-Q4_K_M.gguf,2756.89,2.94039,0.0,0.0
1780415904.554892,microsoft_Phi-4-mini-instruct-Q4_K_M.gguf,131.06,3.1085700000000003,0.0,0.0
1780415906.6921952,microsoft_Phi-4-mini-instruct-Q4_K_M.gguf,2756.16,3.47467,0.0,0.0
1780415907.199884,microsoft_Phi-4-mini-instruct-Q4_K_M.gguf,2756.16,1.81907,0.0,0.0
1780415907.707497,microsoft_Phi-4-mini-instruct-Q4_K_M.gguf,2756.16,1.84739,0.0,0.0
1780415908.213752,microsoft_Phi-4-mini-instruct-Q4_K_M.gguf,2756.16,2.49315,0.0,0.0
1780415908.720447,microsoft_Phi-4-mini-instruct-Q4_K_M.gguf,2756.16,3.0482199999999997,0.0,0.0
1780415909.227262,microsoft_Phi-4-mini-instruct-Q4_K_M.gguf,2756.16,2.8787800000000003,0.0,0.0
1780415909.734164,microsoft_Phi-4-mini-instruct-Q4_K_M.gguf,2756.16,3.15137,0.0,0.0
1780415910.241039,microsoft_Phi-4-mini-instruct-Q4_K_M.gguf,2756.16,3.12223,0.0,0.0
1780415910.748014,microsoft_Phi-4-mini-instruct-Q4_K_M.gguf,2756.14,3.1769000000000003,0.0,0.0
1780415911.254999,microsoft_Phi-4-mini-instruct-Q4_K_M.gguf,2756.16,3.02424,0.0,0.0
1780415913.43796,microsoft_Phi-4-mini-instruct-Q4_K_M.gguf,2761.78,2.55058,0.0,0.0
1780415913.946101,microsoft_Phi-4-mini-instruct-Q4_K_M.gguf,2761.8,1.88445,0.0,0.0
1780415914.4527721,microsoft_Phi-4-mini-instruct-Q4_K_M.gguf,2761.81,2.42956,0.0,0.0
1780415914.96049,microsoft_Phi-4-mini-instruct-Q4_K_M.gguf,2761.81,2.78875,0.0,0.0
1780415915.46704,microsoft_Phi-4-mini-instruct-Q4_K_M.gguf,2761.81,2.9831999999999996,0.0,0.0
1780415915.974108,microsoft_Phi-4-mini-instruct-Q4_K_M.gguf,2761.83,2.98088,0.0,0.0
1780415916.4814458,microsoft_Phi-4-mini-instruct-Q4_K_M.gguf,2761.83,3.21102,0.0,0.0
1780415916.988896,microsoft_Phi-4-mini-instruct-Q4_K_M.gguf,2761.83,3.0542,0.0,0.0
1780415917.497018,microsoft_Phi-4-mini-instruct-Q4_K_M.gguf,2761.78,3.13989,0.0,0.0
1780415918.002621,microsoft_Phi-4-mini-instruct-Q4_K_M.gguf,2761.78,3.11138,0.0,0.0
1780415918.5094242,microsoft_Phi-4-mini-instruct-Q4_K_M.gguf,2761.78,2.79247,0.0,0.0
1780415919.023041,microsoft_Phi-4-mini-instruct-Q4_K_M.gguf,135.97,3.16964,0.0,0.0
1780415921.092364,microsoft_Phi-4-mini-instruct-Q4_K_M.gguf,2759.64,2.95672,0.0,0.0
1780415921.5996218,microsoft_Phi-4-mini-instruct-Q4_K_M.gguf,2759.66,2.23273,0.0,0.0
1780415922.106876,microsoft_Phi-4-mini-instruct-Q4_K_M.gguf,2759.67,2.26534,0.0,0.0
1780415922.6139588,microsoft_Phi-4-mini-instruct-Q4_K_M.gguf,2759.67,2.7603899999999997,0.0,0.0
1780415923.121268,microsoft_Phi-4-mini-instruct-Q4_K_M.gguf,2759.67,2.7733499999999998,0.0,0.0
1780415923.628294,microsoft_Phi-4-mini-instruct-Q4_K_M.gguf,2759.67,3.1046,0.0,0.0
1780415924.134938,microsoft_Phi-4-mini-instruct-Q4_K_M.gguf,2759.67,3.33923,0.0,0.0
1780415924.642379,microsoft_Phi-4-mini-instruct-Q4_K_M.gguf,2759.67,3.2585900000000003,0.0,0.0
1780415925.149028,microsoft_Phi-4-mini-instruct-Q4_K_M.gguf,2759.67,3.26819,0.0,0.0
1780415925.656123,microsoft_Phi-4-mini-instruct-Q4_K_M.gguf,2759.67,2.9373899999999997,0.0,0.0
1780415926.1630158,microsoft_Phi-4-mini-instruct-Q4_K_M.gguf,2759.67,2.88856,0.0,0.0
1780415926.6699688,microsoft_Phi-4-mini-instruct-Q4_K_M.gguf,2759.67,3.13211,0.0,0.0
1780415927.177127,microsoft_Phi-4-mini-instruct-Q4_K_M.gguf,2759.69,3.11775,0.0,0.0
1780415927.684067,microsoft_Phi-4-mini-instruct-Q4_K_M.gguf,2759.69,3.24843,0.0,0.0
1780415928.191265,microsoft_Phi-4-mini-instruct-Q4_K_M.gguf,2759.69,3.09518,0.0,0.0
1780415928.697833,microsoft_Phi-4-mini-instruct-Q4_K_M.gguf,2759.69,2.9031700000000003,0.0,0.0
1780415929.204857,microsoft_Phi-4-mini-instruct-Q4_K_M.gguf,2759.69,2.8496300000000003,0.0,0.0
1780415929.712353,microsoft_Phi-4-mini-instruct-Q4_K_M.gguf,2759.69,2.95219,0.0,0.0
1780415931.92291,microsoft_Phi-4-mini-instruct-Q4_K_M.gguf,2746.16,2.6503200000000002,0.0,0.0
1780415932.430423,microsoft_Phi-4-mini-instruct-Q4_K_M.gguf,2746.17,1.92663,0.0,0.0
1780415932.937218,microsoft_Phi-4-mini-instruct-Q4_K_M.gguf,2746.2,2.41844,0.0,0.0
1780415933.445039,microsoft_Phi-4-mini-instruct-Q4_K_M.gguf,2746.2,2.76913,0.0,0.0
1780415933.9517329,microsoft_Phi-4-mini-instruct-Q4_K_M.gguf,2746.2,3.3352399999999998,0.0,0.0
1780415934.4594839,microsoft_Phi-4-mini-instruct-Q4_K_M.gguf,2746.2,3.2657399999999996,0.0,0.0
1780415934.9661498,microsoft_Phi-4-mini-instruct-Q4_K_M.gguf,2746.22,3.15941,0.0,0.0
1780415935.47321,microsoft_Phi-4-mini-instruct-Q4_K_M.gguf,2746.23,3.1027199999999997,0.0,0.0
1780415935.980611,microsoft_Phi-4-mini-instruct-Q4_K_M.gguf,2746.2,3.20081,0.0,0.0
1780415936.4867132,microsoft_Phi-4-mini-instruct-Q4_K_M.gguf,2746.2,3.39925,0.0,0.0
1780415936.993763,microsoft_Phi-4-mini-instruct-Q4_K_M.gguf,2746.22,2.9307600000000003,0.0,0.0
1780415937.5006511,microsoft_Phi-4-mini-instruct-Q4_K_M.gguf,2746.22,2.8623600000000002,0.0,0.0
1780415938.007935,microsoft_Phi-4-mini-instruct-Q4_K_M.gguf,2746.22,3.0403000000000002,0.0,0.0
1780415938.514679,microsoft_Phi-4-mini-instruct-Q4_K_M.gguf,2746.22,3.11297,0.0,0.0
1780415939.022138,microsoft_Phi-4-mini-instruct-Q4_K_M.gguf,2746.23,3.21319,0.0,0.0
1780415939.52928,microsoft_Phi-4-mini-instruct-Q4_K_M.gguf,2746.23,2.97933,0.0,0.0
1780415940.0359428,microsoft_Phi-4-mini-instruct-Q4_K_M.gguf,2746.23,2.83646,0.0,0.0
1780415940.542971,microsoft_Phi-4-mini-instruct-Q4_K_M.gguf,2746.23,3.0900100000000004,0.0,0.0
1780415941.049899,microsoft_Phi-4-mini-instruct-Q4_K_M.gguf,2746.23,3.42681,0.0,0.0
1780415941.5567129,microsoft_Phi-4-mini-instruct-Q4_K_M.gguf,2746.23,3.23154,0.0,0.0
1780415942.0635562,microsoft_Phi-4-mini-instruct-Q4_K_M.gguf,2746.23,3.59663,0.0,0.0
1780415942.570218,microsoft_Phi-4-mini-instruct-Q4_K_M.gguf,2746.23,3.3959099999999998,0.0,0.0
1780415944.847768,microsoft_Phi-4-mini-instruct-Q4_K_M.gguf,2752.7,2.72125,0.0,0.0
1780415945.35408,microsoft_Phi-4-mini-instruct-Q4_K_M.gguf,2752.7,2.04013,0.0,0.0
1780415945.861264,microsoft_Phi-4-mini-instruct-Q4_K_M.gguf,2752.7,2.46225,0.0,0.0
1780415946.3681018,microsoft_Phi-4-mini-instruct-Q4_K_M.gguf,2752.7,2.87508,0.0,0.0
1780415946.874482,microsoft_Phi-4-mini-instruct-Q4_K_M.gguf,2752.7,3.04409,0.0,0.0
1780415947.381832,microsoft_Phi-4-mini-instruct-Q4_K_M.gguf,2752.7,3.26969,0.0,0.0
1780415947.8885639,microsoft_Phi-4-mini-instruct-Q4_K_M.gguf,2752.72,4.2125,0.0,0.0
1780415948.3958552,microsoft_Phi-4-mini-instruct-Q4_K_M.gguf,2752.72,3.03585,0.0,0.0
1780415948.90307,microsoft_Phi-4-mini-instruct-Q4_K_M.gguf,2752.72,3.17029,0.0,0.0
1780415949.410464,microsoft_Phi-4-mini-instruct-Q4_K_M.gguf,2752.72,2.6983200000000003,0.0,0.0
1780415949.9170089,microsoft_Phi-4-mini-instruct-Q4_K_M.gguf,2752.72,2.97231,0.0,0.0
1780415950.424778,microsoft_Phi-4-mini-instruct-Q4_K_M.gguf,2752.72,3.0388200000000003,0.0,0.0
1780415950.931347,microsoft_Phi-4-mini-instruct-Q4_K_M.gguf,2752.72,3.31113,0.0,0.0
1780415951.438425,microsoft_Phi-4-mini-instruct-Q4_K_M.gguf,2752.72,3.1492199999999997,0.0,0.0
1780415951.94616,microsoft_Phi-4-mini-instruct-Q4_K_M.gguf,2752.7,3.06616,0.0,0.0
1780415952.452621,microsoft_Phi-4-mini-instruct-Q4_K_M.gguf,2752.7,3.0125300000000004,0.0,0.0
1780415952.9596732,microsoft_Phi-4-mini-instruct-Q4_K_M.gguf,2752.7,2.96968,0.0,0.0
1780415953.477964,microsoft_Phi-4-mini-instruct-Q4_K_M.gguf,126.86,3.1506,0.0,0.0
1780415955.448941,microsoft_Phi-4-mini-instruct-Q4_K_M.gguf,2757.41,3.5126399999999998,0.0,0.0
1780415955.955484,microsoft_Phi-4-mini-instruct-Q4_K_M.gguf,2757.41,2.2282100000000002,0.0,0.0
1780415956.463427,microsoft_Phi-4-mini-instruct-Q4_K_M.gguf,2757.41,2.25801,0.0,0.0
1780415956.968744,microsoft_Phi-4-mini-instruct-Q4_K_M.gguf,2757.42,2.56855,0.0,0.0
1780415957.4759,microsoft_Phi-4-mini-instruct-Q4_K_M.gguf,2757.42,4.2926,0.0,0.0
1780415957.983104,microsoft_Phi-4-mini-instruct-Q4_K_M.gguf,2757.42,3.0694899999999996,0.0,0.0
1780415958.490349,microsoft_Phi-4-mini-instruct-Q4_K_M.gguf,2757.42,2.75622,0.0,0.0
1780415958.9980538,microsoft_Phi-4-mini-instruct-Q4_K_M.gguf,2757.42,3.38516,0.0,0.0
1780415959.505336,microsoft_Phi-4-mini-instruct-Q4_K_M.gguf,2757.38,2.95235,0.0,0.0
1780415960.01224,microsoft_Phi-4-mini-instruct-Q4_K_M.gguf,2757.38,2.90067,0.0,0.0
1780415960.518759,microsoft_Phi-4-mini-instruct-Q4_K_M.gguf,2757.38,3.2754299999999996,0.0,0.0
1780415961.026465,microsoft_Phi-4-mini-instruct-Q4_K_M.gguf,2757.38,3.0242199999999997,0.0,0.0
1780415961.532567,microsoft_Phi-4-mini-instruct-Q4_K_M.gguf,2757.38,3.1298000000000004,0.0,0.0
1780415962.0398011,microsoft_Phi-4-mini-instruct-Q4_K_M.gguf,2757.38,2.97564,0.0,0.0
1780415962.5469902,microsoft_Phi-4-mini-instruct-Q4_K_M.gguf,2757.38,2.8493600000000003,0.0,0.0
1780415963.053486,microsoft_Phi-4-mini-instruct-Q4_K_M.gguf,2757.39,2.9815300000000002,0.0,0.0
1780415963.560652,microsoft_Phi-4-mini-instruct-Q4_K_M.gguf,2757.39,3.21249,0.0,0.0
1780415964.067639,microsoft_Phi-4-mini-instruct-Q4_K_M.gguf,2757.39,3.05463,0.0,0.0
1780415964.5744882,microsoft_Phi-4-mini-instruct-Q4_K_M.gguf,2757.39,2.93321,0.0,0.0
1780415965.081714,microsoft_Phi-4-mini-instruct-Q4_K_M.gguf,2757.39,3.10853,0.0,0.0
1780415965.588955,microsoft_Phi-4-mini-instruct-Q4_K_M.gguf,2757.39,3.20191,0.0,0.0
1780415966.0955698,microsoft_Phi-4-mini-instruct-Q4_K_M.gguf,2757.39,3.05451,0.0,0.0
1780415968.551748,microsoft_Phi-4-mini-instruct-Q4_K_M.gguf,2745.33,2.97143,0.0,0.0
1780415969.057517,microsoft_Phi-4-mini-instruct-Q4_K_M.gguf,2745.34,2.2869699999999997,0.0,0.0
1780415969.5646021,microsoft_Phi-4-mini-instruct-Q4_K_M.gguf,2745.34,2.52875,0.0,0.0
1780415970.071706,microsoft_Phi-4-mini-instruct-Q4_K_M.gguf,2745.36,2.8298200000000002,0.0,0.0
1780415970.578343,microsoft_Phi-4-mini-instruct-Q4_K_M.gguf,2745.36,3.00305,0.0,0.0
1780415971.0851321,microsoft_Phi-4-mini-instruct-Q4_K_M.gguf,2745.36,2.99371,0.0,0.0
1780415971.592265,microsoft_Phi-4-mini-instruct-Q4_K_M.gguf,2745.38,3.04711,0.0,0.0
1780415972.098964,microsoft_Phi-4-mini-instruct-Q4_K_M.gguf,2745.36,3.1810300000000002,0.0,0.0
1780415972.606217,microsoft_Phi-4-mini-instruct-Q4_K_M.gguf,2745.36,3.35867,0.0,0.0
1780415973.113188,microsoft_Phi-4-mini-instruct-Q4_K_M.gguf,2745.36,3.1996599999999997,0.0,0.0
1780415975.51003,microsoft_Phi-4-mini-instruct-Q4_K_M.gguf,2749.33,2.64622,0.0,0.0
1780415976.017123,microsoft_Phi-4-mini-instruct-Q4_K_M.gguf,2749.33,2.17158,0.0,0.0
1780415976.52337,microsoft_Phi-4-mini-instruct-Q4_K_M.gguf,2749.33,2.15259,0.0,0.0
1780415977.0303428,microsoft_Phi-4-mini-instruct-Q4_K_M.gguf,2749.33,2.8191100000000002,0.0,0.0
1780415977.5373619,microsoft_Phi-4-mini-instruct-Q4_K_M.gguf,2749.33,2.75565,0.0,0.0
1780415978.0441191,microsoft_Phi-4-mini-instruct-Q4_K_M.gguf,2749.33,3.07477,0.0,0.0
1780415978.5511239,microsoft_Phi-4-mini-instruct-Q4_K_M.gguf,2749.33,3.38265,0.0,0.0
1780415979.05806,microsoft_Phi-4-mini-instruct-Q4_K_M.gguf,2749.33,3.3062,0.0,0.0
1780415979.5648692,microsoft_Phi-4-mini-instruct-Q4_K_M.gguf,2749.28,2.931,0.0,0.0
1780415980.07197,microsoft_Phi-4-mini-instruct-Q4_K_M.gguf,2749.28,3.22581,0.0,0.0
1780415980.579086,microsoft_Phi-4-mini-instruct-Q4_K_M.gguf,2749.28,2.98898,0.0,0.0
1780415981.086216,microsoft_Phi-4-mini-instruct-Q4_K_M.gguf,2749.28,3.16396,0.0,0.0
1780415981.593109,microsoft_Phi-4-mini-instruct-Q4_K_M.gguf,2749.28,2.93453,0.0,0.0
1780415982.099811,microsoft_Phi-4-mini-instruct-Q4_K_M.gguf,2749.28,3.27278,0.0,0.0
1780415982.606147,microsoft_Phi-4-mini-instruct-Q4_K_M.gguf,2749.28,3.07035,0.0,0.0
1780415983.112986,microsoft_Phi-4-mini-instruct-Q4_K_M.gguf,2749.28,2.8378,0.0,0.0
1780415983.6197581,microsoft_Phi-4-mini-instruct-Q4_K_M.gguf,2749.28,3.35184,0.0,0.0
1780415984.126889,microsoft_Phi-4-mini-instruct-Q4_K_M.gguf,2749.28,3.1226599999999998,0.0,0.0
1780415984.6338298,microsoft_Phi-4-mini-instruct-Q4_K_M.gguf,2749.28,3.4255500000000003,0.0,0.0
1780415985.140841,microsoft_Phi-4-mini-instruct-Q4_K_M.gguf,2749.28,2.9027800000000004,0.0,0.0
1780415985.647844,microsoft_Phi-4-mini-instruct-Q4_K_M.gguf,2749.28,3.10982,0.0,0.0
1780415986.154866,microsoft_Phi-4-mini-instruct-Q4_K_M.gguf,2749.28,2.9375,0.0,0.0
1780415988.3090591,microsoft_Phi-4-mini-instruct-Q4_K_M.gguf,2735.12,2.48413,0.0,0.0
1780415988.816402,microsoft_Phi-4-mini-instruct-Q4_K_M.gguf,2735.14,2.00148,0.0,0.0
1780415989.323102,microsoft_Phi-4-mini-instruct-Q4_K_M.gguf,2735.16,2.38031,0.0,0.0
1780415989.830511,microsoft_Phi-4-mini-instruct-Q4_K_M.gguf,2735.16,2.61063,0.0,0.0
1780415990.337203,microsoft_Phi-4-mini-instruct-Q4_K_M.gguf,2735.16,3.05079,0.0,0.0
1780415990.844502,microsoft_Phi-4-mini-instruct-Q4_K_M.gguf,2735.16,3.08181,0.0,0.0
1780415991.351084,microsoft_Phi-4-mini-instruct-Q4_K_M.gguf,2735.17,3.26624,0.0,0.0
1780415991.858318,microsoft_Phi-4-mini-instruct-Q4_K_M.gguf,2735.19,3.1300100000000004,0.0,0.0
1780415992.365073,microsoft_Phi-4-mini-instruct-Q4_K_M.gguf,2735.19,3.1503,0.0,0.0
1780415992.872111,microsoft_Phi-4-mini-instruct-Q4_K_M.gguf,2735.19,3.1671,0.0,0.0
1780415993.379274,microsoft_Phi-4-mini-instruct-Q4_K_M.gguf,2735.19,3.06588,0.0,0.0
1780415993.886174,microsoft_Phi-4-mini-instruct-Q4_K_M.gguf,2735.19,3.1016,0.0,0.0
1780415994.3931332,microsoft_Phi-4-mini-instruct-Q4_K_M.gguf,2735.19,2.94772,0.0,0.0
1780415994.899751,microsoft_Phi-4-mini-instruct-Q4_K_M.gguf,2735.2,3.0988800000000003,0.0,0.0
1780415995.4067688,microsoft_Phi-4-mini-instruct-Q4_K_M.gguf,2735.16,2.98787,0.0,0.0
1780415995.914156,microsoft_Phi-4-mini-instruct-Q4_K_M.gguf,2735.16,3.1426999999999996,0.0,0.0
1780415996.420993,microsoft_Phi-4-mini-instruct-Q4_K_M.gguf,2735.16,3.2441,0.0,0.0
1780415996.928459,microsoft_Phi-4-mini-instruct-Q4_K_M.gguf,2735.16,2.9442,0.0,0.0
1780415997.434777,microsoft_Phi-4-mini-instruct-Q4_K_M.gguf,2735.16,3.1953899999999997,0.0,0.0
1780415997.94226,microsoft_Phi-4-mini-instruct-Q4_K_M.gguf,2735.16,2.93967,0.0,0.0
1780415998.449116,microsoft_Phi-4-mini-instruct-Q4_K_M.gguf,2735.16,3.20982,0.0,0.0
1780416215.047171,microsoft_Phi-4-mini-instruct-Q4_K_M.gguf,3516.5,4.48311,0.0,0.0
1780416215.554278,microsoft_Phi-4-mini-instruct-Q4_K_M.gguf,3516.52,2.50679,0.0,0.0
1780416216.06237,microsoft_Phi-4-mini-instruct-Q4_K_M.gguf,3516.52,2.27256,0.0,0.0
1780416216.5685802,microsoft_Phi-4-mini-instruct-Q4_K_M.gguf,3516.52,2.51708,0.0,0.0
1780416217.074635,microsoft_Phi-4-mini-instruct-Q4_K_M.gguf,3516.52,3.0141999999999998,0.0,0.0
1780416217.582001,microsoft_Phi-4-mini-instruct-Q4_K_M.gguf,3516.52,3.18507,0.0,0.0
1780416218.0892532,microsoft_Phi-4-mini-instruct-Q4_K_M.gguf,3516.52,3.1690300000000002,0.0,0.0
1780416218.5962691,microsoft_Phi-4-mini-instruct-Q4_K_M.gguf,3516.52,3.1277,0.0,0.0
1780416219.103314,microsoft_Phi-4-mini-instruct-Q4_K_M.gguf,3516.52,3.5990300000000004,0.0,0.0
1780416219.610673,microsoft_Phi-4-mini-instruct-Q4_K_M.gguf,3516.52,3.00815,0.0,0.0
1780416220.117585,microsoft_Phi-4-mini-instruct-Q4_K_M.gguf,3516.52,3.13825,0.0,0.0
1780416220.62497,microsoft_Phi-4-mini-instruct-Q4_K_M.gguf,3516.52,3.0488000000000004,0.0,0.0
1780416221.131362,microsoft_Phi-4-mini-instruct-Q4_K_M.gguf,3516.52,3.3810100000000003,0.0,0.0
1780416221.638135,microsoft_Phi-4-mini-instruct-Q4_K_M.gguf,3516.52,3.43109,0.0,0.0
1780416222.1455889,microsoft_Phi-4-mini-instruct-Q4_K_M.gguf,3516.5,2.90004,0.0,0.0
1780416222.6525052,microsoft_Phi-4-mini-instruct-Q4_K_M.gguf,3516.5,3.17592,0.0,0.0
1780416223.159701,microsoft_Phi-4-mini-instruct-Q4_K_M.gguf,3516.5,3.0631500000000003,0.0,0.0
1780416223.666402,microsoft_Phi-4-mini-instruct-Q4_K_M.gguf,3516.5,3.15379,0.0,0.0
1780416224.173339,microsoft_Phi-4-mini-instruct-Q4_K_M.gguf,3516.5,3.13167,0.0,0.0
1780416226.286083,microsoft_Phi-4-mini-instruct-Q4_K_M.gguf,3512.69,2.69138,0.0,0.0
1780416226.793906,microsoft_Phi-4-mini-instruct-Q4_K_M.gguf,3512.69,2.04533,0.0,0.0
1780416227.3007529,microsoft_Phi-4-mini-instruct-Q4_K_M.gguf,3512.69,2.6551199999999997,0.0,0.0
1780416227.8079538,microsoft_Phi-4-mini-instruct-Q4_K_M.gguf,3512.69,2.83028,0.0,0.0
1780416228.314475,microsoft_Phi-4-mini-instruct-Q4_K_M.gguf,3512.7,3.12647,0.0,0.0
1780416228.821701,microsoft_Phi-4-mini-instruct-Q4_K_M.gguf,3512.7,3.0729,0.0,0.0
1780416229.3285928,microsoft_Phi-4-mini-instruct-Q4_K_M.gguf,3512.7,3.45007,0.0,0.0
1780416229.835818,microsoft_Phi-4-mini-instruct-Q4_K_M.gguf,3512.7,3.58359,0.0,0.0
1780416230.3426518,microsoft_Phi-4-mini-instruct-Q4_K_M.gguf,3512.7,3.0229899999999996,0.0,0.0
1780416230.849677,microsoft_Phi-4-mini-instruct-Q4_K_M.gguf,3512.7,3.12208,0.0,0.0
1780416231.356333,microsoft_Phi-4-mini-instruct-Q4_K_M.gguf,3512.7,3.07323,0.0,0.0
1780416231.863337,microsoft_Phi-4-mini-instruct-Q4_K_M.gguf,3512.7,3.1423400000000004,0.0,0.0
1780416232.37006,microsoft_Phi-4-mini-instruct-Q4_K_M.gguf,3512.7,3.1287800000000003,0.0,0.0
1780416232.877394,microsoft_Phi-4-mini-instruct-Q4_K_M.gguf,3512.7,3.1452,0.0,0.0
1780416233.38473,microsoft_Phi-4-mini-instruct-Q4_K_M.gguf,3512.69,3.25018,0.0,0.0
1780416233.891979,microsoft_Phi-4-mini-instruct-Q4_K_M.gguf,118.83,3.17929,0.0,0.0
1780416235.93349,microsoft_Phi-4-mini-instruct-Q4_K_M.gguf,3504.22,3.08966,0.0,0.0
1780416236.4399831,microsoft_Phi-4-mini-instruct-Q4_K_M.gguf,3504.23,2.24688,0.0,0.0
1780416236.947102,microsoft_Phi-4-mini-instruct-Q4_K_M.gguf,3504.3,2.27567,0.0,0.0
1780416237.454144,microsoft_Phi-4-mini-instruct-Q4_K_M.gguf,3504.3,2.82078,0.0,0.0
1780416237.961466,microsoft_Phi-4-mini-instruct-Q4_K_M.gguf,3504.3,2.87487,0.0,0.0
1780416238.4684532,microsoft_Phi-4-mini-instruct-Q4_K_M.gguf,3504.3,3.32579,0.0,0.0
1780416238.975741,microsoft_Phi-4-mini-instruct-Q4_K_M.gguf,3504.3,3.19363,0.0,0.0
1780416239.48252,microsoft_Phi-4-mini-instruct-Q4_K_M.gguf,3504.3,3.25139,0.0,0.0
1780416239.989784,microsoft_Phi-4-mini-instruct-Q4_K_M.gguf,3504.28,3.16378,0.0,0.0
1780416240.497039,microsoft_Phi-4-mini-instruct-Q4_K_M.gguf,3504.28,3.10846,0.0,0.0
1780416241.0037382,microsoft_Phi-4-mini-instruct-Q4_K_M.gguf,3504.28,3.16181,0.0,0.0
1780416241.511231,microsoft_Phi-4-mini-instruct-Q4_K_M.gguf,3504.3,3.01142,0.0,0.0
1780416242.017958,microsoft_Phi-4-mini-instruct-Q4_K_M.gguf,3504.3,3.39235,0.0,0.0
1780416242.524863,microsoft_Phi-4-mini-instruct-Q4_K_M.gguf,3504.3,3.34282,0.0,0.0
1780416243.0317178,microsoft_Phi-4-mini-instruct-Q4_K_M.gguf,3504.3,2.95039,0.0,0.0
1780416243.5384572,microsoft_Phi-4-mini-instruct-Q4_K_M.gguf,3504.3,3.10127,0.0,0.0
1780416244.045611,microsoft_Phi-4-mini-instruct-Q4_K_M.gguf,3504.3,3.0917600000000003,0.0,0.0
1780416244.552293,microsoft_Phi-4-mini-instruct-Q4_K_M.gguf,3504.3,3.3014099999999997,0.0,0.0
1780416245.059263,microsoft_Phi-4-mini-instruct-Q4_K_M.gguf,3504.3,3.169,0.0,0.0
1780416247.222795,microsoft_Phi-4-mini-instruct-Q4_K_M.gguf,3513.83,2.8969899999999997,0.0,0.0
1780416247.730766,microsoft_Phi-4-mini-instruct-Q4_K_M.gguf,3513.83,2.01837,0.0,0.0
1780416248.237767,microsoft_Phi-4-mini-instruct-Q4_K_M.gguf,3513.83,2.44867,0.0,0.0
1780416248.744666,microsoft_Phi-4-mini-instruct-Q4_K_M.gguf,3513.83,2.69286,0.0,0.0
1780416249.25153,microsoft_Phi-4-mini-instruct-Q4_K_M.gguf,3513.83,2.9850100000000004,0.0,0.0
1780416249.758377,microsoft_Phi-4-mini-instruct-Q4_K_M.gguf,3513.83,3.35042,0.0,0.0
1780416250.265225,microsoft_Phi-4-mini-instruct-Q4_K_M.gguf,3513.83,3.38707,0.0,0.0
1780416250.77229,microsoft_Phi-4-mini-instruct-Q4_K_M.gguf,3513.83,3.36883,0.0,0.0
1780416251.27912,microsoft_Phi-4-mini-instruct-Q4_K_M.gguf,3513.83,3.2182399999999998,0.0,0.0
1780416251.785982,microsoft_Phi-4-mini-instruct-Q4_K_M.gguf,3513.83,3.33107,0.0,0.0
1780416252.2930539,microsoft_Phi-4-mini-instruct-Q4_K_M.gguf,3513.83,2.98921,0.0,0.0
1780416252.800132,microsoft_Phi-4-mini-instruct-Q4_K_M.gguf,3513.83,3.06806,0.0,0.0
1780416253.306911,microsoft_Phi-4-mini-instruct-Q4_K_M.gguf,3513.83,3.0761,0.0,0.0
1780416253.8139079,microsoft_Phi-4-mini-instruct-Q4_K_M.gguf,3513.83,3.25793,0.0,0.0
1780416254.321044,microsoft_Phi-4-mini-instruct-Q4_K_M.gguf,3513.81,2.87738,0.0,0.0
1780416254.829013,microsoft_Phi-4-mini-instruct-Q4_K_M.gguf,3513.81,3.00311,0.0,0.0
1780416255.336134,microsoft_Phi-4-mini-instruct-Q4_K_M.gguf,3513.81,3.0059699999999996,0.0,0.0
1780416255.843219,microsoft_Phi-4-mini-instruct-Q4_K_M.gguf,3513.81,3.05793,0.0,0.0
1780416256.350014,microsoft_Phi-4-mini-instruct-Q4_K_M.gguf,3513.83,3.28005,0.0,0.0
1780416256.856677,microsoft_Phi-4-mini-instruct-Q4_K_M.gguf,3513.83,3.47254,0.0,0.0
1780416257.363555,microsoft_Phi-4-mini-instruct-Q4_K_M.gguf,3513.83,3.0037399999999996,0.0,0.0
1780416257.879425,microsoft_Phi-4-mini-instruct-Q4_K_M.gguf,119.98,3.27361,0.0,0.0
1780416260.01014,microsoft_Phi-4-mini-instruct-Q4_K_M.gguf,3501.86,3.77198,0.0,0.0
1780416260.517014,microsoft_Phi-4-mini-instruct-Q4_K_M.gguf,3501.88,2.2049499999999997,0.0,0.0
1780416261.0248032,microsoft_Phi-4-mini-instruct-Q4_K_M.gguf,3501.89,2.2756399999999997,0.0,0.0
1780416261.5314748,microsoft_Phi-4-mini-instruct-Q4_K_M.gguf,3501.91,2.49748,0.0,0.0
1780416262.038762,microsoft_Phi-4-mini-instruct-Q4_K_M.gguf,3501.91,2.9855500000000004,0.0,0.0
1780416262.543941,microsoft_Phi-4-mini-instruct-Q4_K_M.gguf,3501.91,3.03647,0.0,0.0
1780416263.050587,microsoft_Phi-4-mini-instruct-Q4_K_M.gguf,3501.92,3.3425,0.0,0.0
1780416263.557632,microsoft_Phi-4-mini-instruct-Q4_K_M.gguf,3501.92,3.4133,0.0,0.0
1780416264.06481,microsoft_Phi-4-mini-instruct-Q4_K_M.gguf,3501.92,3.35631,0.0,0.0
1780416264.57175,microsoft_Phi-4-mini-instruct-Q4_K_M.gguf,3501.92,3.0607699999999998,0.0,0.0
1780416265.077564,microsoft_Phi-4-mini-instruct-Q4_K_M.gguf,3501.92,3.15704,0.0,0.0
1780416265.5844631,microsoft_Phi-4-mini-instruct-Q4_K_M.gguf,3501.92,3.3945,0.0,0.0
1780416266.091648,microsoft_Phi-4-mini-instruct-Q4_K_M.gguf,3501.92,2.9980300000000004,0.0,0.0
1780416266.5985348,microsoft_Phi-4-mini-instruct-Q4_K_M.gguf,3501.92,3.47016,0.0,0.0
1780416267.1164858,microsoft_Phi-4-mini-instruct-Q4_K_M.gguf,108.05,3.02927,0.0,0.0
1780416269.362009,microsoft_Phi-4-mini-instruct-Q4_K_M.gguf,3524.78,3.58026,0.0,0.0
1780416269.868735,microsoft_Phi-4-mini-instruct-Q4_K_M.gguf,3524.78,2.59043,0.0,0.0
1780416270.3758678,microsoft_Phi-4-mini-instruct-Q4_K_M.gguf,3524.78,2.50796,0.0,0.0
1780416270.882334,microsoft_Phi-4-mini-instruct-Q4_K_M.gguf,3524.81,2.8703499999999997,0.0,0.0
1780416271.389018,microsoft_Phi-4-mini-instruct-Q4_K_M.gguf,3524.81,2.86721,0.0,0.0
1780416271.8965068,microsoft_Phi-4-mini-instruct-Q4_K_M.gguf,3524.81,3.01982,0.0,0.0
1780416272.403439,microsoft_Phi-4-mini-instruct-Q4_K_M.gguf,3524.81,3.5005300000000004,0.0,0.0
1780416272.911207,microsoft_Phi-4-mini-instruct-Q4_K_M.gguf,3524.81,3.11721,0.0,0.0
1780416273.417923,microsoft_Phi-4-mini-instruct-Q4_K_M.gguf,3524.81,3.26005,0.0,0.0
1780416273.924881,microsoft_Phi-4-mini-instruct-Q4_K_M.gguf,3524.81,3.3933400000000002,0.0,0.0
1780416274.444104,microsoft_Phi-4-mini-instruct-Q4_K_M.gguf,130.98,3.0994099999999998,0.0,0.0
1780416276.4789069,microsoft_Phi-4-mini-instruct-Q4_K_M.gguf,3536.88,3.15483,0.0,0.0
1780416276.9866052,microsoft_Phi-4-mini-instruct-Q4_K_M.gguf,3536.88,1.9792,0.0,0.0
1780416277.493616,microsoft_Phi-4-mini-instruct-Q4_K_M.gguf,3536.88,2.1012399999999998,0.0,0.0
1780416278.000556,microsoft_Phi-4-mini-instruct-Q4_K_M.gguf,3536.88,2.524,0.0,0.0
1780416278.507007,microsoft_Phi-4-mini-instruct-Q4_K_M.gguf,3536.88,2.84221,0.0,0.0
1780416279.0140731,microsoft_Phi-4-mini-instruct-Q4_K_M.gguf,3536.88,3.4894000000000003,0.0,0.0
1780416279.521743,microsoft_Phi-4-mini-instruct-Q4_K_M.gguf,3536.88,3.32848,0.0,0.0
1780416280.0286348,microsoft_Phi-4-mini-instruct-Q4_K_M.gguf,3536.88,2.8383499999999997,0.0,0.0
1780416280.53551,microsoft_Phi-4-mini-instruct-Q4_K_M.gguf,3536.84,3.28233,0.0,0.0
1780416281.0428958,microsoft_Phi-4-mini-instruct-Q4_K_M.gguf,3536.84,3.2100999999999997,0.0,0.0
1780416281.5494652,microsoft_Phi-4-mini-instruct-Q4_K_M.gguf,3536.84,3.12758,0.0,0.0
1780416282.056329,microsoft_Phi-4-mini-instruct-Q4_K_M.gguf,3536.84,3.17367,0.0,0.0
1780416282.5633228,microsoft_Phi-4-mini-instruct-Q4_K_M.gguf,3536.84,3.28496,0.0,0.0
1780416283.0702488,microsoft_Phi-4-mini-instruct-Q4_K_M.gguf,3536.84,3.0899099999999997,0.0,0.0
1780416283.577712,microsoft_Phi-4-mini-instruct-Q4_K_M.gguf,3536.84,3.15967,0.0,0.0
1780416284.084717,microsoft_Phi-4-mini-instruct-Q4_K_M.gguf,3536.86,3.21565,0.0,0.0
1780416284.589997,microsoft_Phi-4-mini-instruct-Q4_K_M.gguf,3536.86,2.8464,0.0,0.0
1780416285.097374,microsoft_Phi-4-mini-instruct-Q4_K_M.gguf,3151.72,3.29694,0.0,0.0
1780416287.27531,microsoft_Phi-4-mini-instruct-Q4_K_M.gguf,3503.19,3.34774,0.0,0.0
1780416287.7819169,microsoft_Phi-4-mini-instruct-Q4_K_M.gguf,3503.2,2.2553400000000003,0.0,0.0
1780416288.288596,microsoft_Phi-4-mini-instruct-Q4_K_M.gguf,3503.22,2.4430500000000004,0.0,0.0
1780416288.796113,microsoft_Phi-4-mini-instruct-Q4_K_M.gguf,3503.23,2.49762,0.0,0.0
1780416289.302902,microsoft_Phi-4-mini-instruct-Q4_K_M.gguf,3503.25,3.18513,0.0,0.0
1780416289.810048,microsoft_Phi-4-mini-instruct-Q4_K_M.gguf,3503.25,3.13508,0.0,0.0
1780416290.317018,microsoft_Phi-4-mini-instruct-Q4_K_M.gguf,3503.25,3.29259,0.0,0.0
1780416290.8245492,microsoft_Phi-4-mini-instruct-Q4_K_M.gguf,3503.28,2.93172,0.0,0.0
1780416291.331381,microsoft_Phi-4-mini-instruct-Q4_K_M.gguf,3503.27,3.32854,0.0,0.0
1780416291.8385012,microsoft_Phi-4-mini-instruct-Q4_K_M.gguf,3503.27,3.5051,0.0,0.0
1780416292.345504,microsoft_Phi-4-mini-instruct-Q4_K_M.gguf,3503.27,3.1597199999999996,0.0,0.0
1780416292.852169,microsoft_Phi-4-mini-instruct-Q4_K_M.gguf,3503.27,3.17358,0.0,0.0
1780416293.3592331,microsoft_Phi-4-mini-instruct-Q4_K_M.gguf,3503.27,3.17468,0.0,0.0
1780416293.865778,microsoft_Phi-4-mini-instruct-Q4_K_M.gguf,3503.27,3.1157199999999996,0.0,0.0
1780416294.372559,microsoft_Phi-4-mini-instruct-Q4_K_M.gguf,3503.27,3.0550100000000002,0.0,0.0
1780416294.879658,microsoft_Phi-4-mini-instruct-Q4_K_M.gguf,3503.27,3.15856,0.0,0.0
1780416295.398331,microsoft_Phi-4-mini-instruct-Q4_K_M.gguf,109.41,3.1135,0.0,0.0
1780416297.544704,microsoft_Phi-4-mini-instruct-Q4_K_M.gguf,3515.66,3.50544,0.0,0.0
1780416298.052779,microsoft_Phi-4-mini-instruct-Q4_K_M.gguf,3515.67,2.28641,0.0,0.0
1780416298.5599308,microsoft_Phi-4-mini-instruct-Q4_K_M.gguf,3515.69,2.53512,0.0,0.0
1780416299.067213,microsoft_Phi-4-mini-instruct-Q4_K_M.gguf,3515.69,2.68821,0.0,0.0
1780416299.574516,microsoft_Phi-4-mini-instruct-Q4_K_M.gguf,3515.69,2.8376,0.0,0.0
1780416300.081471,microsoft_Phi-4-mini-instruct-Q4_K_M.gguf,3515.69,3.02626,0.0,0.0
1780416300.588032,microsoft_Phi-4-mini-instruct-Q4_K_M.gguf,3515.69,3.48376,0.0,0.0
1780416301.0946329,microsoft_Phi-4-mini-instruct-Q4_K_M.gguf,3515.7,2.9760500000000003,0.0,0.0
1780416301.602089,microsoft_Phi-4-mini-instruct-Q4_K_M.gguf,3515.66,3.23543,0.0,0.0
1780416302.108829,microsoft_Phi-4-mini-instruct-Q4_K_M.gguf,3515.66,3.21562,0.0,0.0
1780416302.614079,microsoft_Phi-4-mini-instruct-Q4_K_M.gguf,3515.66,3.22816,0.0,0.0
1780416303.12095,microsoft_Phi-4-mini-instruct-Q4_K_M.gguf,3515.66,3.0709299999999997,0.0,0.0
1780416303.628174,microsoft_Phi-4-mini-instruct-Q4_K_M.gguf,3515.66,2.90065,0.0,0.0
1780416304.135167,microsoft_Phi-4-mini-instruct-Q4_K_M.gguf,3515.66,3.1891700000000003,0.0,0.0
1780416304.642058,microsoft_Phi-4-mini-instruct-Q4_K_M.gguf,3515.66,3.3226999999999998,0.0,0.0
1780416305.149371,microsoft_Phi-4-mini-instruct-Q4_K_M.gguf,3515.66,3.27295,0.0,0.0
1780416305.6563919,microsoft_Phi-4-mini-instruct-Q4_K_M.gguf,3515.67,3.09383,0.0,0.0
1780416306.163488,microsoft_Phi-4-mini-instruct-Q4_K_M.gguf,3515.67,2.86211,0.0,0.0
1780416308.315552,microsoft_Phi-4-mini-instruct-Q4_K_M.gguf,3504.25,2.40887,0.0,0.0
1780416308.822314,microsoft_Phi-4-mini-instruct-Q4_K_M.gguf,3504.25,1.91774,0.0,0.0
1780416309.329516,microsoft_Phi-4-mini-instruct-Q4_K_M.gguf,3504.25,2.40919,0.0,0.0
1780416309.836281,microsoft_Phi-4-mini-instruct-Q4_K_M.gguf,3504.25,2.8216300000000003,0.0,0.0
1780416310.3427572,microsoft_Phi-4-mini-instruct-Q4_K_M.gguf,3504.25,2.9670900000000002,0.0,0.0
1780416310.849675,microsoft_Phi-4-mini-instruct-Q4_K_M.gguf,3504.25,3.33389,0.0,0.0
1780416311.35619,microsoft_Phi-4-mini-instruct-Q4_K_M.gguf,3504.25,3.27375,0.0,0.0
1780416311.86314,microsoft_Phi-4-mini-instruct-Q4_K_M.gguf,3504.25,3.2036100000000003,0.0,0.0
1780416312.3699808,microsoft_Phi-4-mini-instruct-Q4_K_M.gguf,3504.23,3.04434,0.0,0.0
1780416312.8773708,microsoft_Phi-4-mini-instruct-Q4_K_M.gguf,3504.23,3.5818000000000003,0.0,0.0
1780416313.384615,microsoft_Phi-4-mini-instruct-Q4_K_M.gguf,3504.23,3.11638,0.0,0.0
1780416313.891438,microsoft_Phi-4-mini-instruct-Q4_K_M.gguf,3504.23,3.00978,0.0,0.0
1780416314.398315,microsoft_Phi-4-mini-instruct-Q4_K_M.gguf,3504.23,3.10107,0.0,0.0
1780416314.905378,microsoft_Phi-4-mini-instruct-Q4_K_M.gguf,3504.25,3.05522,0.0,0.0
1780416340.020865,Qwen2.5-7B-Instruct-Q4_K_M.gguf,4585.94,5.10764,0.0,0.0
1780416340.5283682,Qwen2.5-7B-Instruct-Q4_K_M.gguf,4585.94,2.84804,0.0,0.0
1780416341.034919,Qwen2.5-7B-Instruct-Q4_K_M.gguf,4585.97,2.87326,0.0,0.0
1780416341.542368,Qwen2.5-7B-Instruct-Q4_K_M.gguf,4585.98,2.85154,0.0,0.0
1780416342.049421,Qwen2.5-7B-Instruct-Q4_K_M.gguf,4585.98,3.1891,0.0,0.0
1780416342.556782,Qwen2.5-7B-Instruct-Q4_K_M.gguf,4586.0,2.87025,0.0,0.0
1780416343.063583,Qwen2.5-7B-Instruct-Q4_K_M.gguf,4586.02,2.98051,0.0,0.0
1780416343.570556,Qwen2.5-7B-Instruct-Q4_K_M.gguf,4586.02,3.30449,0.0,0.0
1780416344.077076,Qwen2.5-7B-Instruct-Q4_K_M.gguf,4586.0,3.3611999999999997,0.0,0.0
1780416344.584159,Qwen2.5-7B-Instruct-Q4_K_M.gguf,4586.0,3.3016900000000002,0.0,0.0
1780416345.090975,Qwen2.5-7B-Instruct-Q4_K_M.gguf,4586.0,2.9685300000000003,0.0,0.0
1780416345.597811,Qwen2.5-7B-Instruct-Q4_K_M.gguf,4586.0,3.28296,0.0,0.0
1780416346.1049979,Qwen2.5-7B-Instruct-Q4_K_M.gguf,4586.0,3.14887,0.0,0.0
1780416346.6117702,Qwen2.5-7B-Instruct-Q4_K_M.gguf,4586.0,3.37158,0.0,0.0
1780416347.118308,Qwen2.5-7B-Instruct-Q4_K_M.gguf,4586.0,3.33843,0.0,0.0
1780416347.625794,Qwen2.5-7B-Instruct-Q4_K_M.gguf,4586.0,2.83513,0.0,0.0
1780416348.132673,Qwen2.5-7B-Instruct-Q4_K_M.gguf,4586.0,3.03675,0.0,0.0
1780416348.6397288,Qwen2.5-7B-Instruct-Q4_K_M.gguf,4586.0,3.0893200000000003,0.0,0.0
1780416349.146836,Qwen2.5-7B-Instruct-Q4_K_M.gguf,4586.0,3.08142,0.0,0.0
1780416349.654036,Qwen2.5-7B-Instruct-Q4_K_M.gguf,4586.0,3.2516,0.0,0.0
1780416350.1608179,Qwen2.5-7B-Instruct-Q4_K_M.gguf,4586.0,2.9471999999999996,0.0,0.0
1780416350.667934,Qwen2.5-7B-Instruct-Q4_K_M.gguf,4586.0,3.54971,0.0,0.0
1780416351.175093,Qwen2.5-7B-Instruct-Q4_K_M.gguf,4586.0,3.18618,0.0,0.0
1780416351.680655,Qwen2.5-7B-Instruct-Q4_K_M.gguf,4586.0,3.09015,0.0,0.0
1780416352.187403,Qwen2.5-7B-Instruct-Q4_K_M.gguf,4586.0,3.01315,0.0,0.0
1780416352.694494,Qwen2.5-7B-Instruct-Q4_K_M.gguf,4586.0,2.98439,0.0,0.0
1780416353.2012212,Qwen2.5-7B-Instruct-Q4_K_M.gguf,4586.0,3.00609,0.0,0.0
1780416353.7084212,Qwen2.5-7B-Instruct-Q4_K_M.gguf,4586.0,2.83602,0.0,0.0
1780416354.2158709,Qwen2.5-7B-Instruct-Q4_K_M.gguf,4586.0,3.3021599999999998,0.0,0.0
1780416354.722815,Qwen2.5-7B-Instruct-Q4_K_M.gguf,4586.0,3.15457,0.0,0.0
1780416355.229811,Qwen2.5-7B-Instruct-Q4_K_M.gguf,4586.0,3.05655,0.0,0.0
1780416355.7362869,Qwen2.5-7B-Instruct-Q4_K_M.gguf,4586.0,3.3513,0.0,0.0
1780416356.243509,Qwen2.5-7B-Instruct-Q4_K_M.gguf,4586.0,3.40658,0.0,0.0
1780416356.750274,Qwen2.5-7B-Instruct-Q4_K_M.gguf,4586.0,3.15093,0.0,0.0
1780416357.257451,Qwen2.5-7B-Instruct-Q4_K_M.gguf,4586.0,2.80762,0.0,0.0
1780416357.76481,Qwen2.5-7B-Instruct-Q4_K_M.gguf,4586.0,2.9973899999999998,0.0,0.0
1780416358.272017,Qwen2.5-7B-Instruct-Q4_K_M.gguf,4586.0,3.0354200000000002,0.0,0.0
1780416360.637973,Qwen2.5-7B-Instruct-Q4_K_M.gguf,4585.77,3.2803,0.0,0.0
1780416361.144189,Qwen2.5-7B-Instruct-Q4_K_M.gguf,4585.77,2.66904,0.0,0.0
1780416361.651229,Qwen2.5-7B-Instruct-Q4_K_M.gguf,4585.78,3.1377800000000002,0.0,0.0
1780416362.15785,Qwen2.5-7B-Instruct-Q4_K_M.gguf,4585.8,3.1252600000000004,0.0,0.0
1780416362.664992,Qwen2.5-7B-Instruct-Q4_K_M.gguf,4585.83,3.33561,0.0,0.0
1780416363.171895,Qwen2.5-7B-Instruct-Q4_K_M.gguf,4585.83,3.39085,0.0,0.0
1780416363.679159,Qwen2.5-7B-Instruct-Q4_K_M.gguf,4585.83,3.05105,0.0,0.0
1780416364.186045,Qwen2.5-7B-Instruct-Q4_K_M.gguf,4585.81,2.97018,0.0,0.0
1780416364.693259,Qwen2.5-7B-Instruct-Q4_K_M.gguf,4585.81,3.09997,0.0,0.0
1780416365.199967,Qwen2.5-7B-Instruct-Q4_K_M.gguf,4585.81,2.95721,0.0,0.0
1780416365.707412,Qwen2.5-7B-Instruct-Q4_K_M.gguf,4585.81,2.9874899999999998,0.0,0.0
1780416366.2148101,Qwen2.5-7B-Instruct-Q4_K_M.gguf,4585.81,2.9252399999999996,0.0,0.0
1780416366.72134,Qwen2.5-7B-Instruct-Q4_K_M.gguf,4585.81,3.13804,0.0,0.0
1780416367.22881,Qwen2.5-7B-Instruct-Q4_K_M.gguf,4585.81,3.10163,0.0,0.0
1780416367.736065,Qwen2.5-7B-Instruct-Q4_K_M.gguf,4585.81,3.69244,0.0,0.0
1780416368.24269,Qwen2.5-7B-Instruct-Q4_K_M.gguf,4585.81,2.55314,0.0,0.0
1780416368.7501261,Qwen2.5-7B-Instruct-Q4_K_M.gguf,4585.81,2.6738600000000003,0.0,0.0
1780416369.2572532,Qwen2.5-7B-Instruct-Q4_K_M.gguf,4585.81,3.22542,0.0,0.0
1780416369.7641861,Qwen2.5-7B-Instruct-Q4_K_M.gguf,4585.81,3.0041100000000003,0.0,0.0
1780416370.27087,Qwen2.5-7B-Instruct-Q4_K_M.gguf,4585.81,3.32107,0.0,0.0
1780416370.777977,Qwen2.5-7B-Instruct-Q4_K_M.gguf,4585.81,2.65719,0.0,0.0
1780416371.284543,Qwen2.5-7B-Instruct-Q4_K_M.gguf,4585.81,3.4585700000000004,0.0,0.0
1780416371.791512,Qwen2.5-7B-Instruct-Q4_K_M.gguf,4585.83,2.96334,0.0,0.0
1780416372.29843,Qwen2.5-7B-Instruct-Q4_K_M.gguf,4585.83,3.04457,0.0,0.0
1780416372.80556,Qwen2.5-7B-Instruct-Q4_K_M.gguf,4585.83,3.27565,0.0,0.0
1780416373.3134668,Qwen2.5-7B-Instruct-Q4_K_M.gguf,4585.83,3.06326,0.0,0.0
1780416373.8199968,Qwen2.5-7B-Instruct-Q4_K_M.gguf,4585.83,2.98587,0.0,0.0
1780416374.327297,Qwen2.5-7B-Instruct-Q4_K_M.gguf,4585.83,3.052,0.0,0.0
1780416374.834207,Qwen2.5-7B-Instruct-Q4_K_M.gguf,4585.83,2.92239,0.0,0.0
1780416375.341389,Qwen2.5-7B-Instruct-Q4_K_M.gguf,4585.83,3.03212,0.0,0.0
1780416375.84874,Qwen2.5-7B-Instruct-Q4_K_M.gguf,4585.83,2.93829,0.0,0.0
1780416376.3552399,Qwen2.5-7B-Instruct-Q4_K_M.gguf,4585.83,3.01475,0.0,0.0
1780416376.8625019,Qwen2.5-7B-Instruct-Q4_K_M.gguf,4585.83,3.09664,0.0,0.0
1780416377.369076,Qwen2.5-7B-Instruct-Q4_K_M.gguf,4585.83,3.549,0.0,0.0
1780416377.87612,Qwen2.5-7B-Instruct-Q4_K_M.gguf,4585.83,3.3442399999999997,0.0,0.0
1780416378.3830621,Qwen2.5-7B-Instruct-Q4_K_M.gguf,4585.83,3.2332199999999998,0.0,0.0
1780416378.888298,Qwen2.5-7B-Instruct-Q4_K_M.gguf,4585.83,2.95982,0.0,0.0
1780416379.4054499,Qwen2.5-7B-Instruct-Q4_K_M.gguf,95.41,2.88798,0.0,0.0
1780416381.476605,Qwen2.5-7B-Instruct-Q4_K_M.gguf,4585.33,3.1633400000000003,0.0,0.0
1780416381.983237,Qwen2.5-7B-Instruct-Q4_K_M.gguf,4585.34,2.52657,0.0,0.0
1780416382.4899871,Qwen2.5-7B-Instruct-Q4_K_M.gguf,4585.41,2.88787,0.0,0.0
1780416382.9974499,Qwen2.5-7B-Instruct-Q4_K_M.gguf,4585.41,3.0741199999999997,0.0,0.0
1780416383.503985,Qwen2.5-7B-Instruct-Q4_K_M.gguf,4585.42,3.26323,0.0,0.0
1780416384.0109189,Qwen2.5-7B-Instruct-Q4_K_M.gguf,4585.44,3.19447,0.0,0.0
1780416384.517865,Qwen2.5-7B-Instruct-Q4_K_M.gguf,4585.44,3.1072100000000002,0.0,0.0
1780416385.02477,Qwen2.5-7B-Instruct-Q4_K_M.gguf,4585.44,3.04359,0.0,0.0
1780416385.531331,Qwen2.5-7B-Instruct-Q4_K_M.gguf,4585.42,3.11946,0.0,0.0
1780416386.038597,Qwen2.5-7B-Instruct-Q4_K_M.gguf,4585.42,3.3308899999999997,0.0,0.0
1780416386.5451689,Qwen2.5-7B-Instruct-Q4_K_M.gguf,4585.42,3.12644,0.0,0.0
1780416387.051869,Qwen2.5-7B-Instruct-Q4_K_M.gguf,4585.42,3.0094600000000002,0.0,0.0
1780416387.559036,Qwen2.5-7B-Instruct-Q4_K_M.gguf,4585.44,3.09331,0.0,0.0
1780416388.0656588,Qwen2.5-7B-Instruct-Q4_K_M.gguf,4585.44,3.11938,0.0,0.0
1780416388.572821,Qwen2.5-7B-Instruct-Q4_K_M.gguf,4585.44,3.04975,0.0,0.0
1780416389.080537,Qwen2.5-7B-Instruct-Q4_K_M.gguf,4585.44,2.9593000000000003,0.0,0.0
1780416389.587273,Qwen2.5-7B-Instruct-Q4_K_M.gguf,4585.44,3.1278699999999997,0.0,0.0
1780416390.0947368,Qwen2.5-7B-Instruct-Q4_K_M.gguf,4585.44,3.52903,0.0,0.0
1780416390.602186,Qwen2.5-7B-Instruct-Q4_K_M.gguf,4585.44,3.0634,0.0,0.0
1780416391.107826,Qwen2.5-7B-Instruct-Q4_K_M.gguf,4585.44,2.81364,0.0,0.0
1780416391.614163,Qwen2.5-7B-Instruct-Q4_K_M.gguf,4585.44,2.87274,0.0,0.0
1780416392.121312,Qwen2.5-7B-Instruct-Q4_K_M.gguf,4585.44,3.00041,0.0,0.0
1780416392.628216,Qwen2.5-7B-Instruct-Q4_K_M.gguf,4585.44,3.17309,0.0,0.0
1780416393.13505,Qwen2.5-7B-Instruct-Q4_K_M.gguf,4585.44,3.19232,0.0,0.0
1780416393.642244,Qwen2.5-7B-Instruct-Q4_K_M.gguf,4585.44,3.0147,0.0,0.0
1780416394.14922,Qwen2.5-7B-Instruct-Q4_K_M.gguf,4585.44,3.08863,0.0,0.0
1780416394.6561868,Qwen2.5-7B-Instruct-Q4_K_M.gguf,4585.44,3.0871500000000003,0.0,0.0
1780416395.163538,Qwen2.5-7B-Instruct-Q4_K_M.gguf,4585.44,3.03699,0.0,0.0
1780416395.67009,Qwen2.5-7B-Instruct-Q4_K_M.gguf,4585.44,2.9739899999999997,0.0,0.0
1780416396.1772301,Qwen2.5-7B-Instruct-Q4_K_M.gguf,4585.44,3.04175,0.0,0.0
1780416396.6849458,Qwen2.5-7B-Instruct-Q4_K_M.gguf,4585.44,3.31345,0.0,0.0
1780416397.1916459,Qwen2.5-7B-Instruct-Q4_K_M.gguf,4585.44,3.11225,0.0,0.0
1780416397.6985128,Qwen2.5-7B-Instruct-Q4_K_M.gguf,4585.44,2.97897,0.0,0.0
1780416398.2058198,Qwen2.5-7B-Instruct-Q4_K_M.gguf,4585.44,3.13703,0.0,0.0
1780416398.713238,Qwen2.5-7B-Instruct-Q4_K_M.gguf,4585.44,2.84618,0.0,0.0
1780416399.220263,Qwen2.5-7B-Instruct-Q4_K_M.gguf,4585.44,3.08007,0.0,0.0
1780416399.7278159,Qwen2.5-7B-Instruct-Q4_K_M.gguf,4585.44,3.052,0.0,0.0
1780416400.234723,Qwen2.5-7B-Instruct-Q4_K_M.gguf,4585.45,3.0476300000000003,0.0,0.0
1780416402.500098,Qwen2.5-7B-Instruct-Q4_K_M.gguf,4599.17,2.85886,0.0,0.0
1780416403.0067148,Qwen2.5-7B-Instruct-Q4_K_M.gguf,4599.19,2.69418,0.0,0.0
1780416403.513338,Qwen2.5-7B-Instruct-Q4_K_M.gguf,4599.22,2.89083,0.0,0.0
1780416404.019858,Qwen2.5-7B-Instruct-Q4_K_M.gguf,4599.27,3.3186999999999998,0.0,0.0
1780416404.526767,Qwen2.5-7B-Instruct-Q4_K_M.gguf,4599.34,3.1648,0.0,0.0
1780416405.033761,Qwen2.5-7B-Instruct-Q4_K_M.gguf,4599.39,3.39005,0.0,0.0
1780416405.540831,Qwen2.5-7B-Instruct-Q4_K_M.gguf,4599.41,2.9929699999999997,0.0,0.0
1780416406.048434,Qwen2.5-7B-Instruct-Q4_K_M.gguf,4599.41,3.03761,0.0,0.0
1780416406.55533,Qwen2.5-7B-Instruct-Q4_K_M.gguf,4599.39,3.28912,0.0,0.0
1780416407.060383,Qwen2.5-7B-Instruct-Q4_K_M.gguf,4599.39,3.36827,0.0,0.0
1780416407.567474,Qwen2.5-7B-Instruct-Q4_K_M.gguf,4599.39,3.32117,0.0,0.0
1780416408.0748239,Qwen2.5-7B-Instruct-Q4_K_M.gguf,4599.39,3.28288,0.0,0.0
1780416408.581685,Qwen2.5-7B-Instruct-Q4_K_M.gguf,4599.39,2.72952,0.0,0.0
1780416409.0889869,Qwen2.5-7B-Instruct-Q4_K_M.gguf,4599.39,2.8291399999999998,0.0,0.0
1780416409.5968409,Qwen2.5-7B-Instruct-Q4_K_M.gguf,4599.39,2.99703,0.0,0.0
1780416410.102038,Qwen2.5-7B-Instruct-Q4_K_M.gguf,4599.39,3.10611,0.0,0.0
1780416410.609056,Qwen2.5-7B-Instruct-Q4_K_M.gguf,4599.39,3.16646,0.0,0.0
1780416411.116268,Qwen2.5-7B-Instruct-Q4_K_M.gguf,4599.39,2.9135,0.0,0.0
1780416411.623013,Qwen2.5-7B-Instruct-Q4_K_M.gguf,4599.39,2.9100300000000003,0.0,0.0
1780416412.130466,Qwen2.5-7B-Instruct-Q4_K_M.gguf,4599.39,3.0540599999999998,0.0,0.0
1780416412.6376588,Qwen2.5-7B-Instruct-Q4_K_M.gguf,4599.39,2.9577,0.0,0.0
1780416413.145029,Qwen2.5-7B-Instruct-Q4_K_M.gguf,4599.39,3.02468,0.0,0.0
1780416413.652151,Qwen2.5-7B-Instruct-Q4_K_M.gguf,4599.39,3.15581,0.0,0.0
1780416414.1595159,Qwen2.5-7B-Instruct-Q4_K_M.gguf,4599.39,2.9990799999999997,0.0,0.0
1780416414.6662889,Qwen2.5-7B-Instruct-Q4_K_M.gguf,4599.39,2.97188,0.0,0.0
1780416415.173386,Qwen2.5-7B-Instruct-Q4_K_M.gguf,4599.39,2.98319,0.0,0.0
1780416415.6807868,Qwen2.5-7B-Instruct-Q4_K_M.gguf,4599.39,3.0497199999999998,0.0,0.0
1780416416.187606,Qwen2.5-7B-Instruct-Q4_K_M.gguf,4599.39,3.26497,0.0,0.0
1780416416.6952698,Qwen2.5-7B-Instruct-Q4_K_M.gguf,4599.39,2.64806,0.0,0.0
1780416417.20228,Qwen2.5-7B-Instruct-Q4_K_M.gguf,4599.5,3.09613,0.0,0.0
1780416417.709339,Qwen2.5-7B-Instruct-Q4_K_M.gguf,4599.5,5.012689999999999,0.0,0.0
1780416418.2167199,Qwen2.5-7B-Instruct-Q4_K_M.gguf,4599.5,2.6169000000000002,0.0,0.0
1780416418.723864,Qwen2.5-7B-Instruct-Q4_K_M.gguf,4599.5,2.85069,0.0,0.0
1780416419.230866,Qwen2.5-7B-Instruct-Q4_K_M.gguf,4599.52,2.6247,0.0,0.0
1780416419.737807,Qwen2.5-7B-Instruct-Q4_K_M.gguf,4599.52,3.00729,0.0,0.0
1780416420.245322,Qwen2.5-7B-Instruct-Q4_K_M.gguf,4599.52,3.0256,0.0,0.0
1780416420.7521331,Qwen2.5-7B-Instruct-Q4_K_M.gguf,4599.52,3.06259,0.0,0.0
1780416421.2594821,Qwen2.5-7B-Instruct-Q4_K_M.gguf,4599.52,3.22757,0.0,0.0
1780416421.766572,Qwen2.5-7B-Instruct-Q4_K_M.gguf,4599.52,3.20011,0.0,0.0
1780416424.1736488,Qwen2.5-7B-Instruct-Q4_K_M.gguf,4590.05,3.4318400000000002,0.0,0.0
1780416424.679895,Qwen2.5-7B-Instruct-Q4_K_M.gguf,4590.06,2.85888,0.0,0.0
1780416425.18703,Qwen2.5-7B-Instruct-Q4_K_M.gguf,4590.06,3.23045,0.0,0.0
1780416425.694465,Qwen2.5-7B-Instruct-Q4_K_M.gguf,4590.08,3.0260100000000003,0.0,0.0
1780416426.20134,Qwen2.5-7B-Instruct-Q4_K_M.gguf,4590.09,3.11246,0.0,0.0
1780416426.709343,Qwen2.5-7B-Instruct-Q4_K_M.gguf,4590.09,3.053,0.0,0.0
1780416427.21532,Qwen2.5-7B-Instruct-Q4_K_M.gguf,4590.11,3.28696,0.0,0.0
1780416427.722147,Qwen2.5-7B-Instruct-Q4_K_M.gguf,4590.09,3.14858,0.0,0.0
1780416428.229221,Qwen2.5-7B-Instruct-Q4_K_M.gguf,4590.09,2.8445300000000002,0.0,0.0
1780416428.736243,Qwen2.5-7B-Instruct-Q4_K_M.gguf,4590.09,3.3960700000000004,0.0,0.0
1780416429.243474,Qwen2.5-7B-Instruct-Q4_K_M.gguf,4590.09,2.82019,0.0,0.0
1780416429.750568,Qwen2.5-7B-Instruct-Q4_K_M.gguf,4590.09,3.2794899999999996,0.0,0.0
1780416430.257178,Qwen2.5-7B-Instruct-Q4_K_M.gguf,4590.12,2.7795799999999997,0.0,0.0
1780416430.764328,Qwen2.5-7B-Instruct-Q4_K_M.gguf,4590.12,3.1344499999999997,0.0,0.0
1780416431.271074,Qwen2.5-7B-Instruct-Q4_K_M.gguf,4590.12,3.0116199999999997,0.0,0.0
1780416431.778135,Qwen2.5-7B-Instruct-Q4_K_M.gguf,4590.12,2.9988200000000003,0.0,0.0
1780416432.285075,Qwen2.5-7B-Instruct-Q4_K_M.gguf,4590.14,3.48353,0.0,0.0
1780416432.792365,Qwen2.5-7B-Instruct-Q4_K_M.gguf,4590.14,2.73726,0.0,0.0
1780416433.29943,Qwen2.5-7B-Instruct-Q4_K_M.gguf,4590.14,3.06256,0.0,0.0
1780416433.806402,Qwen2.5-7B-Instruct-Q4_K_M.gguf,4590.14,3.13965,0.0,0.0
1780416434.313869,Qwen2.5-7B-Instruct-Q4_K_M.gguf,4590.14,2.94888,0.0,0.0
1780416434.8206651,Qwen2.5-7B-Instruct-Q4_K_M.gguf,4590.14,2.85888,0.0,0.0
1780416435.328279,Qwen2.5-7B-Instruct-Q4_K_M.gguf,4590.14,3.01769,0.0,0.0
1780416435.835156,Qwen2.5-7B-Instruct-Q4_K_M.gguf,4590.14,3.0868,0.0,0.0
1780416436.342054,Qwen2.5-7B-Instruct-Q4_K_M.gguf,4590.14,3.12358,0.0,0.0
1780416436.8486211,Qwen2.5-7B-Instruct-Q4_K_M.gguf,4590.14,3.00226,0.0,0.0
1780416437.355763,Qwen2.5-7B-Instruct-Q4_K_M.gguf,4590.14,3.07802,0.0,0.0
1780416437.862686,Qwen2.5-7B-Instruct-Q4_K_M.gguf,4590.14,3.01662,0.0,0.0
1780416438.369359,Qwen2.5-7B-Instruct-Q4_K_M.gguf,4590.14,3.29652,0.0,0.0
1780416438.877101,Qwen2.5-7B-Instruct-Q4_K_M.gguf,4590.14,3.36409,0.0,0.0
1780416439.383819,Qwen2.5-7B-Instruct-Q4_K_M.gguf,4590.14,2.7303699999999997,0.0,0.0
1780416439.8907788,Qwen2.5-7B-Instruct-Q4_K_M.gguf,4590.14,2.9223000000000003,0.0,0.0
1780416440.397789,Qwen2.5-7B-Instruct-Q4_K_M.gguf,4590.14,2.77354,0.0,0.0
1780416440.904608,Qwen2.5-7B-Instruct-Q4_K_M.gguf,4590.14,3.0851100000000002,0.0,0.0
1780416441.411777,Qwen2.5-7B-Instruct-Q4_K_M.gguf,4590.14,3.16176,0.0,0.0
1780416441.9186702,Qwen2.5-7B-Instruct-Q4_K_M.gguf,4590.14,3.06939,0.0,0.0
1780416442.425615,Qwen2.5-7B-Instruct-Q4_K_M.gguf,4590.14,2.97819,0.0,0.0
1780416442.933707,Qwen2.5-7B-Instruct-Q4_K_M.gguf,99.72,3.01816,0.0,0.0
1780416444.88554,Qwen2.5-7B-Instruct-Q4_K_M.gguf,4615.48,3.02317,0.0,0.0
1780416445.392813,Qwen2.5-7B-Instruct-Q4_K_M.gguf,4615.48,2.26209,0.0,0.0
1780416445.899401,Qwen2.5-7B-Instruct-Q4_K_M.gguf,4615.5,2.58486,0.0,0.0
1780416446.407229,Qwen2.5-7B-Instruct-Q4_K_M.gguf,4615.5,3.5451799999999998,0.0,0.0
1780416446.913915,Qwen2.5-7B-Instruct-Q4_K_M.gguf,4615.5,3.0172800000000004,0.0,0.0
1780416447.420894,Qwen2.5-7B-Instruct-Q4_K_M.gguf,4615.5,3.28143,0.0,0.0
1780416447.928442,Qwen2.5-7B-Instruct-Q4_K_M.gguf,4615.5,2.98466,0.0,0.0
1780416448.4354188,Qwen2.5-7B-Instruct-Q4_K_M.gguf,4615.5,3.15563,0.0,0.0
1780416448.942527,Qwen2.5-7B-Instruct-Q4_K_M.gguf,4615.45,3.02415,0.0,0.0
1780416449.449549,Qwen2.5-7B-Instruct-Q4_K_M.gguf,4615.45,3.25541,0.0,0.0
1780416449.9564722,Qwen2.5-7B-Instruct-Q4_K_M.gguf,4615.45,3.06265,0.0,0.0
1780416450.463344,Qwen2.5-7B-Instruct-Q4_K_M.gguf,4615.45,2.92879,0.0,0.0
1780416450.970003,Qwen2.5-7B-Instruct-Q4_K_M.gguf,4615.47,3.0061199999999997,0.0,0.0
1780416451.477469,Qwen2.5-7B-Instruct-Q4_K_M.gguf,4615.47,2.9375999999999998,0.0,0.0
1780416451.9843898,Qwen2.5-7B-Instruct-Q4_K_M.gguf,4615.47,2.9797800000000003,0.0,0.0
1780416452.491455,Qwen2.5-7B-Instruct-Q4_K_M.gguf,4615.47,3.50783,0.0,0.0
1780416452.998137,Qwen2.5-7B-Instruct-Q4_K_M.gguf,4615.47,2.9455500000000003,0.0,0.0
1780416453.5051782,Qwen2.5-7B-Instruct-Q4_K_M.gguf,4615.47,3.11956,0.0,0.0
1780416454.0127292,Qwen2.5-7B-Instruct-Q4_K_M.gguf,4615.47,2.94557,0.0,0.0
1780416454.519509,Qwen2.5-7B-Instruct-Q4_K_M.gguf,4615.47,3.03394,0.0,0.0
1780416455.0272598,Qwen2.5-7B-Instruct-Q4_K_M.gguf,4615.47,2.9343600000000003,0.0,0.0
1780416455.533599,Qwen2.5-7B-Instruct-Q4_K_M.gguf,4615.47,2.97439,0.0,0.0
1780416456.040519,Qwen2.5-7B-Instruct-Q4_K_M.gguf,4615.47,3.11202,0.0,0.0
1780416456.547528,Qwen2.5-7B-Instruct-Q4_K_M.gguf,4615.47,3.12845,0.0,0.0
1780416457.0547042,Qwen2.5-7B-Instruct-Q4_K_M.gguf,4615.47,3.07619,0.0,0.0
1780416457.5633228,Qwen2.5-7B-Instruct-Q4_K_M.gguf,4615.47,3.15002,0.0,0.0
1780416458.068583,Qwen2.5-7B-Instruct-Q4_K_M.gguf,4615.47,2.8831599999999997,0.0,0.0
1780416458.5760782,Qwen2.5-7B-Instruct-Q4_K_M.gguf,4615.47,3.00346,0.0,0.0
1780416459.083012,Qwen2.5-7B-Instruct-Q4_K_M.gguf,4615.47,3.1138000000000003,0.0,0.0
1780416459.590073,Qwen2.5-7B-Instruct-Q4_K_M.gguf,4615.47,3.03049,0.0,0.0
1780416460.097149,Qwen2.5-7B-Instruct-Q4_K_M.gguf,4615.47,2.9461500000000003,0.0,0.0
1780416460.6039848,Qwen2.5-7B-Instruct-Q4_K_M.gguf,4615.47,3.16043,0.0,0.0
1780416461.1109362,Qwen2.5-7B-Instruct-Q4_K_M.gguf,4615.47,3.1458600000000003,0.0,0.0
1780416461.617852,Qwen2.5-7B-Instruct-Q4_K_M.gguf,4615.47,3.12632,0.0,0.0
1780416462.12522,Qwen2.5-7B-Instruct-Q4_K_M.gguf,4615.47,2.94559,0.0,0.0
1780416462.63185,Qwen2.5-7B-Instruct-Q4_K_M.gguf,4615.47,2.92667,0.0,0.0
1780416463.1385138,Qwen2.5-7B-Instruct-Q4_K_M.gguf,4615.47,3.06578,0.0,0.0
1780416463.6454642,Qwen2.5-7B-Instruct-Q4_K_M.gguf,4615.47,2.82188,0.0,0.0
1780416464.1508448,Qwen2.5-7B-Instruct-Q4_K_M.gguf,4615.47,3.09679,0.0,0.0
1780416466.326404,Qwen2.5-7B-Instruct-Q4_K_M.gguf,4586.88,2.8924000000000003,0.0,0.0
1780416466.832685,Qwen2.5-7B-Instruct-Q4_K_M.gguf,4586.88,2.3347800000000003,0.0,0.0
1780416467.339946,Qwen2.5-7B-Instruct-Q4_K_M.gguf,4586.88,3.1386,0.0,0.0
1780416467.846962,Qwen2.5-7B-Instruct-Q4_K_M.gguf,4586.88,3.3105,0.0,0.0
1780416468.353842,Qwen2.5-7B-Instruct-Q4_K_M.gguf,4586.88,3.1298600000000003,0.0,0.0
1780416468.86147,Qwen2.5-7B-Instruct-Q4_K_M.gguf,4586.89,3.06066,0.0,0.0
1780416469.368386,Qwen2.5-7B-Instruct-Q4_K_M.gguf,4586.89,3.18038,0.0,0.0
1780416469.875488,Qwen2.5-7B-Instruct-Q4_K_M.gguf,4586.89,3.14854,0.0,0.0
1780416470.382384,Qwen2.5-7B-Instruct-Q4_K_M.gguf,4586.88,2.8537600000000003,0.0,0.0
1780416470.888753,Qwen2.5-7B-Instruct-Q4_K_M.gguf,4586.88,3.12006,0.0,0.0
1780416471.395513,Qwen2.5-7B-Instruct-Q4_K_M.gguf,4586.88,3.08251,0.0,0.0
1780416471.902385,Qwen2.5-7B-Instruct-Q4_K_M.gguf,4586.88,3.00915,0.0,0.0
1780416472.409533,Qwen2.5-7B-Instruct-Q4_K_M.gguf,4586.88,3.02404,0.0,0.0
1780416472.9163258,Qwen2.5-7B-Instruct-Q4_K_M.gguf,4586.88,3.09923,0.0,0.0
1780416473.423208,Qwen2.5-7B-Instruct-Q4_K_M.gguf,4586.88,3.03564,0.0,0.0
1780416473.9306948,Qwen2.5-7B-Instruct-Q4_K_M.gguf,4586.88,2.73564,0.0,0.0
1780416474.4374762,Qwen2.5-7B-Instruct-Q4_K_M.gguf,4586.88,3.14969,0.0,0.0
1780416474.944832,Qwen2.5-7B-Instruct-Q4_K_M.gguf,4586.88,2.8648200000000004,0.0,0.0
1780416475.451363,Qwen2.5-7B-Instruct-Q4_K_M.gguf,4586.88,3.1649000000000003,0.0,0.0
1780416475.958487,Qwen2.5-7B-Instruct-Q4_K_M.gguf,4586.88,2.87271,0.0,0.0
1780416476.4654331,Qwen2.5-7B-Instruct-Q4_K_M.gguf,4586.88,3.63191,0.0,0.0
1780416476.97246,Qwen2.5-7B-Instruct-Q4_K_M.gguf,4586.88,3.18985,0.0,0.0
1780416477.479319,Qwen2.5-7B-Instruct-Q4_K_M.gguf,4586.88,2.9694000000000003,0.0,0.0
1780416477.986408,Qwen2.5-7B-Instruct-Q4_K_M.gguf,4586.88,3.0698600000000003,0.0,0.0
1780416478.493503,Qwen2.5-7B-Instruct-Q4_K_M.gguf,4586.89,2.95688,0.0,0.0
1780416479.000289,Qwen2.5-7B-Instruct-Q4_K_M.gguf,4586.89,3.19691,0.0,0.0
1780416479.5070121,Qwen2.5-7B-Instruct-Q4_K_M.gguf,4586.89,2.98991,0.0,0.0
1780416480.0139341,Qwen2.5-7B-Instruct-Q4_K_M.gguf,4586.89,2.6354,0.0,0.0
1780416480.520638,Qwen2.5-7B-Instruct-Q4_K_M.gguf,4586.89,3.23878,0.0,0.0
1780416481.027679,Qwen2.5-7B-Instruct-Q4_K_M.gguf,4586.89,3.13646,0.0,0.0
1780416481.5351439,Qwen2.5-7B-Instruct-Q4_K_M.gguf,4586.89,3.02711,0.0,0.0
1780416482.04177,Qwen2.5-7B-Instruct-Q4_K_M.gguf,4586.89,3.0098000000000003,0.0,0.0
1780416482.548799,Qwen2.5-7B-Instruct-Q4_K_M.gguf,4586.89,3.12258,0.0,0.0
1780416483.056,Qwen2.5-7B-Instruct-Q4_K_M.gguf,4586.89,3.22054,0.0,0.0
1780416483.563482,Qwen2.5-7B-Instruct-Q4_K_M.gguf,4586.89,3.07646,0.0,0.0
1780416484.070267,Qwen2.5-7B-Instruct-Q4_K_M.gguf,4586.89,3.0435100000000004,0.0,0.0
1780416484.577714,Qwen2.5-7B-Instruct-Q4_K_M.gguf,4586.89,3.1815100000000003,0.0,0.0
1780416485.0846488,Qwen2.5-7B-Instruct-Q4_K_M.gguf,4586.89,2.93315,0.0,0.0
1780416487.301512,Qwen2.5-7B-Instruct-Q4_K_M.gguf,4594.52,3.0524899999999997,0.0,0.0
1780416487.80828,Qwen2.5-7B-Instruct-Q4_K_M.gguf,4594.52,2.5425999999999997,0.0,0.0
1780416488.313122,Qwen2.5-7B-Instruct-Q4_K_M.gguf,4594.52,3.15755,0.0,0.0
1780416488.820245,Qwen2.5-7B-Instruct-Q4_K_M.gguf,4594.53,3.07425,0.0,0.0
1780416489.327533,Qwen2.5-7B-Instruct-Q4_K_M.gguf,4594.53,3.1424000000000003,0.0,0.0
1780416489.834487,Qwen2.5-7B-Instruct-Q4_K_M.gguf,4594.53,3.32609,0.0,0.0
1780416490.341523,Qwen2.5-7B-Instruct-Q4_K_M.gguf,4594.53,2.87241,0.0,0.0
1780416490.8483489,Qwen2.5-7B-Instruct-Q4_K_M.gguf,4594.53,3.1593,0.0,0.0
1780416491.355177,Qwen2.5-7B-Instruct-Q4_K_M.gguf,4594.53,3.32761,0.0,0.0
1780416491.862732,Qwen2.5-7B-Instruct-Q4_K_M.gguf,4594.53,2.7359,0.0,0.0
1780416492.3692548,Qwen2.5-7B-Instruct-Q4_K_M.gguf,4594.53,2.84727,0.0,0.0
1780416492.87663,Qwen2.5-7B-Instruct-Q4_K_M.gguf,4594.53,2.9977,0.0,0.0
1780416493.383614,Qwen2.5-7B-Instruct-Q4_K_M.gguf,4594.53,3.1535900000000003,0.0,0.0
1780416493.8904588,Qwen2.5-7B-Instruct-Q4_K_M.gguf,4594.53,2.92661,0.0,0.0
1780416494.3975942,Qwen2.5-7B-Instruct-Q4_K_M.gguf,4594.52,3.09005,0.0,0.0
1780416494.9046369,Qwen2.5-7B-Instruct-Q4_K_M.gguf,4594.56,3.07757,0.0,0.0
1780416495.412004,Qwen2.5-7B-Instruct-Q4_K_M.gguf,4594.56,3.07784,0.0,0.0
1780416495.9190578,Qwen2.5-7B-Instruct-Q4_K_M.gguf,4594.56,3.02723,0.0,0.0
1780416496.426242,Qwen2.5-7B-Instruct-Q4_K_M.gguf,4594.56,3.19686,0.0,0.0
1780416496.9332302,Qwen2.5-7B-Instruct-Q4_K_M.gguf,4594.56,3.10073,0.0,0.0
1780416497.4403589,Qwen2.5-7B-Instruct-Q4_K_M.gguf,4594.56,3.03877,0.0,0.0
1780416497.947142,Qwen2.5-7B-Instruct-Q4_K_M.gguf,4594.56,3.0954699999999997,0.0,0.0
1780416498.4542441,Qwen2.5-7B-Instruct-Q4_K_M.gguf,4594.56,3.0438400000000003,0.0,0.0
1780416498.961323,Qwen2.5-7B-Instruct-Q4_K_M.gguf,4594.56,3.22327,0.0,0.0
1780416499.468129,Qwen2.5-7B-Instruct-Q4_K_M.gguf,4594.56,3.0213400000000004,0.0,0.0
1780416499.975533,Qwen2.5-7B-Instruct-Q4_K_M.gguf,4594.56,2.9008000000000003,0.0,0.0
1780416500.482343,Qwen2.5-7B-Instruct-Q4_K_M.gguf,4594.56,3.03287,0.0,0.0
1780416500.989012,Qwen2.5-7B-Instruct-Q4_K_M.gguf,4594.56,3.15789,0.0,0.0
1780416501.496057,Qwen2.5-7B-Instruct-Q4_K_M.gguf,4594.59,3.03774,0.0,0.0
1780416502.0030668,Qwen2.5-7B-Instruct-Q4_K_M.gguf,4594.59,3.09658,0.0,0.0
1780416502.5099,Qwen2.5-7B-Instruct-Q4_K_M.gguf,4594.59,3.0588,0.0,0.0
1780416503.0167198,Qwen2.5-7B-Instruct-Q4_K_M.gguf,4594.59,3.40992,0.0,0.0
1780416503.523826,Qwen2.5-7B-Instruct-Q4_K_M.gguf,4594.59,3.06385,0.0,0.0
1780416504.031329,Qwen2.5-7B-Instruct-Q4_K_M.gguf,4594.59,3.2247199999999996,0.0,0.0
1780416504.538346,Qwen2.5-7B-Instruct-Q4_K_M.gguf,4594.61,3.18619,0.0,0.0
1780416505.046675,Qwen2.5-7B-Instruct-Q4_K_M.gguf,4594.69,3.0110799999999998,0.0,0.0
1780416505.552608,Qwen2.5-7B-Instruct-Q4_K_M.gguf,4594.69,2.91644,0.0,0.0
1780416506.0598788,Qwen2.5-7B-Instruct-Q4_K_M.gguf,104.28,2.95586,0.0,0.0
1780416508.245802,Qwen2.5-7B-Instruct-Q4_K_M.gguf,4605.55,3.40292,0.0,0.0
1780416508.752367,Qwen2.5-7B-Instruct-Q4_K_M.gguf,4605.56,2.4104200000000002,0.0,0.0
1780416509.2598898,Qwen2.5-7B-Instruct-Q4_K_M.gguf,4605.58,2.92573,0.0,0.0
1780416509.767067,Qwen2.5-7B-Instruct-Q4_K_M.gguf,4605.59,3.21327,0.0,0.0
1780416510.2737548,Qwen2.5-7B-Instruct-Q4_K_M.gguf,4605.61,3.32355,0.0,0.0
1780416510.7807019,Qwen2.5-7B-Instruct-Q4_K_M.gguf,4605.62,2.98689,0.0,0.0
1780416511.287523,Qwen2.5-7B-Instruct-Q4_K_M.gguf,4605.62,3.3604600000000002,0.0,0.0
1780416511.795223,Qwen2.5-7B-Instruct-Q4_K_M.gguf,4605.62,2.90132,0.0,0.0
1780416512.301951,Qwen2.5-7B-Instruct-Q4_K_M.gguf,4605.61,3.05442,0.0,0.0
1780416512.8091362,Qwen2.5-7B-Instruct-Q4_K_M.gguf,4605.61,2.87278,0.0,0.0
1780416513.315943,Qwen2.5-7B-Instruct-Q4_K_M.gguf,4605.62,2.99017,0.0,0.0
1780416513.822876,Qwen2.5-7B-Instruct-Q4_K_M.gguf,4605.62,3.24089,0.0,0.0
1780416514.3304472,Qwen2.5-7B-Instruct-Q4_K_M.gguf,4605.62,3.17402,0.0,0.0
1780416514.835252,Qwen2.5-7B-Instruct-Q4_K_M.gguf,4605.62,2.9828,0.0,0.0
1780416515.3425012,Qwen2.5-7B-Instruct-Q4_K_M.gguf,4605.62,3.2874499999999998,0.0,0.0
1780416515.849289,Qwen2.5-7B-Instruct-Q4_K_M.gguf,4605.62,3.1367800000000003,0.0,0.0
1780416516.3562508,Qwen2.5-7B-Instruct-Q4_K_M.gguf,4605.62,3.1868600000000002,0.0,0.0
1780416516.86323,Qwen2.5-7B-Instruct-Q4_K_M.gguf,4605.62,2.75995,0.0,0.0
1780416517.3702111,Qwen2.5-7B-Instruct-Q4_K_M.gguf,4605.62,3.32664,0.0,0.0
1780416517.8776379,Qwen2.5-7B-Instruct-Q4_K_M.gguf,4605.62,3.03637,0.0,0.0
1780416518.3844302,Qwen2.5-7B-Instruct-Q4_K_M.gguf,4605.62,2.98477,0.0,0.0
1780416518.891558,Qwen2.5-7B-Instruct-Q4_K_M.gguf,4605.62,3.18033,0.0,0.0
1780416519.39868,Qwen2.5-7B-Instruct-Q4_K_M.gguf,4605.62,2.98516,0.0,0.0
1780416519.9057128,Qwen2.5-7B-Instruct-Q4_K_M.gguf,4605.62,3.2457800000000003,0.0,0.0
1780416520.412954,Qwen2.5-7B-Instruct-Q4_K_M.gguf,4605.62,2.88788,0.0,0.0
1780416520.9195578,Qwen2.5-7B-Instruct-Q4_K_M.gguf,4605.62,3.31,0.0,0.0
1780416521.426708,Qwen2.5-7B-Instruct-Q4_K_M.gguf,4605.62,2.7921799999999997,0.0,0.0
1780416521.933368,Qwen2.5-7B-Instruct-Q4_K_M.gguf,4605.62,3.2810900000000003,0.0,0.0
1780416522.440591,Qwen2.5-7B-Instruct-Q4_K_M.gguf,4605.62,2.87801,0.0,0.0
1780416522.9474611,Qwen2.5-7B-Instruct-Q4_K_M.gguf,4605.62,2.7607,0.0,0.0
1780416523.454313,Qwen2.5-7B-Instruct-Q4_K_M.gguf,4605.62,3.1985799999999998,0.0,0.0
1780416523.96178,Qwen2.5-7B-Instruct-Q4_K_M.gguf,4605.62,3.1336399999999998,0.0,0.0
1780416524.468105,Qwen2.5-7B-Instruct-Q4_K_M.gguf,4605.62,3.08815,0.0,0.0
1780416524.975631,Qwen2.5-7B-Instruct-Q4_K_M.gguf,4605.62,2.91371,0.0,0.0
1780416525.482578,Qwen2.5-7B-Instruct-Q4_K_M.gguf,4605.62,3.53123,0.0,0.0
1780416525.989154,Qwen2.5-7B-Instruct-Q4_K_M.gguf,4605.62,2.98301,0.0,0.0
1780416526.496636,Qwen2.5-7B-Instruct-Q4_K_M.gguf,4605.62,2.92531,0.0,0.0
1780416527.0141199,Qwen2.5-7B-Instruct-Q4_K_M.gguf,115.25,3.0394200000000002,0.0,0.0
1780416529.217933,Qwen2.5-7B-Instruct-Q4_K_M.gguf,4605.81,3.9593499999999997,0.0,0.0
1780416529.724997,Qwen2.5-7B-Instruct-Q4_K_M.gguf,4605.81,2.28945,0.0,0.0
1780416530.232012,Qwen2.5-7B-Instruct-Q4_K_M.gguf,4605.81,3.1343400000000003,0.0,0.0
1780416530.738716,Qwen2.5-7B-Instruct-Q4_K_M.gguf,4605.81,3.1581300000000003,0.0,0.0
1780416531.245804,Qwen2.5-7B-Instruct-Q4_K_M.gguf,4605.81,3.11913,0.0,0.0
1780416531.75295,Qwen2.5-7B-Instruct-Q4_K_M.gguf,4605.81,3.46063,0.0,0.0
1780416532.259595,Qwen2.5-7B-Instruct-Q4_K_M.gguf,4605.81,3.13456,0.0,0.0
1780416532.766484,Qwen2.5-7B-Instruct-Q4_K_M.gguf,4605.83,3.17564,0.0,0.0
1780416533.273563,Qwen2.5-7B-Instruct-Q4_K_M.gguf,4605.83,2.97486,0.0,0.0
1780416533.781037,Qwen2.5-7B-Instruct-Q4_K_M.gguf,4605.83,2.87813,0.0,0.0
1780416534.2877572,Qwen2.5-7B-Instruct-Q4_K_M.gguf,4605.83,3.0264,0.0,0.0
1780416534.795489,Qwen2.5-7B-Instruct-Q4_K_M.gguf,4605.83,3.13309,0.0,0.0
1780416535.301742,Qwen2.5-7B-Instruct-Q4_K_M.gguf,4605.83,3.2773600000000003,0.0,0.0
1780416535.809033,Qwen2.5-7B-Instruct-Q4_K_M.gguf,4605.83,3.14379,0.0,0.0
1780416536.316043,Qwen2.5-7B-Instruct-Q4_K_M.gguf,4605.83,3.27611,0.0,0.0
1780416536.822853,Qwen2.5-7B-Instruct-Q4_K_M.gguf,4605.83,3.26906,0.0,0.0
1780416537.330003,Qwen2.5-7B-Instruct-Q4_K_M.gguf,4605.83,2.9228899999999998,0.0,0.0
1780416537.8370008,Qwen2.5-7B-Instruct-Q4_K_M.gguf,4605.83,3.1088299999999998,0.0,0.0
1780416538.343709,Qwen2.5-7B-Instruct-Q4_K_M.gguf,4605.83,3.06098,0.0,0.0
1780416538.850465,Qwen2.5-7B-Instruct-Q4_K_M.gguf,4605.83,3.18458,0.0,0.0
1780416539.3575292,Qwen2.5-7B-Instruct-Q4_K_M.gguf,4605.83,3.11393,0.0,0.0
1780416539.864251,Qwen2.5-7B-Instruct-Q4_K_M.gguf,4605.83,3.1421300000000003,0.0,0.0
1780416540.371383,Qwen2.5-7B-Instruct-Q4_K_M.gguf,4605.84,3.15051,0.0,0.0
1780416540.878719,Qwen2.5-7B-Instruct-Q4_K_M.gguf,4605.84,3.15866,0.0,0.0
1780416541.385469,Qwen2.5-7B-Instruct-Q4_K_M.gguf,4605.84,3.14599,0.0,0.0
1780416541.8922722,Qwen2.5-7B-Instruct-Q4_K_M.gguf,4605.84,2.95725,0.0,0.0
1780416542.399211,Qwen2.5-7B-Instruct-Q4_K_M.gguf,4605.84,3.09638,0.0,0.0
1780416542.9060411,Qwen2.5-7B-Instruct-Q4_K_M.gguf,4605.84,3.12199,0.0,0.0
1780416543.4132218,Qwen2.5-7B-Instruct-Q4_K_M.gguf,4605.84,3.1071999999999997,0.0,0.0
1780416543.920176,Qwen2.5-7B-Instruct-Q4_K_M.gguf,4605.86,3.14494,0.0,0.0
1780416544.427211,Qwen2.5-7B-Instruct-Q4_K_M.gguf,4605.86,2.93569,0.0,0.0
1780416544.933991,Qwen2.5-7B-Instruct-Q4_K_M.gguf,4605.86,2.95099,0.0,0.0
1780416545.441121,Qwen2.5-7B-Instruct-Q4_K_M.gguf,4605.86,3.34346,0.0,0.0
1780416545.948106,Qwen2.5-7B-Instruct-Q4_K_M.gguf,4605.86,3.2335,0.0,0.0
1780416546.455094,Qwen2.5-7B-Instruct-Q4_K_M.gguf,4605.86,2.90681,0.0,0.0
1780416546.962688,Qwen2.5-7B-Instruct-Q4_K_M.gguf,4605.86,3.0749400000000002,0.0,0.0
1780416547.4680388,Qwen2.5-7B-Instruct-Q4_K_M.gguf,4605.86,3.4175500000000003,0.0,0.0
1780416547.985045,Qwen2.5-7B-Instruct-Q4_K_M.gguf,115.47,2.75063,0.0,0.0
1780416634.252567,Qwen2.5-7B-Instruct-Q4_K_M.gguf,4695.69,5.91638,0.0,0.0
1780416634.75948,Qwen2.5-7B-Instruct-Q4_K_M.gguf,4695.7,3.25808,0.0,0.0
1780416635.266172,Qwen2.5-7B-Instruct-Q4_K_M.gguf,4695.7,3.31837,0.0,0.0
1780416635.77299,Qwen2.5-7B-Instruct-Q4_K_M.gguf,4695.72,3.05477,0.0,0.0
1780416636.2804391,Qwen2.5-7B-Instruct-Q4_K_M.gguf,4695.73,3.18208,0.0,0.0
1780416636.7876139,Qwen2.5-7B-Instruct-Q4_K_M.gguf,4695.73,2.87097,0.0,0.0
1780416637.294775,Qwen2.5-7B-Instruct-Q4_K_M.gguf,4695.73,3.03208,0.0,0.0
1780416637.801574,Qwen2.5-7B-Instruct-Q4_K_M.gguf,4695.73,3.1846900000000002,0.0,0.0
1780416638.3085802,Qwen2.5-7B-Instruct-Q4_K_M.gguf,4695.69,3.14622,0.0,0.0
1780416638.815255,Qwen2.5-7B-Instruct-Q4_K_M.gguf,4695.69,3.43233,0.0,0.0
1780416639.322027,Qwen2.5-7B-Instruct-Q4_K_M.gguf,4695.7,2.99841,0.0,0.0
1780416639.828885,Qwen2.5-7B-Instruct-Q4_K_M.gguf,4695.7,3.39179,0.0,0.0
1780416640.3362062,Qwen2.5-7B-Instruct-Q4_K_M.gguf,4695.72,3.25382,0.0,0.0
1780416640.84323,Qwen2.5-7B-Instruct-Q4_K_M.gguf,4695.72,3.14052,0.0,0.0
1780416641.35005,Qwen2.5-7B-Instruct-Q4_K_M.gguf,4695.72,3.39947,0.0,0.0
1780416641.856801,Qwen2.5-7B-Instruct-Q4_K_M.gguf,4695.72,2.9898800000000003,0.0,0.0
1780416642.364575,Qwen2.5-7B-Instruct-Q4_K_M.gguf,4695.72,3.1664299999999996,0.0,0.0
1780416642.871346,Qwen2.5-7B-Instruct-Q4_K_M.gguf,4695.72,3.2283600000000003,0.0,0.0
1780416643.3777988,Qwen2.5-7B-Instruct-Q4_K_M.gguf,4695.72,3.2031300000000003,0.0,0.0
1780416643.88411,Qwen2.5-7B-Instruct-Q4_K_M.gguf,4695.72,3.07862,0.0,0.0
1780416644.39095,Qwen2.5-7B-Instruct-Q4_K_M.gguf,4695.72,3.27081,0.0,0.0
1780416644.8982,Qwen2.5-7B-Instruct-Q4_K_M.gguf,4695.72,3.28782,0.0,0.0
1780416645.405011,Qwen2.5-7B-Instruct-Q4_K_M.gguf,4695.72,3.30546,0.0,0.0
1780416645.912652,Qwen2.5-7B-Instruct-Q4_K_M.gguf,4695.72,3.32282,0.0,0.0
1780416646.419598,Qwen2.5-7B-Instruct-Q4_K_M.gguf,4695.72,3.22511,0.0,0.0
1780416646.926337,Qwen2.5-7B-Instruct-Q4_K_M.gguf,4695.72,3.43229,0.0,0.0
1780416647.433711,Qwen2.5-7B-Instruct-Q4_K_M.gguf,4695.72,3.47019,0.0,0.0
1780416647.9407098,Qwen2.5-7B-Instruct-Q4_K_M.gguf,4695.72,3.20861,0.0,0.0
1780416648.447593,Qwen2.5-7B-Instruct-Q4_K_M.gguf,4695.72,3.17466,0.0,0.0
1780416648.954263,Qwen2.5-7B-Instruct-Q4_K_M.gguf,4695.72,3.22161,0.0,0.0
1780416649.462375,Qwen2.5-7B-Instruct-Q4_K_M.gguf,4695.72,3.6270599999999997,0.0,0.0
1780416649.9683871,Qwen2.5-7B-Instruct-Q4_K_M.gguf,4695.72,3.04892,0.0,0.0
1780416650.4754019,Qwen2.5-7B-Instruct-Q4_K_M.gguf,4695.72,3.34105,0.0,0.0
1780416650.982857,Qwen2.5-7B-Instruct-Q4_K_M.gguf,4695.72,3.1985300000000003,0.0,0.0
1780416651.489625,Qwen2.5-7B-Instruct-Q4_K_M.gguf,4695.72,4.27285,0.0,0.0
1780416653.809939,Qwen2.5-7B-Instruct-Q4_K_M.gguf,4690.67,3.25937,0.0,0.0
1780416654.31645,Qwen2.5-7B-Instruct-Q4_K_M.gguf,4690.69,2.28954,0.0,0.0
1780416654.823112,Qwen2.5-7B-Instruct-Q4_K_M.gguf,4690.7,3.05933,0.0,0.0
1780416655.330583,Qwen2.5-7B-Instruct-Q4_K_M.gguf,4690.7,3.43,0.0,0.0
1780416655.837857,Qwen2.5-7B-Instruct-Q4_K_M.gguf,4690.72,3.48385,0.0,0.0
1780416656.345526,Qwen2.5-7B-Instruct-Q4_K_M.gguf,4690.73,3.5717800000000004,0.0,0.0
1780416656.852264,Qwen2.5-7B-Instruct-Q4_K_M.gguf,4690.75,3.22699,0.0,0.0
1780416657.359369,Qwen2.5-7B-Instruct-Q4_K_M.gguf,4690.77,3.0626599999999997,0.0,0.0
1780416657.866569,Qwen2.5-7B-Instruct-Q4_K_M.gguf,4690.75,3.2017399999999996,0.0,0.0
1780416658.373528,Qwen2.5-7B-Instruct-Q4_K_M.gguf,4690.75,3.19261,0.0,0.0
1780416658.880957,Qwen2.5-7B-Instruct-Q4_K_M.gguf,4690.75,3.21158,0.0,0.0
1780416659.387646,Qwen2.5-7B-Instruct-Q4_K_M.gguf,4690.75,3.2503699999999998,0.0,0.0
1780416659.8955462,Qwen2.5-7B-Instruct-Q4_K_M.gguf,4690.75,3.56033,0.0,0.0
1780416660.4036,Qwen2.5-7B-Instruct-Q4_K_M.gguf,4690.75,3.27746,0.0,0.0
1780416660.9108028,Qwen2.5-7B-Instruct-Q4_K_M.gguf,4690.75,3.7711799999999998,0.0,0.0
1780416661.418217,Qwen2.5-7B-Instruct-Q4_K_M.gguf,4690.75,3.11416,0.0,0.0
1780416661.924911,Qwen2.5-7B-Instruct-Q4_K_M.gguf,4690.75,2.8802399999999997,0.0,0.0
1780416662.4321458,Qwen2.5-7B-Instruct-Q4_K_M.gguf,4690.75,3.28334,0.0,0.0
1780416662.9391282,Qwen2.5-7B-Instruct-Q4_K_M.gguf,4690.75,3.05999,0.0,0.0
1780416663.4464571,Qwen2.5-7B-Instruct-Q4_K_M.gguf,4690.75,3.24063,0.0,0.0
1780416663.952391,Qwen2.5-7B-Instruct-Q4_K_M.gguf,4690.75,3.5299899999999997,0.0,0.0
1780416664.459925,Qwen2.5-7B-Instruct-Q4_K_M.gguf,4690.75,3.12344,0.0,0.0
1780416664.966557,Qwen2.5-7B-Instruct-Q4_K_M.gguf,4690.75,3.35101,0.0,0.0
1780416665.473498,Qwen2.5-7B-Instruct-Q4_K_M.gguf,4690.75,3.2498299999999998,0.0,0.0
1780416665.980926,Qwen2.5-7B-Instruct-Q4_K_M.gguf,4690.75,3.2005100000000004,0.0,0.0
1780416666.487556,Qwen2.5-7B-Instruct-Q4_K_M.gguf,4690.75,2.9221,0.0,0.0
1780416666.994673,Qwen2.5-7B-Instruct-Q4_K_M.gguf,4690.75,3.11188,0.0,0.0
1780416667.5012941,Qwen2.5-7B-Instruct-Q4_K_M.gguf,4690.75,3.4253400000000003,0.0,0.0
1780416668.008831,Qwen2.5-7B-Instruct-Q4_K_M.gguf,4690.77,3.25629,0.0,0.0
1780416668.515703,Qwen2.5-7B-Instruct-Q4_K_M.gguf,4690.77,3.1493,0.0,0.0
1780416669.0228229,Qwen2.5-7B-Instruct-Q4_K_M.gguf,4690.77,3.4861,0.0,0.0
1780416669.5297449,Qwen2.5-7B-Instruct-Q4_K_M.gguf,4690.78,3.21919,0.0,0.0
1780416670.036812,Qwen2.5-7B-Instruct-Q4_K_M.gguf,4690.78,3.24031,0.0,0.0
1780416670.543416,Qwen2.5-7B-Instruct-Q4_K_M.gguf,4690.78,3.06554,0.0,0.0
1780416671.050663,Qwen2.5-7B-Instruct-Q4_K_M.gguf,4690.78,3.12957,0.0,0.0
1780416671.557693,Qwen2.5-7B-Instruct-Q4_K_M.gguf,4690.78,2.94787,0.0,0.0
1780416672.06941,Qwen2.5-7B-Instruct-Q4_K_M.gguf,116.36,3.24256,0.0,0.0
1780416674.20589,Qwen2.5-7B-Instruct-Q4_K_M.gguf,4676.55,4.142810000000001,0.0,0.0
1780416674.712805,Qwen2.5-7B-Instruct-Q4_K_M.gguf,4676.55,2.64446,0.0,0.0
1780416675.219695,Qwen2.5-7B-Instruct-Q4_K_M.gguf,4676.59,2.97579,0.0,0.0
1780416675.726779,Qwen2.5-7B-Instruct-Q4_K_M.gguf,4676.61,3.16859,0.0,0.0
1780416676.233531,Qwen2.5-7B-Instruct-Q4_K_M.gguf,4676.61,3.44212,0.0,0.0
1780416676.7407439,Qwen2.5-7B-Instruct-Q4_K_M.gguf,4676.62,2.92372,0.0,0.0
1780416677.249322,Qwen2.5-7B-Instruct-Q4_K_M.gguf,4676.62,3.4417199999999997,0.0,0.0
1780416677.756315,Qwen2.5-7B-Instruct-Q4_K_M.gguf,4676.62,4.01637,0.0,0.0
1780416678.263804,Qwen2.5-7B-Instruct-Q4_K_M.gguf,4676.62,2.9083099999999997,0.0,0.0
1780416678.770766,Qwen2.5-7B-Instruct-Q4_K_M.gguf,4676.64,2.93385,0.0,0.0
1780416679.2783842,Qwen2.5-7B-Instruct-Q4_K_M.gguf,4676.59,3.04787,0.0,0.0
1780416679.785035,Qwen2.5-7B-Instruct-Q4_K_M.gguf,4676.59,2.7999099999999997,0.0,0.0
1780416680.290478,Qwen2.5-7B-Instruct-Q4_K_M.gguf,4676.61,3.0743400000000003,0.0,0.0
1780416680.797305,Qwen2.5-7B-Instruct-Q4_K_M.gguf,4676.61,3.38542,0.0,0.0
1780416681.304111,Qwen2.5-7B-Instruct-Q4_K_M.gguf,4676.61,3.23138,0.0,0.0
1780416681.811759,Qwen2.5-7B-Instruct-Q4_K_M.gguf,4676.61,3.11081,0.0,0.0
1780416682.3185139,Qwen2.5-7B-Instruct-Q4_K_M.gguf,4676.61,3.2248,0.0,0.0
1780416682.826041,Qwen2.5-7B-Instruct-Q4_K_M.gguf,4676.61,2.98786,0.0,0.0
1780416683.332746,Qwen2.5-7B-Instruct-Q4_K_M.gguf,4676.61,3.3500300000000003,0.0,0.0
1780416683.839562,Qwen2.5-7B-Instruct-Q4_K_M.gguf,4676.61,3.3082800000000003,0.0,0.0
1780416684.346347,Qwen2.5-7B-Instruct-Q4_K_M.gguf,4676.61,3.29267,0.0,0.0
1780416684.853473,Qwen2.5-7B-Instruct-Q4_K_M.gguf,4676.61,3.07778,0.0,0.0
1780416685.3608,Qwen2.5-7B-Instruct-Q4_K_M.gguf,4676.61,3.01398,0.0,0.0
1780416685.867716,Qwen2.5-7B-Instruct-Q4_K_M.gguf,4676.61,3.0034,0.0,0.0
1780416686.375027,Qwen2.5-7B-Instruct-Q4_K_M.gguf,4676.61,3.3465,0.0,0.0
1780416686.881789,Qwen2.5-7B-Instruct-Q4_K_M.gguf,4676.61,3.04458,0.0,0.0
1780416687.388808,Qwen2.5-7B-Instruct-Q4_K_M.gguf,4676.61,3.8145300000000004,0.0,0.0
1780416687.896003,Qwen2.5-7B-Instruct-Q4_K_M.gguf,4676.61,2.99236,0.0,0.0
1780416688.4028008,Qwen2.5-7B-Instruct-Q4_K_M.gguf,4676.61,3.08202,0.0,0.0
1780416688.90976,Qwen2.5-7B-Instruct-Q4_K_M.gguf,4676.61,2.80932,0.0,0.0
1780416689.416522,Qwen2.5-7B-Instruct-Q4_K_M.gguf,4676.61,3.16262,0.0,0.0
1780416689.9235241,Qwen2.5-7B-Instruct-Q4_K_M.gguf,4676.61,3.33413,0.0,0.0
1780416690.430728,Qwen2.5-7B-Instruct-Q4_K_M.gguf,4676.61,3.01375,0.0,0.0
1780416690.937011,Qwen2.5-7B-Instruct-Q4_K_M.gguf,4676.61,3.43875,0.0,0.0
1780416691.443918,Qwen2.5-7B-Instruct-Q4_K_M.gguf,4676.61,3.44893,0.0,0.0
1780416691.95167,Qwen2.5-7B-Instruct-Q4_K_M.gguf,4676.61,3.2741700000000002,0.0,0.0
1780416692.45832,Qwen2.5-7B-Instruct-Q4_K_M.gguf,4676.61,2.79724,0.0,0.0
1780416694.751154,Qwen2.5-7B-Instruct-Q4_K_M.gguf,4695.34,3.20016,0.0,0.0
1780416695.2584069,Qwen2.5-7B-Instruct-Q4_K_M.gguf,4695.34,2.47814,0.0,0.0
1780416695.7649229,Qwen2.5-7B-Instruct-Q4_K_M.gguf,4695.34,2.93085,0.0,0.0
1780416696.2716749,Qwen2.5-7B-Instruct-Q4_K_M.gguf,4695.34,3.29096,0.0,0.0
1780416696.778624,Qwen2.5-7B-Instruct-Q4_K_M.gguf,4695.36,3.5452,0.0,0.0
1780416697.2857752,Qwen2.5-7B-Instruct-Q4_K_M.gguf,4695.38,2.92213,0.0,0.0
1780416697.793099,Qwen2.5-7B-Instruct-Q4_K_M.gguf,4695.38,3.39531,0.0,0.0
1780416698.300304,Qwen2.5-7B-Instruct-Q4_K_M.gguf,4695.38,3.39195,0.0,0.0
1780416698.807195,Qwen2.5-7B-Instruct-Q4_K_M.gguf,4695.36,3.08136,0.0,0.0
1780416699.3141491,Qwen2.5-7B-Instruct-Q4_K_M.gguf,4695.36,3.22125,0.0,0.0
1780416699.821172,Qwen2.5-7B-Instruct-Q4_K_M.gguf,4695.36,2.81163,0.0,0.0
1780416700.328759,Qwen2.5-7B-Instruct-Q4_K_M.gguf,4695.36,2.9505,0.0,0.0
1780416700.8355148,Qwen2.5-7B-Instruct-Q4_K_M.gguf,4695.38,3.1724699999999997,0.0,0.0
1780416701.342668,Qwen2.5-7B-Instruct-Q4_K_M.gguf,4695.38,3.27936,0.0,0.0
1780416701.849607,Qwen2.5-7B-Instruct-Q4_K_M.gguf,4695.38,3.06324,0.0,0.0
1780416702.356807,Qwen2.5-7B-Instruct-Q4_K_M.gguf,4695.38,3.1517600000000003,0.0,0.0
1780416702.863511,Qwen2.5-7B-Instruct-Q4_K_M.gguf,4695.38,2.97005,0.0,0.0
1780416703.3706172,Qwen2.5-7B-Instruct-Q4_K_M.gguf,4695.38,3.22433,0.0,0.0
1780416703.877579,Qwen2.5-7B-Instruct-Q4_K_M.gguf,4695.38,2.8562399999999997,0.0,0.0
1780416704.384107,Qwen2.5-7B-Instruct-Q4_K_M.gguf,4695.38,3.32405,0.0,0.0
1780416704.891022,Qwen2.5-7B-Instruct-Q4_K_M.gguf,4695.38,3.0525700000000002,0.0,0.0
1780416705.3985732,Qwen2.5-7B-Instruct-Q4_K_M.gguf,4695.38,3.33273,0.0,0.0
1780416705.905291,Qwen2.5-7B-Instruct-Q4_K_M.gguf,4695.38,3.2713,0.0,0.0
1780416706.412425,Qwen2.5-7B-Instruct-Q4_K_M.gguf,4695.38,3.18535,0.0,0.0
1780416706.919505,Qwen2.5-7B-Instruct-Q4_K_M.gguf,4695.38,3.01019,0.0,0.0
1780416707.4264598,Qwen2.5-7B-Instruct-Q4_K_M.gguf,4695.38,3.2047,0.0,0.0
1780416707.933355,Qwen2.5-7B-Instruct-Q4_K_M.gguf,4695.38,3.03261,0.0,0.0
1780416708.4402938,Qwen2.5-7B-Instruct-Q4_K_M.gguf,4695.38,3.24917,0.0,0.0
1780416708.9480388,Qwen2.5-7B-Instruct-Q4_K_M.gguf,4695.38,3.0591399999999997,0.0,0.0
1780416709.4547431,Qwen2.5-7B-Instruct-Q4_K_M.gguf,4695.38,3.08167,0.0,0.0
1780416709.962256,Qwen2.5-7B-Instruct-Q4_K_M.gguf,4695.38,3.0149,0.0,0.0
1780416710.4691682,Qwen2.5-7B-Instruct-Q4_K_M.gguf,4695.38,3.20277,0.0,0.0
1780416710.976372,Qwen2.5-7B-Instruct-Q4_K_M.gguf,4695.38,3.0812,0.0,0.0
1780416711.482771,Qwen2.5-7B-Instruct-Q4_K_M.gguf,4695.38,3.3679,0.0,0.0
1780416711.98986,Qwen2.5-7B-Instruct-Q4_K_M.gguf,4695.38,2.97606,0.0,0.0
1780416712.497244,Qwen2.5-7B-Instruct-Q4_K_M.gguf,4695.38,3.14871,0.0,0.0
1780416713.003911,Qwen2.5-7B-Instruct-Q4_K_M.gguf,4695.38,2.97212,0.0,0.0
1780416713.52117,Qwen2.5-7B-Instruct-Q4_K_M.gguf,120.98,3.12704,0.0,0.0
1780416715.6851132,Qwen2.5-7B-Instruct-Q4_K_M.gguf,4669.88,5.09339,0.0,0.0
1780416716.1917288,Qwen2.5-7B-Instruct-Q4_K_M.gguf,4669.88,2.70758,0.0,0.0
1780416716.699231,Qwen2.5-7B-Instruct-Q4_K_M.gguf,4669.88,2.49996,0.0,0.0
1780416717.205951,Qwen2.5-7B-Instruct-Q4_K_M.gguf,4669.92,2.7424,0.0,0.0
1780416717.712731,Qwen2.5-7B-Instruct-Q4_K_M.gguf,4669.94,3.00019,0.0,0.0
1780416718.219626,Qwen2.5-7B-Instruct-Q4_K_M.gguf,4669.95,3.01426,0.0,0.0
1780416718.7268748,Qwen2.5-7B-Instruct-Q4_K_M.gguf,4669.95,3.1768899999999998,0.0,0.0
1780416719.233429,Qwen2.5-7B-Instruct-Q4_K_M.gguf,4669.95,3.28491,0.0,0.0
1780416719.740243,Qwen2.5-7B-Instruct-Q4_K_M.gguf,4669.94,3.1534,0.0,0.0
1780416720.246231,Qwen2.5-7B-Instruct-Q4_K_M.gguf,4669.94,3.09598,0.0,0.0
1780416720.752949,Qwen2.5-7B-Instruct-Q4_K_M.gguf,4669.94,3.18825,0.0,0.0
1780416721.259841,Qwen2.5-7B-Instruct-Q4_K_M.gguf,4669.94,3.09715,0.0,0.0
1780416721.767103,Qwen2.5-7B-Instruct-Q4_K_M.gguf,4669.94,3.1038699999999997,0.0,0.0
1780416722.2743838,Qwen2.5-7B-Instruct-Q4_K_M.gguf,4669.94,3.06103,0.0,0.0
1780416722.781006,Qwen2.5-7B-Instruct-Q4_K_M.gguf,4669.94,2.9788699999999997,0.0,0.0
1780416723.28784,Qwen2.5-7B-Instruct-Q4_K_M.gguf,4669.94,3.3430500000000003,0.0,0.0
1780416723.794793,Qwen2.5-7B-Instruct-Q4_K_M.gguf,4669.94,2.94149,0.0,0.0
1780416724.302256,Qwen2.5-7B-Instruct-Q4_K_M.gguf,4669.94,3.26188,0.0,0.0
1780416724.809428,Qwen2.5-7B-Instruct-Q4_K_M.gguf,4669.94,2.92342,0.0,0.0
1780416725.3163579,Qwen2.5-7B-Instruct-Q4_K_M.gguf,4669.94,3.3108,0.0,0.0
1780416725.8232472,Qwen2.5-7B-Instruct-Q4_K_M.gguf,4669.94,3.02273,0.0,0.0
1780416726.330934,Qwen2.5-7B-Instruct-Q4_K_M.gguf,4669.94,3.07675,0.0,0.0
1780416726.837857,Qwen2.5-7B-Instruct-Q4_K_M.gguf,4669.94,3.1163600000000002,0.0,0.0
1780416727.34534,Qwen2.5-7B-Instruct-Q4_K_M.gguf,4669.94,3.18028,0.0,0.0
1780416727.8521018,Qwen2.5-7B-Instruct-Q4_K_M.gguf,4669.94,3.1303,0.0,0.0
1780416728.3591838,Qwen2.5-7B-Instruct-Q4_K_M.gguf,4669.94,3.0556300000000003,0.0,0.0
1780416728.866011,Qwen2.5-7B-Instruct-Q4_K_M.gguf,4669.94,3.09911,0.0,0.0
1780416729.373076,Qwen2.5-7B-Instruct-Q4_K_M.gguf,4669.94,2.9094,0.0,0.0
1780416729.880481,Qwen2.5-7B-Instruct-Q4_K_M.gguf,4669.94,3.19365,0.0,0.0
1780416730.387059,Qwen2.5-7B-Instruct-Q4_K_M.gguf,4669.94,3.09463,0.0,0.0
1780416730.89446,Qwen2.5-7B-Instruct-Q4_K_M.gguf,4669.94,3.2087800000000004,0.0,0.0
1780416731.400029,Qwen2.5-7B-Instruct-Q4_K_M.gguf,4669.94,3.0948800000000003,0.0,0.0
1780416731.906097,Qwen2.5-7B-Instruct-Q4_K_M.gguf,4669.94,2.85706,0.0,0.0
1780416732.413764,Qwen2.5-7B-Instruct-Q4_K_M.gguf,4669.94,3.2767399999999998,0.0,0.0
1780416732.920752,Qwen2.5-7B-Instruct-Q4_K_M.gguf,4669.94,2.8912,0.0,0.0
1780416733.428017,Qwen2.5-7B-Instruct-Q4_K_M.gguf,4669.94,3.1726799999999997,0.0,0.0
1780416733.9350588,Qwen2.5-7B-Instruct-Q4_K_M.gguf,4669.94,3.1851700000000003,0.0,0.0
1780416734.456388,Qwen2.5-7B-Instruct-Q4_K_M.gguf,95.55,3.2376199999999997,0.0,0.0
1780416736.635972,Qwen2.5-7B-Instruct-Q4_K_M.gguf,4673.62,4.0892,0.0,0.0
1780416737.143136,Qwen2.5-7B-Instruct-Q4_K_M.gguf,4673.62,2.87344,0.0,0.0
1780416737.649974,Qwen2.5-7B-Instruct-Q4_K_M.gguf,4673.64,2.9325,0.0,0.0
1780416738.156801,Qwen2.5-7B-Instruct-Q4_K_M.gguf,4673.64,3.2615700000000003,0.0,0.0
1780416738.6638348,Qwen2.5-7B-Instruct-Q4_K_M.gguf,4673.7,3.06148,0.0,0.0
1780416739.1707652,Qwen2.5-7B-Instruct-Q4_K_M.gguf,4673.72,3.1528899999999997,0.0,0.0
1780416739.67787,Qwen2.5-7B-Instruct-Q4_K_M.gguf,4673.75,3.2765,0.0,0.0
1780416740.184504,Qwen2.5-7B-Instruct-Q4_K_M.gguf,4673.77,3.12472,0.0,0.0
1780416740.6921039,Qwen2.5-7B-Instruct-Q4_K_M.gguf,4673.84,3.03469,0.0,0.0
1780416741.1985972,Qwen2.5-7B-Instruct-Q4_K_M.gguf,4673.84,3.06208,0.0,0.0
1780416741.70506,Qwen2.5-7B-Instruct-Q4_K_M.gguf,4673.84,3.1302800000000004,0.0,0.0
1780416742.2123,Qwen2.5-7B-Instruct-Q4_K_M.gguf,4673.84,3.2212899999999998,0.0,0.0
1780416742.718988,Qwen2.5-7B-Instruct-Q4_K_M.gguf,4673.84,3.3933299999999997,0.0,0.0
1780416743.226135,Qwen2.5-7B-Instruct-Q4_K_M.gguf,4673.84,2.80507,0.0,0.0
1780416743.7338638,Qwen2.5-7B-Instruct-Q4_K_M.gguf,4673.84,3.3555300000000003,0.0,0.0
1780416744.240333,Qwen2.5-7B-Instruct-Q4_K_M.gguf,4673.84,3.30579,0.0,0.0
1780416744.747912,Qwen2.5-7B-Instruct-Q4_K_M.gguf,4673.84,3.13721,0.0,0.0
1780416745.2546828,Qwen2.5-7B-Instruct-Q4_K_M.gguf,4673.84,2.8748299999999998,0.0,0.0
1780416745.761895,Qwen2.5-7B-Instruct-Q4_K_M.gguf,4673.84,3.05783,0.0,0.0
1780416746.268467,Qwen2.5-7B-Instruct-Q4_K_M.gguf,4673.84,3.3198600000000003,0.0,0.0
1780416746.775517,Qwen2.5-7B-Instruct-Q4_K_M.gguf,4673.84,2.89235,0.0,0.0
1780416747.2822368,Qwen2.5-7B-Instruct-Q4_K_M.gguf,4673.84,3.0086399999999998,0.0,0.0
1780416747.789242,Qwen2.5-7B-Instruct-Q4_K_M.gguf,4673.84,3.2762399999999996,0.0,0.0
1780416748.296926,Qwen2.5-7B-Instruct-Q4_K_M.gguf,4673.84,2.78878,0.0,0.0
1780416748.8033779,Qwen2.5-7B-Instruct-Q4_K_M.gguf,4673.86,3.04913,0.0,0.0
1780416749.310792,Qwen2.5-7B-Instruct-Q4_K_M.gguf,4673.86,3.31753,0.0,0.0
1780416749.81776,Qwen2.5-7B-Instruct-Q4_K_M.gguf,4673.86,3.08454,0.0,0.0
1780416750.325073,Qwen2.5-7B-Instruct-Q4_K_M.gguf,4673.86,2.9153200000000004,0.0,0.0
1780416750.831815,Qwen2.5-7B-Instruct-Q4_K_M.gguf,4673.86,3.20886,0.0,0.0
1780416751.339037,Qwen2.5-7B-Instruct-Q4_K_M.gguf,4673.86,3.6245100000000003,0.0,0.0
1780416751.8462589,Qwen2.5-7B-Instruct-Q4_K_M.gguf,4673.86,3.01961,0.0,0.0
1780416752.3530712,Qwen2.5-7B-Instruct-Q4_K_M.gguf,4673.86,3.02253,0.0,0.0
1780416752.8605309,Qwen2.5-7B-Instruct-Q4_K_M.gguf,4673.86,3.13969,0.0,0.0
1780416753.367328,Qwen2.5-7B-Instruct-Q4_K_M.gguf,4673.86,3.1012399999999998,0.0,0.0
1780416753.8744462,Qwen2.5-7B-Instruct-Q4_K_M.gguf,4673.86,3.0096999999999996,0.0,0.0
1780416754.381841,Qwen2.5-7B-Instruct-Q4_K_M.gguf,4673.86,3.34347,0.0,0.0
1780416754.8882902,Qwen2.5-7B-Instruct-Q4_K_M.gguf,4673.86,3.37128,0.0,0.0
1780416757.252491,Qwen2.5-7B-Instruct-Q4_K_M.gguf,4698.2,3.0101199999999997,0.0,0.0
1780416757.75975,Qwen2.5-7B-Instruct-Q4_K_M.gguf,4698.22,2.6898299999999997,0.0,0.0
1780416758.266152,Qwen2.5-7B-Instruct-Q4_K_M.gguf,4698.23,3.03458,0.0,0.0
1780416758.772896,Qwen2.5-7B-Instruct-Q4_K_M.gguf,4698.23,3.4555100000000003,0.0,0.0
1780416759.279978,Qwen2.5-7B-Instruct-Q4_K_M.gguf,4698.25,3.25871,0.0,0.0
1780416759.787179,Qwen2.5-7B-Instruct-Q4_K_M.gguf,4698.25,3.293,0.0,0.0
1780416760.2946188,Qwen2.5-7B-Instruct-Q4_K_M.gguf,4698.25,3.09798,0.0,0.0
1780416760.8020868,Qwen2.5-7B-Instruct-Q4_K_M.gguf,4698.25,3.13375,0.0,0.0
1780416761.309131,Qwen2.5-7B-Instruct-Q4_K_M.gguf,4698.2,3.2184,0.0,0.0
1780416761.8160708,Qwen2.5-7B-Instruct-Q4_K_M.gguf,4698.2,3.29379,0.0,0.0
1780416762.3232782,Qwen2.5-7B-Instruct-Q4_K_M.gguf,4698.2,2.7914899999999996,0.0,0.0
1780416762.830569,Qwen2.5-7B-Instruct-Q4_K_M.gguf,4698.2,3.24148,0.0,0.0
1780416763.337462,Qwen2.5-7B-Instruct-Q4_K_M.gguf,4698.23,3.2068499999999998,0.0,0.0
1780416763.844033,Qwen2.5-7B-Instruct-Q4_K_M.gguf,4698.23,3.14621,0.0,0.0
1780416764.3512478,Qwen2.5-7B-Instruct-Q4_K_M.gguf,4698.23,3.21815,0.0,0.0
1780416764.857824,Qwen2.5-7B-Instruct-Q4_K_M.gguf,4698.23,3.21479,0.0,0.0
1780416765.364684,Qwen2.5-7B-Instruct-Q4_K_M.gguf,4698.23,2.97662,0.0,0.0
1780416765.871291,Qwen2.5-7B-Instruct-Q4_K_M.gguf,4698.23,2.98388,0.0,0.0
1780416766.378268,Qwen2.5-7B-Instruct-Q4_K_M.gguf,4698.23,3.1080900000000002,0.0,0.0
1780416766.885202,Qwen2.5-7B-Instruct-Q4_K_M.gguf,4698.23,3.02074,0.0,0.0
1780416767.3922648,Qwen2.5-7B-Instruct-Q4_K_M.gguf,4698.23,2.89989,0.0,0.0
1780416767.897915,Qwen2.5-7B-Instruct-Q4_K_M.gguf,4698.23,3.24436,0.0,0.0
1780416768.404796,Qwen2.5-7B-Instruct-Q4_K_M.gguf,4698.23,2.9605,0.0,0.0
1780416768.911838,Qwen2.5-7B-Instruct-Q4_K_M.gguf,4698.23,3.0387600000000003,0.0,0.0
1780416769.418533,Qwen2.5-7B-Instruct-Q4_K_M.gguf,4698.23,3.4197100000000002,0.0,0.0
1780416769.925781,Qwen2.5-7B-Instruct-Q4_K_M.gguf,4698.23,2.98163,0.0,0.0
1780416770.4328651,Qwen2.5-7B-Instruct-Q4_K_M.gguf,4698.23,3.0341199999999997,0.0,0.0
1780416770.940278,Qwen2.5-7B-Instruct-Q4_K_M.gguf,4698.23,3.19978,0.0,0.0
1780416771.447212,Qwen2.5-7B-Instruct-Q4_K_M.gguf,4698.23,2.9221,0.0,0.0
1780416771.954481,Qwen2.5-7B-Instruct-Q4_K_M.gguf,4698.23,3.16303,0.0,0.0
1780416772.4611452,Qwen2.5-7B-Instruct-Q4_K_M.gguf,4698.25,3.30317,0.0,0.0
1780416772.967695,Qwen2.5-7B-Instruct-Q4_K_M.gguf,4698.25,3.10555,0.0,0.0
1780416773.47529,Qwen2.5-7B-Instruct-Q4_K_M.gguf,4698.25,2.9206999999999996,0.0,0.0
1780416773.982549,Qwen2.5-7B-Instruct-Q4_K_M.gguf,4698.25,3.08241,0.0,0.0
1780416774.489517,Qwen2.5-7B-Instruct-Q4_K_M.gguf,4698.25,3.30555,0.0,0.0
1780416774.9970582,Qwen2.5-7B-Instruct-Q4_K_M.gguf,4698.25,3.06779,0.0,0.0
1780416775.504561,Qwen2.5-7B-Instruct-Q4_K_M.gguf,4698.25,3.0989299999999997,0.0,0.0
1780416777.5788631,Qwen2.5-7B-Instruct-Q4_K_M.gguf,4676.5,2.4843800000000003,0.0,0.0
1780416778.08363,Qwen2.5-7B-Instruct-Q4_K_M.gguf,4676.52,2.47806,0.0,0.0
1780416778.5902588,Qwen2.5-7B-Instruct-Q4_K_M.gguf,4676.55,2.76352,0.0,0.0
1780416779.0962439,Qwen2.5-7B-Instruct-Q4_K_M.gguf,4676.55,3.51608,0.0,0.0
1780416779.6030238,Qwen2.5-7B-Instruct-Q4_K_M.gguf,4676.56,3.43893,0.0,0.0
1780416780.1099882,Qwen2.5-7B-Instruct-Q4_K_M.gguf,4676.56,3.49042,0.0,0.0
1780416780.617253,Qwen2.5-7B-Instruct-Q4_K_M.gguf,4676.56,3.5162199999999997,0.0,0.0
1780416781.1227598,Qwen2.5-7B-Instruct-Q4_K_M.gguf,4676.56,2.83879,0.0,0.0
1780416781.629144,Qwen2.5-7B-Instruct-Q4_K_M.gguf,4676.55,3.3771199999999997,0.0,0.0
1780416782.135999,Qwen2.5-7B-Instruct-Q4_K_M.gguf,4676.55,3.0204400000000002,0.0,0.0
1780416782.642852,Qwen2.5-7B-Instruct-Q4_K_M.gguf,4676.55,3.0736399999999997,0.0,0.0
1780416783.149982,Qwen2.5-7B-Instruct-Q4_K_M.gguf,4676.55,3.52987,0.0,0.0
1780416783.6558669,Qwen2.5-7B-Instruct-Q4_K_M.gguf,4676.55,3.17646,0.0,0.0
1780416784.162674,Qwen2.5-7B-Instruct-Q4_K_M.gguf,4676.55,2.76777,0.0,0.0
1780416784.669964,Qwen2.5-7B-Instruct-Q4_K_M.gguf,4676.55,3.1927399999999997,0.0,0.0
1780416785.177212,Qwen2.5-7B-Instruct-Q4_K_M.gguf,4676.55,3.0004899999999997,0.0,0.0
1780416785.683646,Qwen2.5-7B-Instruct-Q4_K_M.gguf,4676.55,2.91377,0.0,0.0
1780416786.191029,Qwen2.5-7B-Instruct-Q4_K_M.gguf,4676.55,2.97469,0.0,0.0
1780416786.697949,Qwen2.5-7B-Instruct-Q4_K_M.gguf,4676.55,3.1807600000000003,0.0,0.0
1780416787.204774,Qwen2.5-7B-Instruct-Q4_K_M.gguf,4676.55,3.0185,0.0,0.0
1780416787.712589,Qwen2.5-7B-Instruct-Q4_K_M.gguf,4676.55,3.32244,0.0,0.0
1780416788.219528,Qwen2.5-7B-Instruct-Q4_K_M.gguf,4676.55,3.0450100000000004,0.0,0.0
1780416788.726534,Qwen2.5-7B-Instruct-Q4_K_M.gguf,4676.55,2.95673,0.0,0.0
1780416789.2337532,Qwen2.5-7B-Instruct-Q4_K_M.gguf,4676.55,3.22846,0.0,0.0
1780416789.740863,Qwen2.5-7B-Instruct-Q4_K_M.gguf,4676.55,3.0257199999999997,0.0,0.0
1780416790.248035,Qwen2.5-7B-Instruct-Q4_K_M.gguf,4676.55,2.9138,0.0,0.0
1780416790.755132,Qwen2.5-7B-Instruct-Q4_K_M.gguf,4676.55,3.29957,0.0,0.0
1780416791.262483,Qwen2.5-7B-Instruct-Q4_K_M.gguf,4676.55,3.42179,0.0,0.0
1780416791.769094,Qwen2.5-7B-Instruct-Q4_K_M.gguf,4676.55,2.96271,0.0,0.0
1780416792.2774389,Qwen2.5-7B-Instruct-Q4_K_M.gguf,4676.55,3.12287,0.0,0.0
1780416792.783861,Qwen2.5-7B-Instruct-Q4_K_M.gguf,4676.55,3.21358,0.0,0.0
1780416793.2910452,Qwen2.5-7B-Instruct-Q4_K_M.gguf,4676.55,3.26058,0.0,0.0
1780416793.7980301,Qwen2.5-7B-Instruct-Q4_K_M.gguf,4676.55,3.04996,0.0,0.0
1780416794.304781,Qwen2.5-7B-Instruct-Q4_K_M.gguf,4676.55,3.24502,0.0,0.0
1780416794.8125372,Qwen2.5-7B-Instruct-Q4_K_M.gguf,4676.55,3.17772,0.0,0.0
1780416795.3193479,Qwen2.5-7B-Instruct-Q4_K_M.gguf,4676.55,3.22034,0.0,0.0
1780416795.82655,Qwen2.5-7B-Instruct-Q4_K_M.gguf,4676.55,3.18391,0.0,0.0
1780416796.333743,Qwen2.5-7B-Instruct-Q4_K_M.gguf,4676.55,3.1311,0.0,0.0
1780416798.581475,Qwen2.5-7B-Instruct-Q4_K_M.gguf,4680.56,2.8494800000000002,0.0,0.0
1780416799.087893,Qwen2.5-7B-Instruct-Q4_K_M.gguf,4680.59,2.533,0.0,0.0
1780416799.594503,Qwen2.5-7B-Instruct-Q4_K_M.gguf,4680.62,3.07766,0.0,0.0
1780416800.10079,Qwen2.5-7B-Instruct-Q4_K_M.gguf,4680.66,3.3826199999999997,0.0,0.0
1780416800.6079931,Qwen2.5-7B-Instruct-Q4_K_M.gguf,4680.66,3.32773,0.0,0.0
1780416801.114936,Qwen2.5-7B-Instruct-Q4_K_M.gguf,4680.67,3.50802,0.0,0.0
1780416801.622012,Qwen2.5-7B-Instruct-Q4_K_M.gguf,4680.67,3.32292,0.0,0.0
1780416802.1291,Qwen2.5-7B-Instruct-Q4_K_M.gguf,4680.67,3.00298,0.0,0.0
1780416802.6360269,Qwen2.5-7B-Instruct-Q4_K_M.gguf,4680.67,3.0621300000000002,0.0,0.0
1780416803.1432672,Qwen2.5-7B-Instruct-Q4_K_M.gguf,4680.67,3.22214,0.0,0.0
1780416803.650696,Qwen2.5-7B-Instruct-Q4_K_M.gguf,4680.67,3.10825,0.0,0.0
1780416804.157699,Qwen2.5-7B-Instruct-Q4_K_M.gguf,4680.67,2.9997800000000003,0.0,0.0
1780416804.664918,Qwen2.5-7B-Instruct-Q4_K_M.gguf,4680.67,3.07923,0.0,0.0
1780416805.171917,Qwen2.5-7B-Instruct-Q4_K_M.gguf,4680.69,3.26821,0.0,0.0
1780416805.678856,Qwen2.5-7B-Instruct-Q4_K_M.gguf,4680.67,3.0974,0.0,0.0
1780416806.1862662,Qwen2.5-7B-Instruct-Q4_K_M.gguf,4680.67,3.82293,0.0,0.0
1780416806.693524,Qwen2.5-7B-Instruct-Q4_K_M.gguf,4680.67,2.9918400000000003,0.0,0.0
1780416807.200331,Qwen2.5-7B-Instruct-Q4_K_M.gguf,4680.67,3.1466999999999996,0.0,0.0
1780416807.707485,Qwen2.5-7B-Instruct-Q4_K_M.gguf,4680.67,3.08886,0.0,0.0
1780416808.2144809,Qwen2.5-7B-Instruct-Q4_K_M.gguf,4680.67,3.31109,0.0,0.0
1780416808.721192,Qwen2.5-7B-Instruct-Q4_K_M.gguf,4680.67,3.17047,0.0,0.0
1780416809.228884,Qwen2.5-7B-Instruct-Q4_K_M.gguf,4680.67,3.24263,0.0,0.0
1780416809.7355762,Qwen2.5-7B-Instruct-Q4_K_M.gguf,4680.67,3.05431,0.0,0.0
1780416810.242941,Qwen2.5-7B-Instruct-Q4_K_M.gguf,4680.67,3.1628600000000002,0.0,0.0
1780416810.749761,Qwen2.5-7B-Instruct-Q4_K_M.gguf,4680.69,3.00981,0.0,0.0
1780416811.2573051,Qwen2.5-7B-Instruct-Q4_K_M.gguf,4680.69,3.0935900000000003,0.0,0.0
1780416811.76439,Qwen2.5-7B-Instruct-Q4_K_M.gguf,4680.69,3.15271,0.0,0.0
1780416812.271391,Qwen2.5-7B-Instruct-Q4_K_M.gguf,4680.69,3.3817199999999996,0.0,0.0
1780416812.778313,Qwen2.5-7B-Instruct-Q4_K_M.gguf,4680.69,3.33836,0.0,0.0
1780416813.2853959,Qwen2.5-7B-Instruct-Q4_K_M.gguf,4680.69,3.02914,0.0,0.0
1780416813.792642,Qwen2.5-7B-Instruct-Q4_K_M.gguf,4680.69,3.2792199999999996,0.0,0.0
1780416814.299687,Qwen2.5-7B-Instruct-Q4_K_M.gguf,4680.69,3.03506,0.0,0.0
1780416814.806782,Qwen2.5-7B-Instruct-Q4_K_M.gguf,4680.69,2.8649,0.0,0.0
1780416815.314166,Qwen2.5-7B-Instruct-Q4_K_M.gguf,4680.69,3.0915700000000004,0.0,0.0
1780416815.821341,Qwen2.5-7B-Instruct-Q4_K_M.gguf,4680.69,3.1579,0.0,0.0
1780416816.328408,Qwen2.5-7B-Instruct-Q4_K_M.gguf,4680.69,3.16271,0.0,0.0
1780416816.835489,Qwen2.5-7B-Instruct-Q4_K_M.gguf,4680.69,3.1630100000000003,0.0,0.0
1780416817.349984,Qwen2.5-7B-Instruct-Q4_K_M.gguf,106.3,3.0680500000000004,0.0,0.0
1780416819.43139,Qwen2.5-7B-Instruct-Q4_K_M.gguf,4685.78,4.0366599999999995,0.0,0.0
1780416819.93812,Qwen2.5-7B-Instruct-Q4_K_M.gguf,4685.78,2.6351999999999998,0.0,0.0
1780416820.4448361,Qwen2.5-7B-Instruct-Q4_K_M.gguf,4685.8,3.0908200000000003,0.0,0.0
1780416820.951841,Qwen2.5-7B-Instruct-Q4_K_M.gguf,4685.8,3.18636,0.0,0.0
1780416821.459025,Qwen2.5-7B-Instruct-Q4_K_M.gguf,4685.83,3.15946,0.0,0.0
1780416821.9666402,Qwen2.5-7B-Instruct-Q4_K_M.gguf,4685.84,3.24725,0.0,0.0
1780416822.4732742,Qwen2.5-7B-Instruct-Q4_K_M.gguf,4685.86,2.9423600000000003,0.0,0.0
1780416822.981065,Qwen2.5-7B-Instruct-Q4_K_M.gguf,4685.86,3.10767,0.0,0.0
1780416823.488096,Qwen2.5-7B-Instruct-Q4_K_M.gguf,4685.84,3.08981,0.0,0.0
1780416823.995171,Qwen2.5-7B-Instruct-Q4_K_M.gguf,4685.84,3.15554,0.0,0.0
1780416824.5017831,Qwen2.5-7B-Instruct-Q4_K_M.gguf,4685.84,3.2898899999999998,0.0,0.0
1780416825.008767,Qwen2.5-7B-Instruct-Q4_K_M.gguf,4685.84,3.26727,0.0,0.0
1780416825.516024,Qwen2.5-7B-Instruct-Q4_K_M.gguf,4685.88,3.1569499999999997,0.0,0.0
1780416826.0230122,Qwen2.5-7B-Instruct-Q4_K_M.gguf,4685.88,3.06674,0.0,0.0
1780416826.5300539,Qwen2.5-7B-Instruct-Q4_K_M.gguf,4685.88,3.25807,0.0,0.0
1780416827.037,Qwen2.5-7B-Instruct-Q4_K_M.gguf,4685.88,3.02807,0.0,0.0
1780416827.543627,Qwen2.5-7B-Instruct-Q4_K_M.gguf,4685.88,3.0003200000000003,0.0,0.0
1780416828.0504131,Qwen2.5-7B-Instruct-Q4_K_M.gguf,4685.88,3.64251,0.0,0.0
1780416828.557235,Qwen2.5-7B-Instruct-Q4_K_M.gguf,4685.88,2.9913000000000003,0.0,0.0
1780416829.064682,Qwen2.5-7B-Instruct-Q4_K_M.gguf,4685.88,3.1681999999999997,0.0,0.0
1780416829.5717728,Qwen2.5-7B-Instruct-Q4_K_M.gguf,4685.88,2.9442199999999996,0.0,0.0
1780416830.0792162,Qwen2.5-7B-Instruct-Q4_K_M.gguf,4685.88,3.16832,0.0,0.0
1780416830.586234,Qwen2.5-7B-Instruct-Q4_K_M.gguf,4685.88,2.83464,0.0,0.0
1780416831.093432,Qwen2.5-7B-Instruct-Q4_K_M.gguf,4685.88,2.93336,0.0,0.0
1780416831.600426,Qwen2.5-7B-Instruct-Q4_K_M.gguf,4685.88,3.38837,0.0,0.0
1780416832.107579,Qwen2.5-7B-Instruct-Q4_K_M.gguf,4685.88,3.16714,0.0,0.0
1780416832.614806,Qwen2.5-7B-Instruct-Q4_K_M.gguf,4685.88,3.12332,0.0,0.0
1780416833.12121,Qwen2.5-7B-Instruct-Q4_K_M.gguf,4685.88,3.57556,0.0,0.0
1780416833.628362,Qwen2.5-7B-Instruct-Q4_K_M.gguf,4685.88,2.90729,0.0,0.0
1780416834.135248,Qwen2.5-7B-Instruct-Q4_K_M.gguf,4685.88,2.98187,0.0,0.0
1780416834.642254,Qwen2.5-7B-Instruct-Q4_K_M.gguf,4685.88,2.99717,0.0,0.0
1780416835.149222,Qwen2.5-7B-Instruct-Q4_K_M.gguf,4685.88,3.60304,0.0,0.0
1780416835.6562738,Qwen2.5-7B-Instruct-Q4_K_M.gguf,4685.88,2.91611,0.0,0.0
1780416836.163313,Qwen2.5-7B-Instruct-Q4_K_M.gguf,4685.88,3.56748,0.0,0.0
1780416836.669885,Qwen2.5-7B-Instruct-Q4_K_M.gguf,4685.89,2.9258200000000003,0.0,0.0
1780416837.177505,Qwen2.5-7B-Instruct-Q4_K_M.gguf,4685.89,3.09998,0.0,0.0
1780416837.683778,Qwen2.5-7B-Instruct-Q4_K_M.gguf,111.47,2.82346,0.0,0.0
1780417187.507324,Qwen2.5-7B-Instruct-Q4_K_M.gguf,5018.91,4.7997700000000005,0.0,0.0
1780417188.014596,Qwen2.5-7B-Instruct-Q4_K_M.gguf,5018.94,3.48746,0.0,0.0
1780417188.52134,Qwen2.5-7B-Instruct-Q4_K_M.gguf,5018.97,2.9932600000000003,0.0,0.0
1780417189.0283399,Qwen2.5-7B-Instruct-Q4_K_M.gguf,5018.98,3.31085,0.0,0.0
1780417189.535233,Qwen2.5-7B-Instruct-Q4_K_M.gguf,5018.98,3.15978,0.0,0.0
1780417190.042872,Qwen2.5-7B-Instruct-Q4_K_M.gguf,5018.98,3.16557,0.0,0.0
1780417190.5500941,Qwen2.5-7B-Instruct-Q4_K_M.gguf,5018.98,3.4856100000000003,0.0,0.0
1780417191.05701,Qwen2.5-7B-Instruct-Q4_K_M.gguf,5018.98,3.12335,0.0,0.0
1780417191.564058,Qwen2.5-7B-Instruct-Q4_K_M.gguf,5018.98,3.42336,0.0,0.0
1780417192.0690718,Qwen2.5-7B-Instruct-Q4_K_M.gguf,5018.98,3.1459699999999997,0.0,0.0
1780417192.576148,Qwen2.5-7B-Instruct-Q4_K_M.gguf,5018.98,3.3556399999999997,0.0,0.0
1780417193.0834408,Qwen2.5-7B-Instruct-Q4_K_M.gguf,5019.0,3.29794,0.0,0.0
1780417193.5905201,Qwen2.5-7B-Instruct-Q4_K_M.gguf,5019.0,3.30672,0.0,0.0
1780417194.097108,Qwen2.5-7B-Instruct-Q4_K_M.gguf,5019.0,3.60285,0.0,0.0
1780417194.604616,Qwen2.5-7B-Instruct-Q4_K_M.gguf,5018.98,3.27377,0.0,0.0
1780417195.111379,Qwen2.5-7B-Instruct-Q4_K_M.gguf,5018.98,3.16479,0.0,0.0
1780417195.619549,Qwen2.5-7B-Instruct-Q4_K_M.gguf,5018.98,3.2976799999999997,0.0,0.0
1780417196.1251562,Qwen2.5-7B-Instruct-Q4_K_M.gguf,5019.0,3.40286,0.0,0.0
1780417196.63193,Qwen2.5-7B-Instruct-Q4_K_M.gguf,5019.0,3.6316599999999997,0.0,0.0
1780417197.139568,Qwen2.5-7B-Instruct-Q4_K_M.gguf,5019.0,3.2482699999999998,0.0,0.0
1780417197.646416,Qwen2.5-7B-Instruct-Q4_K_M.gguf,5019.0,3.31101,0.0,0.0
1780417198.153651,Qwen2.5-7B-Instruct-Q4_K_M.gguf,5019.02,2.99723,0.0,0.0
1780417198.6603332,Qwen2.5-7B-Instruct-Q4_K_M.gguf,5019.02,3.3112399999999997,0.0,0.0
1780417199.167584,Qwen2.5-7B-Instruct-Q4_K_M.gguf,5019.02,3.53534,0.0,0.0
1780417199.674953,Qwen2.5-7B-Instruct-Q4_K_M.gguf,5019.03,3.2571,0.0,0.0
1780417200.1815941,Qwen2.5-7B-Instruct-Q4_K_M.gguf,5019.03,3.33163,0.0,0.0
1780417200.689558,Qwen2.5-7B-Instruct-Q4_K_M.gguf,5019.03,3.0507199999999997,0.0,0.0
1780417201.195557,Qwen2.5-7B-Instruct-Q4_K_M.gguf,5019.03,3.5911500000000003,0.0,0.0
1780417201.702892,Qwen2.5-7B-Instruct-Q4_K_M.gguf,5019.03,3.16877,0.0,0.0
1780417202.213554,Qwen2.5-7B-Instruct-Q4_K_M.gguf,5019.03,3.33836,0.0,0.0
1780417202.7167559,Qwen2.5-7B-Instruct-Q4_K_M.gguf,5019.03,3.2118200000000003,0.0,0.0
1780417203.223923,Qwen2.5-7B-Instruct-Q4_K_M.gguf,5019.03,3.40893,0.0,0.0
1780417203.730946,Qwen2.5-7B-Instruct-Q4_K_M.gguf,5019.03,3.0402,0.0,0.0
1780417205.709093,Qwen2.5-7B-Instruct-Q4_K_M.gguf,5026.97,3.1986399999999997,0.0,0.0
1780417206.215445,Qwen2.5-7B-Instruct-Q4_K_M.gguf,5026.97,2.4878400000000003,0.0,0.0
1780417206.721924,Qwen2.5-7B-Instruct-Q4_K_M.gguf,5026.97,3.0365300000000004,0.0,0.0
1780417207.2284522,Qwen2.5-7B-Instruct-Q4_K_M.gguf,5026.97,3.4757,0.0,0.0
1780417207.735242,Qwen2.5-7B-Instruct-Q4_K_M.gguf,5026.97,3.39031,0.0,0.0
1780417208.242537,Qwen2.5-7B-Instruct-Q4_K_M.gguf,5027.02,3.71959,0.0,0.0
1780417208.749711,Qwen2.5-7B-Instruct-Q4_K_M.gguf,5027.03,3.73995,0.0,0.0
1780417209.2569869,Qwen2.5-7B-Instruct-Q4_K_M.gguf,5027.03,3.45807,0.0,0.0
1780417209.7637389,Qwen2.5-7B-Instruct-Q4_K_M.gguf,5027.02,3.35223,0.0,0.0
1780417210.270619,Qwen2.5-7B-Instruct-Q4_K_M.gguf,5027.02,2.99786,0.0,0.0
1780417210.777344,Qwen2.5-7B-Instruct-Q4_K_M.gguf,5027.02,3.16818,0.0,0.0
1780417211.2842612,Qwen2.5-7B-Instruct-Q4_K_M.gguf,5027.02,3.20823,0.0,0.0
1780417211.7914538,Qwen2.5-7B-Instruct-Q4_K_M.gguf,5027.02,3.2925,0.0,0.0
1780417212.298184,Qwen2.5-7B-Instruct-Q4_K_M.gguf,5027.02,3.28467,0.0,0.0
1780417212.8055701,Qwen2.5-7B-Instruct-Q4_K_M.gguf,5027.02,3.18674,0.0,0.0
1780417213.312332,Qwen2.5-7B-Instruct-Q4_K_M.gguf,5027.02,3.3733899999999997,0.0,0.0
1780417213.819371,Qwen2.5-7B-Instruct-Q4_K_M.gguf,5027.02,3.04665,0.0,0.0
1780417214.326259,Qwen2.5-7B-Instruct-Q4_K_M.gguf,5027.02,3.2216799999999997,0.0,0.0
1780417214.833189,Qwen2.5-7B-Instruct-Q4_K_M.gguf,5027.02,3.342,0.0,0.0
1780417215.340693,Qwen2.5-7B-Instruct-Q4_K_M.gguf,5027.02,3.1107,0.0,0.0
1780417215.847668,Qwen2.5-7B-Instruct-Q4_K_M.gguf,5027.02,3.2485500000000003,0.0,0.0
1780417216.3545809,Qwen2.5-7B-Instruct-Q4_K_M.gguf,5027.02,3.2401,0.0,0.0
1780417216.8616462,Qwen2.5-7B-Instruct-Q4_K_M.gguf,5027.03,3.37066,0.0,0.0
1780417217.368901,Qwen2.5-7B-Instruct-Q4_K_M.gguf,5027.03,3.40509,0.0,0.0
1780417217.875571,Qwen2.5-7B-Instruct-Q4_K_M.gguf,5027.03,3.27535,0.0,0.0
1780417218.3827379,Qwen2.5-7B-Instruct-Q4_K_M.gguf,5027.03,3.34852,0.0,0.0
1780417218.889899,Qwen2.5-7B-Instruct-Q4_K_M.gguf,5027.03,3.1984899999999996,0.0,0.0
1780417219.39646,Qwen2.5-7B-Instruct-Q4_K_M.gguf,5027.03,3.29102,0.0,0.0
1780417219.903544,Qwen2.5-7B-Instruct-Q4_K_M.gguf,5027.03,3.4257600000000004,0.0,0.0
1780417220.41054,Qwen2.5-7B-Instruct-Q4_K_M.gguf,5027.03,3.31669,0.0,0.0
1780417220.917525,Qwen2.5-7B-Instruct-Q4_K_M.gguf,5027.03,3.11519,0.0,0.0
1780417221.424473,Qwen2.5-7B-Instruct-Q4_K_M.gguf,5027.03,3.24639,0.0,0.0
1780417221.931686,Qwen2.5-7B-Instruct-Q4_K_M.gguf,5027.03,3.25608,0.0,0.0
1780417222.438762,Qwen2.5-7B-Instruct-Q4_K_M.gguf,5027.03,3.36546,0.0,0.0
1780417222.945514,Qwen2.5-7B-Instruct-Q4_K_M.gguf,5027.03,3.31731,0.0,0.0
1780417225.11295,Qwen2.5-7B-Instruct-Q4_K_M.gguf,5022.89,3.18112,0.0,0.0
1780417225.619761,Qwen2.5-7B-Instruct-Q4_K_M.gguf,5022.91,2.32744,0.0,0.0
1780417226.1263978,Qwen2.5-7B-Instruct-Q4_K_M.gguf,5022.92,3.07392,0.0,0.0
1780417226.632541,Qwen2.5-7B-Instruct-Q4_K_M.gguf,5022.94,3.53444,0.0,0.0
1780417227.139963,Qwen2.5-7B-Instruct-Q4_K_M.gguf,5022.95,3.5103899999999997,0.0,0.0
1780417227.6466072,Qwen2.5-7B-Instruct-Q4_K_M.gguf,5022.97,3.36224,0.0,0.0
1780417228.1537018,Qwen2.5-7B-Instruct-Q4_K_M.gguf,5022.97,3.26459,0.0,0.0
1780417228.660414,Qwen2.5-7B-Instruct-Q4_K_M.gguf,5022.97,3.32819,0.0,0.0
1780417229.167064,Qwen2.5-7B-Instruct-Q4_K_M.gguf,5022.95,3.2843,0.0,0.0
1780417229.67435,Qwen2.5-7B-Instruct-Q4_K_M.gguf,5022.95,2.99742,0.0,0.0
1780417230.181165,Qwen2.5-7B-Instruct-Q4_K_M.gguf,5022.95,3.12609,0.0,0.0
1780417230.688301,Qwen2.5-7B-Instruct-Q4_K_M.gguf,5022.95,3.3303499999999997,0.0,0.0
1780417231.195252,Qwen2.5-7B-Instruct-Q4_K_M.gguf,5022.95,3.26537,0.0,0.0
1780417231.702375,Qwen2.5-7B-Instruct-Q4_K_M.gguf,5022.95,3.01699,0.0,0.0
1780417232.2095392,Qwen2.5-7B-Instruct-Q4_K_M.gguf,5022.95,3.2170900000000002,0.0,0.0
1780417232.716567,Qwen2.5-7B-Instruct-Q4_K_M.gguf,5022.95,3.3226999999999998,0.0,0.0
1780417233.223955,Qwen2.5-7B-Instruct-Q4_K_M.gguf,5022.95,3.27298,0.0,0.0
1780417233.7308888,Qwen2.5-7B-Instruct-Q4_K_M.gguf,5022.95,3.39675,0.0,0.0
1780417234.238652,Qwen2.5-7B-Instruct-Q4_K_M.gguf,5022.95,3.1023899999999998,0.0,0.0
1780417234.745077,Qwen2.5-7B-Instruct-Q4_K_M.gguf,5022.95,3.10442,0.0,0.0
1780417235.252351,Qwen2.5-7B-Instruct-Q4_K_M.gguf,5022.95,3.3359699999999997,0.0,0.0
1780417235.75932,Qwen2.5-7B-Instruct-Q4_K_M.gguf,5022.95,3.31064,0.0,0.0
1780417236.265996,Qwen2.5-7B-Instruct-Q4_K_M.gguf,5022.95,3.3468299999999997,0.0,0.0
1780417236.7735748,Qwen2.5-7B-Instruct-Q4_K_M.gguf,5022.97,3.06866,0.0,0.0
1780417237.280236,Qwen2.5-7B-Instruct-Q4_K_M.gguf,5022.97,3.27941,0.0,0.0
1780417237.7873778,Qwen2.5-7B-Instruct-Q4_K_M.gguf,5022.97,3.1098000000000003,0.0,0.0
1780417238.2943811,Qwen2.5-7B-Instruct-Q4_K_M.gguf,5022.97,3.4172399999999996,0.0,0.0
1780417238.801468,Qwen2.5-7B-Instruct-Q4_K_M.gguf,5022.97,3.15334,0.0,0.0
1780417239.308519,Qwen2.5-7B-Instruct-Q4_K_M.gguf,5022.97,3.0682600000000004,0.0,0.0
1780417239.815527,Qwen2.5-7B-Instruct-Q4_K_M.gguf,5022.97,3.44154,0.0,0.0
1780417240.3229198,Qwen2.5-7B-Instruct-Q4_K_M.gguf,5022.97,3.2006300000000003,0.0,0.0
1780417240.82974,Qwen2.5-7B-Instruct-Q4_K_M.gguf,5022.97,3.24619,0.0,0.0
1780417241.337109,Qwen2.5-7B-Instruct-Q4_K_M.gguf,5022.97,3.23802,0.0,0.0
1780417241.844874,Qwen2.5-7B-Instruct-Q4_K_M.gguf,5022.97,3.18113,0.0,0.0
1780417242.3509371,Qwen2.5-7B-Instruct-Q4_K_M.gguf,5022.97,3.4918299999999998,0.0,0.0
1780417242.8678038,Qwen2.5-7B-Instruct-Q4_K_M.gguf,112.55,3.10064,0.0,0.0
1780417245.037306,Qwen2.5-7B-Instruct-Q4_K_M.gguf,5022.48,4.46611,0.0,0.0
1780417245.544411,Qwen2.5-7B-Instruct-Q4_K_M.gguf,5022.48,2.9849099999999997,0.0,0.0
1780417246.051203,Qwen2.5-7B-Instruct-Q4_K_M.gguf,5022.52,3.18775,0.0,0.0
1780417246.558654,Qwen2.5-7B-Instruct-Q4_K_M.gguf,5022.53,3.29952,0.0,0.0
1780417247.065672,Qwen2.5-7B-Instruct-Q4_K_M.gguf,5022.55,3.2952399999999997,0.0,0.0
1780417247.572958,Qwen2.5-7B-Instruct-Q4_K_M.gguf,5022.55,3.20939,0.0,0.0
1780417248.079956,Qwen2.5-7B-Instruct-Q4_K_M.gguf,5022.55,3.39298,0.0,0.0
1780417248.5874481,Qwen2.5-7B-Instruct-Q4_K_M.gguf,5022.56,3.1441500000000002,0.0,0.0
1780417249.094358,Qwen2.5-7B-Instruct-Q4_K_M.gguf,5022.55,3.06821,0.0,0.0
1780417249.6012611,Qwen2.5-7B-Instruct-Q4_K_M.gguf,5022.55,3.41673,0.0,0.0
1780417250.108563,Qwen2.5-7B-Instruct-Q4_K_M.gguf,5022.55,3.17042,0.0,0.0
1780417250.615594,Qwen2.5-7B-Instruct-Q4_K_M.gguf,5022.55,3.3665599999999998,0.0,0.0
1780417251.122672,Qwen2.5-7B-Instruct-Q4_K_M.gguf,5022.55,3.2371399999999997,0.0,0.0
1780417251.629357,Qwen2.5-7B-Instruct-Q4_K_M.gguf,5022.55,3.32627,0.0,0.0
1780417252.13644,Qwen2.5-7B-Instruct-Q4_K_M.gguf,5022.55,3.33801,0.0,0.0
1780417252.643357,Qwen2.5-7B-Instruct-Q4_K_M.gguf,5022.55,3.02262,0.0,0.0
1780417253.150005,Qwen2.5-7B-Instruct-Q4_K_M.gguf,5022.55,3.2505100000000002,0.0,0.0
1780417253.657163,Qwen2.5-7B-Instruct-Q4_K_M.gguf,5022.55,3.19965,0.0,0.0
1780417254.1641011,Qwen2.5-7B-Instruct-Q4_K_M.gguf,5022.55,3.50209,0.0,0.0
1780417254.671576,Qwen2.5-7B-Instruct-Q4_K_M.gguf,5022.55,2.95621,0.0,0.0
1780417255.178159,Qwen2.5-7B-Instruct-Q4_K_M.gguf,5022.56,3.14994,0.0,0.0
1780417255.685251,Qwen2.5-7B-Instruct-Q4_K_M.gguf,5022.56,3.1288,0.0,0.0
1780417256.1924322,Qwen2.5-7B-Instruct-Q4_K_M.gguf,5022.56,3.46981,0.0,0.0
1780417256.699382,Qwen2.5-7B-Instruct-Q4_K_M.gguf,5022.56,2.96503,0.0,0.0
1780417257.2066402,Qwen2.5-7B-Instruct-Q4_K_M.gguf,5022.56,3.39456,0.0,0.0
1780417257.713516,Qwen2.5-7B-Instruct-Q4_K_M.gguf,5022.56,3.3508899999999997,0.0,0.0
1780417258.220737,Qwen2.5-7B-Instruct-Q4_K_M.gguf,5022.56,3.16785,0.0,0.0
1780417258.7277539,Qwen2.5-7B-Instruct-Q4_K_M.gguf,5022.56,3.14351,0.0,0.0
1780417259.234499,Qwen2.5-7B-Instruct-Q4_K_M.gguf,5022.56,3.20213,0.0,0.0
1780417259.741467,Qwen2.5-7B-Instruct-Q4_K_M.gguf,5022.56,3.17217,0.0,0.0
1780417260.248545,Qwen2.5-7B-Instruct-Q4_K_M.gguf,5022.56,3.32873,0.0,0.0
1780417260.75568,Qwen2.5-7B-Instruct-Q4_K_M.gguf,5022.56,3.32396,0.0,0.0
1780417261.262906,Qwen2.5-7B-Instruct-Q4_K_M.gguf,5022.56,3.3796,0.0,0.0
1780417261.7703419,Qwen2.5-7B-Instruct-Q4_K_M.gguf,5022.56,3.2799899999999997,0.0,0.0
1780417262.275198,Qwen2.5-7B-Instruct-Q4_K_M.gguf,5022.56,3.12954,0.0,0.0
1780417264.499868,Qwen2.5-7B-Instruct-Q4_K_M.gguf,5005.98,3.76795,0.0,0.0
1780417265.0073862,Qwen2.5-7B-Instruct-Q4_K_M.gguf,5006.0,2.57378,0.0,0.0
1780417265.513839,Qwen2.5-7B-Instruct-Q4_K_M.gguf,5006.03,3.17547,0.0,0.0
1780417266.020604,Qwen2.5-7B-Instruct-Q4_K_M.gguf,5006.06,3.2942600000000004,0.0,0.0
1780417266.5275872,Qwen2.5-7B-Instruct-Q4_K_M.gguf,5006.06,3.4853400000000003,0.0,0.0
1780417267.034486,Qwen2.5-7B-Instruct-Q4_K_M.gguf,5006.08,3.12163,0.0,0.0
1780417267.541484,Qwen2.5-7B-Instruct-Q4_K_M.gguf,5006.08,3.3236999999999997,0.0,0.0
1780417268.0484731,Qwen2.5-7B-Instruct-Q4_K_M.gguf,5006.08,3.6240799999999997,0.0,0.0
1780417268.5557141,Qwen2.5-7B-Instruct-Q4_K_M.gguf,5006.03,3.33975,0.0,0.0
1780417269.06219,Qwen2.5-7B-Instruct-Q4_K_M.gguf,5006.03,3.2540999999999998,0.0,0.0
1780417269.568465,Qwen2.5-7B-Instruct-Q4_K_M.gguf,5006.03,2.97449,0.0,0.0
1780417270.0764039,Qwen2.5-7B-Instruct-Q4_K_M.gguf,5006.03,3.31386,0.0,0.0
1780417270.583162,Qwen2.5-7B-Instruct-Q4_K_M.gguf,5006.03,3.03859,0.0,0.0
1780417271.0903099,Qwen2.5-7B-Instruct-Q4_K_M.gguf,5006.03,3.2407199999999996,0.0,0.0
1780417271.5968618,Qwen2.5-7B-Instruct-Q4_K_M.gguf,5006.03,3.40494,0.0,0.0
1780417272.103967,Qwen2.5-7B-Instruct-Q4_K_M.gguf,5006.03,3.1085700000000003,0.0,0.0
1780417272.6108139,Qwen2.5-7B-Instruct-Q4_K_M.gguf,5006.03,3.00056,0.0,0.0
1780417273.117873,Qwen2.5-7B-Instruct-Q4_K_M.gguf,5006.03,3.26987,0.0,0.0
1780417273.624806,Qwen2.5-7B-Instruct-Q4_K_M.gguf,5006.03,3.18347,0.0,0.0
1780417274.1317928,Qwen2.5-7B-Instruct-Q4_K_M.gguf,5006.03,3.28022,0.0,0.0
1780417274.639144,Qwen2.5-7B-Instruct-Q4_K_M.gguf,5006.03,3.0123,0.0,0.0
1780417275.146063,Qwen2.5-7B-Instruct-Q4_K_M.gguf,5006.03,3.45267,0.0,0.0
1780417275.65284,Qwen2.5-7B-Instruct-Q4_K_M.gguf,5006.03,3.0083800000000003,0.0,0.0
1780417276.1599832,Qwen2.5-7B-Instruct-Q4_K_M.gguf,5006.05,3.36997,0.0,0.0
1780417276.66668,Qwen2.5-7B-Instruct-Q4_K_M.gguf,5006.05,3.1114499999999996,0.0,0.0
1780417277.1744168,Qwen2.5-7B-Instruct-Q4_K_M.gguf,5006.05,3.19396,0.0,0.0
1780417277.681302,Qwen2.5-7B-Instruct-Q4_K_M.gguf,5006.05,3.28423,0.0,0.0
1780417278.188131,Qwen2.5-7B-Instruct-Q4_K_M.gguf,5006.05,3.41203,0.0,0.0
1780417278.6952,Qwen2.5-7B-Instruct-Q4_K_M.gguf,5006.05,3.16217,0.0,0.0
1780417279.202061,Qwen2.5-7B-Instruct-Q4_K_M.gguf,5006.05,3.36216,0.0,0.0
1780417279.709406,Qwen2.5-7B-Instruct-Q4_K_M.gguf,5006.05,3.0791399999999998,0.0,0.0
1780417280.2163389,Qwen2.5-7B-Instruct-Q4_K_M.gguf,5006.05,3.47953,0.0,0.0
1780417280.723457,Qwen2.5-7B-Instruct-Q4_K_M.gguf,5006.05,3.2248200000000002,0.0,0.0
1780417281.230328,Qwen2.5-7B-Instruct-Q4_K_M.gguf,5006.05,3.2007399999999997,0.0,0.0
1780417281.737597,Qwen2.5-7B-Instruct-Q4_K_M.gguf,5006.05,3.1898,0.0,0.0
1780417282.24455,Qwen2.5-7B-Instruct-Q4_K_M.gguf,5006.05,3.1831,0.0,0.0
1780417284.4677591,Qwen2.5-7B-Instruct-Q4_K_M.gguf,5006.94,3.68768,0.0,0.0
1780417284.974002,Qwen2.5-7B-Instruct-Q4_K_M.gguf,5006.94,2.4869,0.0,0.0
1780417285.481003,Qwen2.5-7B-Instruct-Q4_K_M.gguf,5006.94,3.33729,0.0,0.0
1780417285.987888,Qwen2.5-7B-Instruct-Q4_K_M.gguf,5006.94,3.26534,0.0,0.0
1780417286.494504,Qwen2.5-7B-Instruct-Q4_K_M.gguf,5006.94,3.74642,0.0,0.0
1780417287.001344,Qwen2.5-7B-Instruct-Q4_K_M.gguf,5006.95,3.1504899999999996,0.0,0.0
1780417287.508877,Qwen2.5-7B-Instruct-Q4_K_M.gguf,5006.95,3.26934,0.0,0.0
1780417288.015584,Qwen2.5-7B-Instruct-Q4_K_M.gguf,5006.95,3.13742,0.0,0.0
1780417288.52264,Qwen2.5-7B-Instruct-Q4_K_M.gguf,5006.91,3.14223,0.0,0.0
1780417289.029603,Qwen2.5-7B-Instruct-Q4_K_M.gguf,5006.91,3.3787,0.0,0.0
1780417289.53646,Qwen2.5-7B-Instruct-Q4_K_M.gguf,5006.91,2.98915,0.0,0.0
1780417290.044152,Qwen2.5-7B-Instruct-Q4_K_M.gguf,5006.91,3.34219,0.0,0.0
1780417290.5508292,Qwen2.5-7B-Instruct-Q4_K_M.gguf,5006.91,2.98514,0.0,0.0
1780417291.057429,Qwen2.5-7B-Instruct-Q4_K_M.gguf,5006.91,3.2157,0.0,0.0
1780417291.564524,Qwen2.5-7B-Instruct-Q4_K_M.gguf,5006.91,3.2883899999999997,0.0,0.0
1780417292.0717812,Qwen2.5-7B-Instruct-Q4_K_M.gguf,5006.91,2.91533,0.0,0.0
1780417292.578573,Qwen2.5-7B-Instruct-Q4_K_M.gguf,5006.91,3.20553,0.0,0.0
1780417293.085921,Qwen2.5-7B-Instruct-Q4_K_M.gguf,5006.91,3.2148600000000003,0.0,0.0
1780417293.5929248,Qwen2.5-7B-Instruct-Q4_K_M.gguf,5006.91,3.43946,0.0,0.0
1780417294.098915,Qwen2.5-7B-Instruct-Q4_K_M.gguf,5006.91,3.3251999999999997,0.0,0.0
1780417294.606741,Qwen2.5-7B-Instruct-Q4_K_M.gguf,5006.91,3.03392,0.0,0.0
1780417295.113615,Qwen2.5-7B-Instruct-Q4_K_M.gguf,5006.91,2.97657,0.0,0.0
1780417295.618804,Qwen2.5-7B-Instruct-Q4_K_M.gguf,5006.91,3.24647,0.0,0.0
1780417296.124279,Qwen2.5-7B-Instruct-Q4_K_M.gguf,5006.92,3.10425,0.0,0.0
1780417296.631165,Qwen2.5-7B-Instruct-Q4_K_M.gguf,5006.92,3.35985,0.0,0.0
1780417297.138643,Qwen2.5-7B-Instruct-Q4_K_M.gguf,5006.92,3.11452,0.0,0.0
1780417297.6458628,Qwen2.5-7B-Instruct-Q4_K_M.gguf,5006.92,3.87172,0.0,0.0
1780417298.152948,Qwen2.5-7B-Instruct-Q4_K_M.gguf,5006.92,2.93695,0.0,0.0
1780417298.660901,Qwen2.5-7B-Instruct-Q4_K_M.gguf,5006.92,3.1278699999999997,0.0,0.0
1780417299.167354,Qwen2.5-7B-Instruct-Q4_K_M.gguf,5006.92,2.9788200000000002,0.0,0.0
1780417299.6743062,Qwen2.5-7B-Instruct-Q4_K_M.gguf,5006.92,3.55116,0.0,0.0
1780417300.1813319,Qwen2.5-7B-Instruct-Q4_K_M.gguf,5006.92,3.18705,0.0,0.0
1780417300.688425,Qwen2.5-7B-Instruct-Q4_K_M.gguf,5006.92,3.15467,0.0,0.0
1780417301.195531,Qwen2.5-7B-Instruct-Q4_K_M.gguf,5006.92,3.12319,0.0,0.0
1780417301.702288,Qwen2.5-7B-Instruct-Q4_K_M.gguf,5006.92,3.1628499999999997,0.0,0.0
1780417302.209502,Qwen2.5-7B-Instruct-Q4_K_M.gguf,5006.92,3.30153,0.0,0.0
1780417304.513021,Qwen2.5-7B-Instruct-Q4_K_M.gguf,5014.45,3.55946,0.0,0.0
1780417305.0196779,Qwen2.5-7B-Instruct-Q4_K_M.gguf,5014.45,2.92151,0.0,0.0
1780417305.527091,Qwen2.5-7B-Instruct-Q4_K_M.gguf,5014.47,3.13994,0.0,0.0
1780417306.034113,Qwen2.5-7B-Instruct-Q4_K_M.gguf,5014.47,3.26,0.0,0.0
1780417306.5412102,Qwen2.5-7B-Instruct-Q4_K_M.gguf,5014.47,3.17116,0.0,0.0
1780417307.048576,Qwen2.5-7B-Instruct-Q4_K_M.gguf,5014.47,3.56643,0.0,0.0
1780417307.55563,Qwen2.5-7B-Instruct-Q4_K_M.gguf,5014.47,3.55303,0.0,0.0
1780417308.062637,Qwen2.5-7B-Instruct-Q4_K_M.gguf,5014.47,3.33372,0.0,0.0
1780417308.569736,Qwen2.5-7B-Instruct-Q4_K_M.gguf,5014.42,2.9174,0.0,0.0
1780417309.076788,Qwen2.5-7B-Instruct-Q4_K_M.gguf,5014.42,2.98683,0.0,0.0
1780417309.5833201,Qwen2.5-7B-Instruct-Q4_K_M.gguf,5014.42,2.95119,0.0,0.0
1780417310.090771,Qwen2.5-7B-Instruct-Q4_K_M.gguf,5014.42,3.44328,0.0,0.0
1780417310.597725,Qwen2.5-7B-Instruct-Q4_K_M.gguf,5014.42,3.49892,0.0,0.0
1780417311.104606,Qwen2.5-7B-Instruct-Q4_K_M.gguf,5014.42,3.0678,0.0,0.0
1780417311.6117911,Qwen2.5-7B-Instruct-Q4_K_M.gguf,5014.42,3.29961,0.0,0.0
1780417312.119039,Qwen2.5-7B-Instruct-Q4_K_M.gguf,5014.42,3.0851599999999997,0.0,0.0
1780417312.6266172,Qwen2.5-7B-Instruct-Q4_K_M.gguf,5014.42,3.20185,0.0,0.0
1780417313.133667,Qwen2.5-7B-Instruct-Q4_K_M.gguf,5014.42,3.23366,0.0,0.0
1780417313.641346,Qwen2.5-7B-Instruct-Q4_K_M.gguf,5014.42,3.10461,0.0,0.0
1780417314.148632,Qwen2.5-7B-Instruct-Q4_K_M.gguf,5014.42,3.1301799999999997,0.0,0.0
1780417314.655829,Qwen2.5-7B-Instruct-Q4_K_M.gguf,5014.42,3.30207,0.0,0.0
1780417315.1623769,Qwen2.5-7B-Instruct-Q4_K_M.gguf,5014.42,3.3224899999999997,0.0,0.0
1780417315.669854,Qwen2.5-7B-Instruct-Q4_K_M.gguf,5014.42,3.09898,0.0,0.0
1780417316.176928,Qwen2.5-7B-Instruct-Q4_K_M.gguf,5014.42,3.6231199999999997,0.0,0.0
1780417316.683604,Qwen2.5-7B-Instruct-Q4_K_M.gguf,5014.42,3.5090500000000002,0.0,0.0
1780417317.190625,Qwen2.5-7B-Instruct-Q4_K_M.gguf,5014.42,3.3239699999999996,0.0,0.0
1780417317.6975942,Qwen2.5-7B-Instruct-Q4_K_M.gguf,5014.42,3.22342,0.0,0.0
1780417318.204494,Qwen2.5-7B-Instruct-Q4_K_M.gguf,5014.42,2.94279,0.0,0.0
1780417318.711494,Qwen2.5-7B-Instruct-Q4_K_M.gguf,5014.42,2.97022,0.0,0.0
1780417319.218333,Qwen2.5-7B-Instruct-Q4_K_M.gguf,5014.42,3.10557,0.0,0.0
1780417319.725324,Qwen2.5-7B-Instruct-Q4_K_M.gguf,5014.42,3.22215,0.0,0.0
1780417320.231904,Qwen2.5-7B-Instruct-Q4_K_M.gguf,5014.42,3.15948,0.0,0.0
1780417320.737977,Qwen2.5-7B-Instruct-Q4_K_M.gguf,5014.42,3.0733800000000002,0.0,0.0
1780417321.2445061,Qwen2.5-7B-Instruct-Q4_K_M.gguf,5014.42,3.23212,0.0,0.0
1780417321.751339,Qwen2.5-7B-Instruct-Q4_K_M.gguf,5014.42,3.36144,0.0,0.0
1780417322.266783,Qwen2.5-7B-Instruct-Q4_K_M.gguf,104.03,3.08157,0.0,0.0
1780417324.342837,Qwen2.5-7B-Instruct-Q4_K_M.gguf,5005.75,3.57694,0.0,0.0
1780417324.849082,Qwen2.5-7B-Instruct-Q4_K_M.gguf,5005.77,2.41302,0.0,0.0
1780417325.35644,Qwen2.5-7B-Instruct-Q4_K_M.gguf,5005.83,3.15794,0.0,0.0
1780417325.863101,Qwen2.5-7B-Instruct-Q4_K_M.gguf,5005.84,3.38571,0.0,0.0
1780417326.3700962,Qwen2.5-7B-Instruct-Q4_K_M.gguf,5005.84,3.21992,0.0,0.0
1780417326.877412,Qwen2.5-7B-Instruct-Q4_K_M.gguf,5005.86,3.29565,0.0,0.0
1780417327.3841841,Qwen2.5-7B-Instruct-Q4_K_M.gguf,5005.86,3.5677399999999997,0.0,0.0
1780417327.891278,Qwen2.5-7B-Instruct-Q4_K_M.gguf,5005.86,3.00419,0.0,0.0
1780417328.398315,Qwen2.5-7B-Instruct-Q4_K_M.gguf,5005.84,3.24435,0.0,0.0
1780417328.905049,Qwen2.5-7B-Instruct-Q4_K_M.gguf,5005.84,3.08431,0.0,0.0
1780417329.412269,Qwen2.5-7B-Instruct-Q4_K_M.gguf,5005.84,3.1696500000000003,0.0,0.0
1780417329.919264,Qwen2.5-7B-Instruct-Q4_K_M.gguf,5005.84,3.3886399999999997,0.0,0.0
1780417330.426493,Qwen2.5-7B-Instruct-Q4_K_M.gguf,5005.84,3.21415,0.0,0.0
1780417330.933277,Qwen2.5-7B-Instruct-Q4_K_M.gguf,5005.84,3.09931,0.0,0.0
1780417331.440732,Qwen2.5-7B-Instruct-Q4_K_M.gguf,5005.84,3.14552,0.0,0.0
1780417331.947422,Qwen2.5-7B-Instruct-Q4_K_M.gguf,5005.84,3.20221,0.0,0.0
1780417332.454983,Qwen2.5-7B-Instruct-Q4_K_M.gguf,5005.84,3.28315,0.0,0.0
1780417332.961726,Qwen2.5-7B-Instruct-Q4_K_M.gguf,5005.84,3.03704,0.0,0.0
1780417333.46842,Qwen2.5-7B-Instruct-Q4_K_M.gguf,5005.84,3.44728,0.0,0.0
1780417333.9761019,Qwen2.5-7B-Instruct-Q4_K_M.gguf,5005.84,3.149,0.0,0.0
1780417334.4832342,Qwen2.5-7B-Instruct-Q4_K_M.gguf,5005.84,3.23968,0.0,0.0
1780417334.9900239,Qwen2.5-7B-Instruct-Q4_K_M.gguf,5005.84,3.18784,0.0,0.0
1780417335.4971101,Qwen2.5-7B-Instruct-Q4_K_M.gguf,5005.84,3.41305,0.0,0.0
1780417336.004148,Qwen2.5-7B-Instruct-Q4_K_M.gguf,5005.84,3.17358,0.0,0.0
1780417336.510795,Qwen2.5-7B-Instruct-Q4_K_M.gguf,5005.84,3.20765,0.0,0.0
1780417337.018055,Qwen2.5-7B-Instruct-Q4_K_M.gguf,5005.84,3.22343,0.0,0.0
1780417337.525782,Qwen2.5-7B-Instruct-Q4_K_M.gguf,5005.84,5.334020000000001,0.0,0.0
1780417338.032505,Qwen2.5-7B-Instruct-Q4_K_M.gguf,5005.84,3.34644,0.0,0.0
1780417338.539401,Qwen2.5-7B-Instruct-Q4_K_M.gguf,5005.84,2.83176,0.0,0.0
1780417339.046247,Qwen2.5-7B-Instruct-Q4_K_M.gguf,5005.84,3.23054,0.0,0.0
1780417339.553086,Qwen2.5-7B-Instruct-Q4_K_M.gguf,5005.84,3.08718,0.0,0.0
1780417340.0601852,Qwen2.5-7B-Instruct-Q4_K_M.gguf,5005.84,3.03438,0.0,0.0
1780417340.567053,Qwen2.5-7B-Instruct-Q4_K_M.gguf,5005.84,3.1664499999999998,0.0,0.0
1780417341.074235,Qwen2.5-7B-Instruct-Q4_K_M.gguf,5005.84,3.48078,0.0,0.0
1780417341.5812302,Qwen2.5-7B-Instruct-Q4_K_M.gguf,5005.86,3.2746999999999997,0.0,0.0
1780417342.0891001,Qwen2.5-7B-Instruct-Q4_K_M.gguf,5005.86,3.32898,0.0,0.0
1780417344.350528,Qwen2.5-7B-Instruct-Q4_K_M.gguf,5008.66,3.59033,0.0,0.0
1780417344.857931,Qwen2.5-7B-Instruct-Q4_K_M.gguf,5008.66,2.59766,0.0,0.0
1780417345.364249,Qwen2.5-7B-Instruct-Q4_K_M.gguf,5008.66,3.11794,0.0,0.0
1780417345.871464,Qwen2.5-7B-Instruct-Q4_K_M.gguf,5008.66,3.3539499999999998,0.0,0.0
1780417346.378307,Qwen2.5-7B-Instruct-Q4_K_M.gguf,5008.66,3.4176100000000003,0.0,0.0
1780417346.885387,Qwen2.5-7B-Instruct-Q4_K_M.gguf,5008.66,3.3350999999999997,0.0,0.0
1780417347.392318,Qwen2.5-7B-Instruct-Q4_K_M.gguf,5008.66,3.30814,0.0,0.0
1780417347.8990731,Qwen2.5-7B-Instruct-Q4_K_M.gguf,5008.66,3.30096,0.0,0.0
1780417348.406058,Qwen2.5-7B-Instruct-Q4_K_M.gguf,5008.66,3.2469699999999997,0.0,0.0
1780417348.912732,Qwen2.5-7B-Instruct-Q4_K_M.gguf,5008.66,3.4733,0.0,0.0
1780417349.419826,Qwen2.5-7B-Instruct-Q4_K_M.gguf,5008.66,3.2733000000000003,0.0,0.0
1780417349.926852,Qwen2.5-7B-Instruct-Q4_K_M.gguf,5008.66,2.94348,0.0,0.0
1780417350.4335968,Qwen2.5-7B-Instruct-Q4_K_M.gguf,5008.66,3.4616,0.0,0.0
1780417350.94083,Qwen2.5-7B-Instruct-Q4_K_M.gguf,5008.66,3.0175300000000003,0.0,0.0
1780417351.4478872,Qwen2.5-7B-Instruct-Q4_K_M.gguf,5008.66,3.12401,0.0,0.0
1780417351.955318,Qwen2.5-7B-Instruct-Q4_K_M.gguf,5008.66,3.32621,0.0,0.0
1780417352.462124,Qwen2.5-7B-Instruct-Q4_K_M.gguf,5008.67,3.02711,0.0,0.0
1780417352.968943,Qwen2.5-7B-Instruct-Q4_K_M.gguf,5008.67,3.15224,0.0,0.0
1780417353.476324,Qwen2.5-7B-Instruct-Q4_K_M.gguf,5008.67,3.1081999999999996,0.0,0.0
1780417353.983083,Qwen2.5-7B-Instruct-Q4_K_M.gguf,5008.67,3.4497,0.0,0.0
1780417354.490714,Qwen2.5-7B-Instruct-Q4_K_M.gguf,5008.67,3.29311,0.0,0.0
1780417354.997312,Qwen2.5-7B-Instruct-Q4_K_M.gguf,5008.67,3.18426,0.0,0.0
1780417355.504637,Qwen2.5-7B-Instruct-Q4_K_M.gguf,5008.67,3.08203,0.0,0.0
1780417356.0117812,Qwen2.5-7B-Instruct-Q4_K_M.gguf,5008.67,3.20521,0.0,0.0
1780417356.518241,Qwen2.5-7B-Instruct-Q4_K_M.gguf,5008.67,3.20838,0.0,0.0
1780417357.0253272,Qwen2.5-7B-Instruct-Q4_K_M.gguf,5008.67,3.45032,0.0,0.0
1780417357.532199,Qwen2.5-7B-Instruct-Q4_K_M.gguf,5008.67,3.42992,0.0,0.0
1780417358.039139,Qwen2.5-7B-Instruct-Q4_K_M.gguf,5008.67,3.09285,0.0,0.0
1780417358.546036,Qwen2.5-7B-Instruct-Q4_K_M.gguf,5008.67,3.20022,0.0,0.0
1780417359.053364,Qwen2.5-7B-Instruct-Q4_K_M.gguf,5008.67,3.26437,0.0,0.0
1780417359.56028,Qwen2.5-7B-Instruct-Q4_K_M.gguf,5008.67,3.26268,0.0,0.0
1780417360.067393,Qwen2.5-7B-Instruct-Q4_K_M.gguf,5008.67,3.48958,0.0,0.0
1780417360.5745122,Qwen2.5-7B-Instruct-Q4_K_M.gguf,5008.67,3.17307,0.0,0.0
1780417361.0813298,Qwen2.5-7B-Instruct-Q4_K_M.gguf,5008.67,3.03736,0.0,0.0
1780417361.588767,Qwen2.5-7B-Instruct-Q4_K_M.gguf,5008.67,2.9977199999999997,0.0,0.0
1780417362.108402,Qwen2.5-7B-Instruct-Q4_K_M.gguf,98.28,3.33961,0.0,0.0
1780417364.220195,Qwen2.5-7B-Instruct-Q4_K_M.gguf,5005.89,4.62247,0.0,0.0
1780417364.726801,Qwen2.5-7B-Instruct-Q4_K_M.gguf,5005.91,2.8664,0.0,0.0
1780417365.2338612,Qwen2.5-7B-Instruct-Q4_K_M.gguf,5005.91,3.35466,0.0,0.0
1780417365.740716,Qwen2.5-7B-Instruct-Q4_K_M.gguf,5005.91,3.14887,0.0,0.0
1780417366.2477682,Qwen2.5-7B-Instruct-Q4_K_M.gguf,5005.92,3.29967,0.0,0.0
1780417366.753029,Qwen2.5-7B-Instruct-Q4_K_M.gguf,5005.92,3.08876,0.0,0.0
1780417367.2599611,Qwen2.5-7B-Instruct-Q4_K_M.gguf,5005.92,3.26533,0.0,0.0
1780417367.7670872,Qwen2.5-7B-Instruct-Q4_K_M.gguf,5005.92,3.18594,0.0,0.0
1780417368.2746959,Qwen2.5-7B-Instruct-Q4_K_M.gguf,5005.88,3.3776100000000002,0.0,0.0
1780417368.781303,Qwen2.5-7B-Instruct-Q4_K_M.gguf,5005.88,3.524,0.0,0.0
1780417369.288477,Qwen2.5-7B-Instruct-Q4_K_M.gguf,5005.88,3.17958,0.0,0.0
1780417369.795347,Qwen2.5-7B-Instruct-Q4_K_M.gguf,5005.89,3.3413000000000004,0.0,0.0
1780417370.3005068,Qwen2.5-7B-Instruct-Q4_K_M.gguf,5005.91,3.16173,0.0,0.0
1780417370.807861,Qwen2.5-7B-Instruct-Q4_K_M.gguf,5005.91,3.23198,0.0,0.0
1780417371.3147311,Qwen2.5-7B-Instruct-Q4_K_M.gguf,5005.91,3.28155,0.0,0.0
1780417371.822111,Qwen2.5-7B-Instruct-Q4_K_M.gguf,5005.91,3.01494,0.0,0.0
1780417372.32891,Qwen2.5-7B-Instruct-Q4_K_M.gguf,5005.91,3.12954,0.0,0.0
1780417372.8358772,Qwen2.5-7B-Instruct-Q4_K_M.gguf,5005.91,3.2255,0.0,0.0
1780417373.3428621,Qwen2.5-7B-Instruct-Q4_K_M.gguf,5005.91,3.3625,0.0,0.0
1780417373.849848,Qwen2.5-7B-Instruct-Q4_K_M.gguf,5005.91,3.29349,0.0,0.0
1780417374.356884,Qwen2.5-7B-Instruct-Q4_K_M.gguf,5005.91,3.20085,0.0,0.0
1780417374.8636138,Qwen2.5-7B-Instruct-Q4_K_M.gguf,5005.91,3.3372100000000002,0.0,0.0
1780417375.3705978,Qwen2.5-7B-Instruct-Q4_K_M.gguf,5005.91,3.18813,0.0,0.0
1780417375.877494,Qwen2.5-7B-Instruct-Q4_K_M.gguf,5005.91,3.0976999999999997,0.0,0.0
1780417376.3845272,Qwen2.5-7B-Instruct-Q4_K_M.gguf,5005.91,3.48136,0.0,0.0
1780417376.8917482,Qwen2.5-7B-Instruct-Q4_K_M.gguf,5005.91,3.2985900000000004,0.0,0.0
1780417377.3983948,Qwen2.5-7B-Instruct-Q4_K_M.gguf,5005.91,3.33242,0.0,0.0
1780417377.905452,Qwen2.5-7B-Instruct-Q4_K_M.gguf,5005.91,3.1985799999999998,0.0,0.0
1780417378.412363,Qwen2.5-7B-Instruct-Q4_K_M.gguf,5005.91,3.66827,0.0,0.0
1780417378.919234,Qwen2.5-7B-Instruct-Q4_K_M.gguf,5005.91,3.18453,0.0,0.0
1780417379.426579,Qwen2.5-7B-Instruct-Q4_K_M.gguf,5005.91,3.07778,0.0,0.0
1780417379.933534,Qwen2.5-7B-Instruct-Q4_K_M.gguf,5005.91,2.91446,0.0,0.0
1780417380.440566,Qwen2.5-7B-Instruct-Q4_K_M.gguf,5005.91,3.2725,0.0,0.0
1780417380.9474912,Qwen2.5-7B-Instruct-Q4_K_M.gguf,5005.91,3.1182399999999997,0.0,0.0
1780417381.455173,Qwen2.5-7B-Instruct-Q4_K_M.gguf,5005.91,3.41828,0.0,0.0
1780417393.9112802,qwen2.5-3b-instruct-q4_k_m.gguf,2119.06,5.722090000000001,0.0,0.0
1780417394.41769,qwen2.5-3b-instruct-q4_k_m.gguf,2119.06,3.1967800000000004,0.0,0.0
1780417394.9251049,qwen2.5-3b-instruct-q4_k_m.gguf,2119.08,2.43065,0.0,0.0
1780417395.431666,qwen2.5-3b-instruct-q4_k_m.gguf,2119.08,2.6113600000000003,0.0,0.0
1780417395.938619,qwen2.5-3b-instruct-q4_k_m.gguf,2119.08,2.80187,0.0,0.0
1780417396.4450738,qwen2.5-3b-instruct-q4_k_m.gguf,2119.09,2.85656,0.0,0.0
1780417396.9520268,qwen2.5-3b-instruct-q4_k_m.gguf,2119.09,3.4054499999999996,0.0,0.0
1780417397.4588969,qwen2.5-3b-instruct-q4_k_m.gguf,2119.09,3.0110300000000003,0.0,0.0
1780417397.965981,qwen2.5-3b-instruct-q4_k_m.gguf,2119.05,3.3738200000000003,0.0,0.0
1780417398.4735491,qwen2.5-3b-instruct-q4_k_m.gguf,2119.06,3.48168,0.0,0.0
1780417398.980093,qwen2.5-3b-instruct-q4_k_m.gguf,2119.06,3.3081,0.0,0.0
1780417399.486964,qwen2.5-3b-instruct-q4_k_m.gguf,2119.06,3.30579,0.0,0.0
1780417399.9941912,qwen2.5-3b-instruct-q4_k_m.gguf,2119.06,2.96581,0.0,0.0
1780417400.500848,qwen2.5-3b-instruct-q4_k_m.gguf,2119.06,3.46044,0.0,0.0
1780417402.734953,qwen2.5-3b-instruct-q4_k_m.gguf,2118.47,2.7408,0.0,0.0
1780417403.241413,qwen2.5-3b-instruct-q4_k_m.gguf,2118.47,2.17746,0.0,0.0
1780417403.748539,qwen2.5-3b-instruct-q4_k_m.gguf,2118.47,2.6927399999999997,0.0,0.0
1780417404.254831,qwen2.5-3b-instruct-q4_k_m.gguf,2118.47,2.98844,0.0,0.0
1780417404.761847,qwen2.5-3b-instruct-q4_k_m.gguf,2118.47,3.40659,0.0,0.0
1780417405.268972,qwen2.5-3b-instruct-q4_k_m.gguf,2118.48,3.4092,0.0,0.0
1780417405.776054,qwen2.5-3b-instruct-q4_k_m.gguf,2118.48,3.31957,0.0,0.0
1780417406.283306,qwen2.5-3b-instruct-q4_k_m.gguf,2118.47,3.92163,0.0,0.0
1780417406.790211,qwen2.5-3b-instruct-q4_k_m.gguf,2118.47,3.21179,0.0,0.0
1780417407.296913,qwen2.5-3b-instruct-q4_k_m.gguf,2118.47,3.1061900000000002,0.0,0.0
1780417407.8038988,qwen2.5-3b-instruct-q4_k_m.gguf,2118.47,3.09691,0.0,0.0
1780417408.310787,qwen2.5-3b-instruct-q4_k_m.gguf,2118.47,3.12763,0.0,0.0
1780417408.818057,qwen2.5-3b-instruct-q4_k_m.gguf,2118.48,3.28454,0.0,0.0
1780417409.325048,qwen2.5-3b-instruct-q4_k_m.gguf,2118.5,3.0964,0.0,0.0
1780417409.831926,qwen2.5-3b-instruct-q4_k_m.gguf,2118.5,3.48659,0.0,0.0
1780417411.934012,qwen2.5-3b-instruct-q4_k_m.gguf,2118.45,2.9139,0.0,0.0
1780417412.440609,qwen2.5-3b-instruct-q4_k_m.gguf,2118.45,2.32794,0.0,0.0
1780417412.94787,qwen2.5-3b-instruct-q4_k_m.gguf,2118.45,2.85817,0.0,0.0
1780417413.454357,qwen2.5-3b-instruct-q4_k_m.gguf,2118.45,2.86604,0.0,0.0
1780417413.960808,qwen2.5-3b-instruct-q4_k_m.gguf,2118.45,3.26051,0.0,0.0
1780417414.467749,qwen2.5-3b-instruct-q4_k_m.gguf,2118.45,3.53931,0.0,0.0
1780417414.974689,qwen2.5-3b-instruct-q4_k_m.gguf,2118.47,3.1828000000000003,0.0,0.0
1780417415.482016,qwen2.5-3b-instruct-q4_k_m.gguf,2118.47,3.35846,0.0,0.0
1780417415.989295,qwen2.5-3b-instruct-q4_k_m.gguf,2118.47,3.4578,0.0,0.0
1780417416.495748,qwen2.5-3b-instruct-q4_k_m.gguf,2118.47,3.42812,0.0,0.0
1780417417.002817,qwen2.5-3b-instruct-q4_k_m.gguf,2118.47,3.28733,0.0,0.0
1780417417.5096052,qwen2.5-3b-instruct-q4_k_m.gguf,2118.47,3.38068,0.0,0.0
1780417418.016329,qwen2.5-3b-instruct-q4_k_m.gguf,2118.47,3.16106,0.0,0.0
1780417418.5238621,qwen2.5-3b-instruct-q4_k_m.gguf,2118.48,3.2832399999999997,0.0,0.0
1780417419.030995,qwen2.5-3b-instruct-q4_k_m.gguf,2118.48,3.67339,0.0,0.0
1780417421.2240891,qwen2.5-3b-instruct-q4_k_m.gguf,2135.25,2.57523,0.0,0.0
1780417421.730688,qwen2.5-3b-instruct-q4_k_m.gguf,2135.27,2.11756,0.0,0.0
1780417422.238024,qwen2.5-3b-instruct-q4_k_m.gguf,2135.27,2.52302,0.0,0.0
1780417422.744023,qwen2.5-3b-instruct-q4_k_m.gguf,2135.31,3.0723200000000004,0.0,0.0
1780417423.250748,qwen2.5-3b-instruct-q4_k_m.gguf,2135.31,3.3511599999999997,0.0,0.0
1780417423.7578838,qwen2.5-3b-instruct-q4_k_m.gguf,2135.31,3.67394,0.0,0.0
1780417424.264939,qwen2.5-3b-instruct-q4_k_m.gguf,2135.31,3.27271,0.0,0.0
1780417424.772425,qwen2.5-3b-instruct-q4_k_m.gguf,2135.31,3.14024,0.0,0.0
1780417425.279262,qwen2.5-3b-instruct-q4_k_m.gguf,2135.42,3.51854,0.0,0.0
1780417425.786561,qwen2.5-3b-instruct-q4_k_m.gguf,2135.44,3.23331,0.0,0.0
1780417426.293378,qwen2.5-3b-instruct-q4_k_m.gguf,2135.44,3.3099499999999997,0.0,0.0
1780417426.8001978,qwen2.5-3b-instruct-q4_k_m.gguf,2135.44,3.4358,0.0,0.0
1780417427.307161,qwen2.5-3b-instruct-q4_k_m.gguf,2135.44,3.3192399999999997,0.0,0.0
1780417427.8140318,qwen2.5-3b-instruct-q4_k_m.gguf,2135.44,3.45918,0.0,0.0
1780417428.32145,qwen2.5-3b-instruct-q4_k_m.gguf,114.12,3.11229,0.0,0.0
1780417430.4371269,qwen2.5-3b-instruct-q4_k_m.gguf,2134.62,3.11288,0.0,0.0
1780417430.944747,qwen2.5-3b-instruct-q4_k_m.gguf,2134.64,2.5067399999999997,0.0,0.0
1780417431.451924,qwen2.5-3b-instruct-q4_k_m.gguf,2134.64,2.57552,0.0,0.0
1780417431.958404,qwen2.5-3b-instruct-q4_k_m.gguf,2134.64,3.10412,0.0,0.0
1780417432.4654112,qwen2.5-3b-instruct-q4_k_m.gguf,2134.64,3.21629,0.0,0.0
1780417432.972553,qwen2.5-3b-instruct-q4_k_m.gguf,2134.64,3.18248,0.0,0.0
1780417433.47921,qwen2.5-3b-instruct-q4_k_m.gguf,2134.64,3.51648,0.0,0.0
1780417433.986123,qwen2.5-3b-instruct-q4_k_m.gguf,2134.62,3.56442,0.0,0.0
1780417434.49193,qwen2.5-3b-instruct-q4_k_m.gguf,2134.62,3.19681,0.0,0.0
1780417434.998431,qwen2.5-3b-instruct-q4_k_m.gguf,2134.62,3.6558,0.0,0.0
1780417435.5055912,qwen2.5-3b-instruct-q4_k_m.gguf,2134.62,3.30609,0.0,0.0
1780417436.0122051,qwen2.5-3b-instruct-q4_k_m.gguf,2134.62,3.25487,0.0,0.0
1780417436.5194318,qwen2.5-3b-instruct-q4_k_m.gguf,2134.62,3.50562,0.0,0.0
1780417437.025918,qwen2.5-3b-instruct-q4_k_m.gguf,2134.62,3.64278,0.0,0.0
1780417437.533428,qwen2.5-3b-instruct-q4_k_m.gguf,113.34,3.396,0.0,0.0
1780417439.783048,qwen2.5-3b-instruct-q4_k_m.gguf,2132.23,3.3064,0.0,0.0
1780417440.290386,qwen2.5-3b-instruct-q4_k_m.gguf,2132.23,2.47337,0.0,0.0
1780417440.797533,qwen2.5-3b-instruct-q4_k_m.gguf,2132.23,2.78341,0.0,0.0
1780417441.30475,qwen2.5-3b-instruct-q4_k_m.gguf,2132.23,3.01504,0.0,0.0
1780417441.811266,qwen2.5-3b-instruct-q4_k_m.gguf,2132.27,3.1101799999999997,0.0,0.0
1780417442.318326,qwen2.5-3b-instruct-q4_k_m.gguf,2132.27,3.62464,0.0,0.0
1780417442.8253849,qwen2.5-3b-instruct-q4_k_m.gguf,2132.27,3.16266,0.0,0.0
1780417443.3323379,qwen2.5-3b-instruct-q4_k_m.gguf,2132.25,3.41747,0.0,0.0
1780417443.8396611,qwen2.5-3b-instruct-q4_k_m.gguf,2132.25,3.22623,0.0,0.0
1780417444.3466408,qwen2.5-3b-instruct-q4_k_m.gguf,2132.25,3.47309,0.0,0.0
1780417444.853378,qwen2.5-3b-instruct-q4_k_m.gguf,2132.25,3.23903,0.0,0.0
1780417445.360428,qwen2.5-3b-instruct-q4_k_m.gguf,2132.25,3.41066,0.0,0.0
1780417445.8670511,qwen2.5-3b-instruct-q4_k_m.gguf,2132.25,3.5733800000000002,0.0,0.0
1780417446.374028,qwen2.5-3b-instruct-q4_k_m.gguf,2132.25,3.3591100000000003,0.0,0.0
1780417446.889152,qwen2.5-3b-instruct-q4_k_m.gguf,110.94,3.4907600000000003,0.0,0.0
1780417448.877766,qwen2.5-3b-instruct-q4_k_m.gguf,2124.59,3.40218,0.0,0.0
1780417449.384466,qwen2.5-3b-instruct-q4_k_m.gguf,2124.59,2.6387199999999997,0.0,0.0
1780417449.891844,qwen2.5-3b-instruct-q4_k_m.gguf,2124.59,2.8419899999999996,0.0,0.0
1780417450.397084,qwen2.5-3b-instruct-q4_k_m.gguf,2124.59,2.91603,0.0,0.0
1780417450.9037719,qwen2.5-3b-instruct-q4_k_m.gguf,2124.59,3.09913,0.0,0.0
1780417451.410924,qwen2.5-3b-instruct-q4_k_m.gguf,2124.59,3.39945,0.0,0.0
1780417451.917656,qwen2.5-3b-instruct-q4_k_m.gguf,2124.59,3.52238,0.0,0.0
1780417452.4246242,qwen2.5-3b-instruct-q4_k_m.gguf,2124.59,3.15404,0.0,0.0
1780417452.931596,qwen2.5-3b-instruct-q4_k_m.gguf,2124.58,3.57667,0.0,0.0
1780417453.438533,qwen2.5-3b-instruct-q4_k_m.gguf,2124.58,3.44039,0.0,0.0
1780417453.9453819,qwen2.5-3b-instruct-q4_k_m.gguf,2124.58,3.49295,0.0,0.0
1780417454.452341,qwen2.5-3b-instruct-q4_k_m.gguf,2124.58,3.16124,0.0,0.0
1780417454.9595368,qwen2.5-3b-instruct-q4_k_m.gguf,2124.58,3.39407,0.0,0.0
1780417455.466385,qwen2.5-3b-instruct-q4_k_m.gguf,2124.59,3.40355,0.0,0.0
1780417455.982003,qwen2.5-3b-instruct-q4_k_m.gguf,103.31,3.30288,0.0,0.0
1780417458.119081,qwen2.5-3b-instruct-q4_k_m.gguf,2136.75,3.71686,0.0,0.0
1780417458.625956,qwen2.5-3b-instruct-q4_k_m.gguf,2136.75,2.50882,0.0,0.0
1780417459.132278,qwen2.5-3b-instruct-q4_k_m.gguf,2136.75,2.71087,0.0,0.0
1780417459.639342,qwen2.5-3b-instruct-q4_k_m.gguf,2136.75,3.11784,0.0,0.0
1780417460.146173,qwen2.5-3b-instruct-q4_k_m.gguf,2136.75,3.22708,0.0,0.0
1780417460.6537,qwen2.5-3b-instruct-q4_k_m.gguf,2136.77,3.17337,0.0,0.0
1780417461.1598358,qwen2.5-3b-instruct-q4_k_m.gguf,2136.77,3.43182,0.0,0.0
1780417461.666825,qwen2.5-3b-instruct-q4_k_m.gguf,2136.75,3.47997,0.0,0.0
1780417462.173901,qwen2.5-3b-instruct-q4_k_m.gguf,2136.75,3.28149,0.0,0.0
1780417462.6808379,qwen2.5-3b-instruct-q4_k_m.gguf,2136.75,3.15143,0.0,0.0
1780417463.187658,qwen2.5-3b-instruct-q4_k_m.gguf,2136.75,3.5027399999999997,0.0,0.0
1780417463.694825,qwen2.5-3b-instruct-q4_k_m.gguf,2136.75,3.51496,0.0,0.0
1780417464.2013729,qwen2.5-3b-instruct-q4_k_m.gguf,2136.75,3.70754,0.0,0.0
1780417464.708407,qwen2.5-3b-instruct-q4_k_m.gguf,2136.75,3.25082,0.0,0.0
1780417466.8922591,qwen2.5-3b-instruct-q4_k_m.gguf,2133.12,2.4154,0.0,0.0
1780417467.398616,qwen2.5-3b-instruct-q4_k_m.gguf,2133.14,2.64235,0.0,0.0
1780417467.905337,qwen2.5-3b-instruct-q4_k_m.gguf,2133.14,2.57734,0.0,0.0
1780417468.411933,qwen2.5-3b-instruct-q4_k_m.gguf,2133.14,3.10262,0.0,0.0
1780417468.9187899,qwen2.5-3b-instruct-q4_k_m.gguf,2133.14,3.43004,0.0,0.0
1780417469.425809,qwen2.5-3b-instruct-q4_k_m.gguf,2133.14,3.16257,0.0,0.0
1780417469.932619,qwen2.5-3b-instruct-q4_k_m.gguf,2133.14,3.72126,0.0,0.0
1780417470.439463,qwen2.5-3b-instruct-q4_k_m.gguf,2133.14,3.36908,0.0,0.0
1780417470.946441,qwen2.5-3b-instruct-q4_k_m.gguf,2133.14,3.4001900000000003,0.0,0.0
1780417471.453805,qwen2.5-3b-instruct-q4_k_m.gguf,2133.16,3.38866,0.0,0.0
1780417471.9606981,qwen2.5-3b-instruct-q4_k_m.gguf,2133.16,3.10231,0.0,0.0
1780417472.467475,qwen2.5-3b-instruct-q4_k_m.gguf,2133.17,3.2715500000000004,0.0,0.0
1780417472.972908,qwen2.5-3b-instruct-q4_k_m.gguf,2133.17,3.40031,0.0,0.0
1780417473.4778519,qwen2.5-3b-instruct-q4_k_m.gguf,2133.17,3.61704,0.0,0.0
1780417473.984725,qwen2.5-3b-instruct-q4_k_m.gguf,111.89,3.105,0.0,0.0
1780417476.110611,qwen2.5-3b-instruct-q4_k_m.gguf,2135.25,3.19379,0.0,0.0
1780417476.617286,qwen2.5-3b-instruct-q4_k_m.gguf,2135.25,2.5292800000000004,0.0,0.0
1780417477.122674,qwen2.5-3b-instruct-q4_k_m.gguf,2135.25,2.4620900000000003,0.0,0.0
1780417477.6292741,qwen2.5-3b-instruct-q4_k_m.gguf,2135.3,2.97079,0.0,0.0
1780417478.1360629,qwen2.5-3b-instruct-q4_k_m.gguf,2135.3,3.3635,0.0,0.0
1780417478.6430469,qwen2.5-3b-instruct-q4_k_m.gguf,2135.3,3.33079,0.0,0.0
1780417479.150411,qwen2.5-3b-instruct-q4_k_m.gguf,2135.41,3.3707399999999996,0.0,0.0
1780417479.657205,qwen2.5-3b-instruct-q4_k_m.gguf,2135.41,3.3380900000000002,0.0,0.0
1780417480.163947,qwen2.5-3b-instruct-q4_k_m.gguf,2135.41,3.4314,0.0,0.0
1780417480.671232,qwen2.5-3b-instruct-q4_k_m.gguf,2135.42,3.15612,0.0,0.0
1780417481.179672,qwen2.5-3b-instruct-q4_k_m.gguf,2135.42,3.58476,0.0,0.0
1780417481.686343,qwen2.5-3b-instruct-q4_k_m.gguf,2135.42,3.48367,0.0,0.0
1780417482.193608,qwen2.5-3b-instruct-q4_k_m.gguf,2135.42,3.03522,0.0,0.0
1780417482.7001688,qwen2.5-3b-instruct-q4_k_m.gguf,2135.42,3.31934,0.0,0.0
1780417483.21761,qwen2.5-3b-instruct-q4_k_m.gguf,114.16,3.40224,0.0,0.0
1780417521.583997,qwen2.5-3b-instruct-q4_k_m.gguf,2182.22,5.09747,0.0,0.0
1780417522.091189,qwen2.5-3b-instruct-q4_k_m.gguf,2182.22,2.7283600000000003,0.0,0.0
1780417522.598036,qwen2.5-3b-instruct-q4_k_m.gguf,2182.22,2.65844,0.0,0.0
1780417523.105165,qwen2.5-3b-instruct-q4_k_m.gguf,2182.23,2.351,0.0,0.0
1780417523.611597,qwen2.5-3b-instruct-q4_k_m.gguf,2182.23,3.1104499999999997,0.0,0.0
1780417524.118631,qwen2.5-3b-instruct-q4_k_m.gguf,2182.23,3.24848,0.0,0.0
1780417524.6254468,qwen2.5-3b-instruct-q4_k_m.gguf,2182.23,3.44701,0.0,0.0
1780417525.132216,qwen2.5-3b-instruct-q4_k_m.gguf,2182.22,3.90874,0.0,0.0
1780417525.639937,qwen2.5-3b-instruct-q4_k_m.gguf,2182.22,3.4318299999999997,0.0,0.0
1780417526.146635,qwen2.5-3b-instruct-q4_k_m.gguf,2182.23,3.57005,0.0,0.0
1780417526.653428,qwen2.5-3b-instruct-q4_k_m.gguf,2182.25,3.5089,0.0,0.0
1780417527.1606982,qwen2.5-3b-instruct-q4_k_m.gguf,2182.25,3.40963,0.0,0.0
1780417527.6674712,qwen2.5-3b-instruct-q4_k_m.gguf,2182.25,3.0941,0.0,0.0
1780417528.1742342,qwen2.5-3b-instruct-q4_k_m.gguf,2182.27,3.56211,0.0,0.0
1780417530.3299918,qwen2.5-3b-instruct-q4_k_m.gguf,2177.42,3.44457,0.0,0.0
1780417530.837164,qwen2.5-3b-instruct-q4_k_m.gguf,2177.42,2.45242,0.0,0.0
1780417531.344002,qwen2.5-3b-instruct-q4_k_m.gguf,2177.42,2.6898400000000002,0.0,0.0
1780417531.85103,qwen2.5-3b-instruct-q4_k_m.gguf,2177.42,3.06518,0.0,0.0
1780417532.357803,qwen2.5-3b-instruct-q4_k_m.gguf,2177.42,3.26342,0.0,0.0
1780417532.8636029,qwen2.5-3b-instruct-q4_k_m.gguf,2177.44,3.4135500000000003,0.0,0.0
1780417533.370616,qwen2.5-3b-instruct-q4_k_m.gguf,2177.44,3.65003,0.0,0.0
1780417533.877384,qwen2.5-3b-instruct-q4_k_m.gguf,2177.44,3.61852,0.0,0.0
1780417534.3843882,qwen2.5-3b-instruct-q4_k_m.gguf,2177.42,3.4239699999999997,0.0,0.0
1780417534.89165,qwen2.5-3b-instruct-q4_k_m.gguf,2177.42,3.3815999999999997,0.0,0.0
1780417535.398196,qwen2.5-3b-instruct-q4_k_m.gguf,2177.42,3.3694699999999997,0.0,0.0
1780417535.905437,qwen2.5-3b-instruct-q4_k_m.gguf,2177.42,3.29779,0.0,0.0
1780417536.412292,qwen2.5-3b-instruct-q4_k_m.gguf,2177.42,3.30116,0.0,0.0
1780417536.919224,qwen2.5-3b-instruct-q4_k_m.gguf,2177.42,3.3584,0.0,0.0
1780417539.10866,qwen2.5-3b-instruct-q4_k_m.gguf,2191.52,2.87443,0.0,0.0
1780417539.61501,qwen2.5-3b-instruct-q4_k_m.gguf,2191.52,2.5064699999999998,0.0,0.0
1780417540.121928,qwen2.5-3b-instruct-q4_k_m.gguf,2191.52,2.62523,0.0,0.0
1780417540.628884,qwen2.5-3b-instruct-q4_k_m.gguf,2191.53,2.93619,0.0,0.0
1780417541.1355982,qwen2.5-3b-instruct-q4_k_m.gguf,2191.53,3.5649,0.0,0.0
1780417541.6426282,qwen2.5-3b-instruct-q4_k_m.gguf,2191.53,3.38589,0.0,0.0
1780417542.1498811,qwen2.5-3b-instruct-q4_k_m.gguf,2191.55,3.57544,0.0,0.0
1780417542.656383,qwen2.5-3b-instruct-q4_k_m.gguf,2191.53,3.5873600000000003,0.0,0.0
1780417543.1631181,qwen2.5-3b-instruct-q4_k_m.gguf,2191.53,3.52398,0.0,0.0
1780417543.6703029,qwen2.5-3b-instruct-q4_k_m.gguf,2191.53,3.09306,0.0,0.0
1780417544.17717,qwen2.5-3b-instruct-q4_k_m.gguf,2191.53,3.33284,0.0,0.0
1780417544.684334,qwen2.5-3b-instruct-q4_k_m.gguf,2191.53,3.32414,0.0,0.0
1780417545.191605,qwen2.5-3b-instruct-q4_k_m.gguf,2191.53,3.2329499999999998,0.0,0.0
1780417545.6986492,qwen2.5-3b-instruct-q4_k_m.gguf,2191.53,3.32308,0.0,0.0
1780417547.8455129,qwen2.5-3b-instruct-q4_k_m.gguf,2199.12,2.5674,0.0,0.0
1780417548.3520262,qwen2.5-3b-instruct-q4_k_m.gguf,2199.12,2.39667,0.0,0.0
1780417548.859627,qwen2.5-3b-instruct-q4_k_m.gguf,2199.12,2.56343,0.0,0.0
1780417549.366049,qwen2.5-3b-instruct-q4_k_m.gguf,2199.12,3.1526199999999998,0.0,0.0
1780417549.872908,qwen2.5-3b-instruct-q4_k_m.gguf,2199.12,3.36512,0.0,0.0
1780417550.38005,qwen2.5-3b-instruct-q4_k_m.gguf,2199.12,3.74175,0.0,0.0
1780417550.886826,qwen2.5-3b-instruct-q4_k_m.gguf,2199.12,3.4870300000000003,0.0,0.0
1780417551.393737,qwen2.5-3b-instruct-q4_k_m.gguf,2199.11,3.3996999999999997,0.0,0.0
1780417551.900439,qwen2.5-3b-instruct-q4_k_m.gguf,2199.11,3.42917,0.0,0.0
1780417552.407564,qwen2.5-3b-instruct-q4_k_m.gguf,2199.11,3.55904,0.0,0.0
1780417552.914581,qwen2.5-3b-instruct-q4_k_m.gguf,2199.11,3.57631,0.0,0.0
1780417553.421833,qwen2.5-3b-instruct-q4_k_m.gguf,2199.12,3.03702,0.0,0.0
1780417553.928685,qwen2.5-3b-instruct-q4_k_m.gguf,2199.12,3.37254,0.0,0.0
1780417554.435406,qwen2.5-3b-instruct-q4_k_m.gguf,2199.12,3.2518200000000004,0.0,0.0
1780417554.9509609,qwen2.5-3b-instruct-q4_k_m.gguf,123.84,3.36557,0.0,0.0
1780417557.043659,qwen2.5-3b-instruct-q4_k_m.gguf,2174.09,3.57448,0.0,0.0
1780417557.550293,qwen2.5-3b-instruct-q4_k_m.gguf,2174.11,2.53513,0.0,0.0
1780417558.058437,qwen2.5-3b-instruct-q4_k_m.gguf,2174.11,2.5654899999999996,0.0,0.0
1780417558.5650392,qwen2.5-3b-instruct-q4_k_m.gguf,2174.11,2.96764,0.0,0.0
1780417559.072483,qwen2.5-3b-instruct-q4_k_m.gguf,2174.12,3.4305700000000003,0.0,0.0
1780417559.579724,qwen2.5-3b-instruct-q4_k_m.gguf,2174.12,3.6975100000000003,0.0,0.0
1780417560.086695,qwen2.5-3b-instruct-q4_k_m.gguf,2174.12,3.4471,0.0,0.0
1780417560.592761,qwen2.5-3b-instruct-q4_k_m.gguf,2174.08,3.51975,0.0,0.0
1780417561.0996768,qwen2.5-3b-instruct-q4_k_m.gguf,2174.09,3.35279,0.0,0.0
1780417561.606873,qwen2.5-3b-instruct-q4_k_m.gguf,2174.09,3.30263,0.0,0.0
1780417562.1137202,qwen2.5-3b-instruct-q4_k_m.gguf,2174.09,3.26323,0.0,0.0
1780417562.6208582,qwen2.5-3b-instruct-q4_k_m.gguf,2174.09,3.18832,0.0,0.0
1780417563.127744,qwen2.5-3b-instruct-q4_k_m.gguf,2174.09,3.45543,0.0,0.0
1780417563.6348832,qwen2.5-3b-instruct-q4_k_m.gguf,2174.09,3.56669,0.0,0.0
1780417565.9104052,qwen2.5-3b-instruct-q4_k_m.gguf,2180.41,2.92421,0.0,0.0
1780417566.41591,qwen2.5-3b-instruct-q4_k_m.gguf,2180.41,2.40675,0.0,0.0
1780417566.922997,qwen2.5-3b-instruct-q4_k_m.gguf,2180.41,2.73024,0.0,0.0
1780417567.4295418,qwen2.5-3b-instruct-q4_k_m.gguf,2180.41,3.22748,0.0,0.0
1780417567.936534,qwen2.5-3b-instruct-q4_k_m.gguf,2180.41,3.4723800000000002,0.0,0.0
1780417568.442283,qwen2.5-3b-instruct-q4_k_m.gguf,2180.42,3.50809,0.0,0.0
1780417568.94931,qwen2.5-3b-instruct-q4_k_m.gguf,2180.42,3.6126199999999997,0.0,0.0
1780417569.456497,qwen2.5-3b-instruct-q4_k_m.gguf,2180.38,3.1133699999999997,0.0,0.0
1780417569.963423,qwen2.5-3b-instruct-q4_k_m.gguf,2180.38,3.55449,0.0,0.0
1780417570.4710321,qwen2.5-3b-instruct-q4_k_m.gguf,2180.38,3.4744200000000003,0.0,0.0
1780417570.977684,qwen2.5-3b-instruct-q4_k_m.gguf,2180.38,3.24023,0.0,0.0
1780417571.4847429,qwen2.5-3b-instruct-q4_k_m.gguf,2180.38,3.29686,0.0,0.0
1780417571.9918451,qwen2.5-3b-instruct-q4_k_m.gguf,2180.38,3.39119,0.0,0.0
1780417572.4986,qwen2.5-3b-instruct-q4_k_m.gguf,2180.38,3.22823,0.0,0.0
1780417574.534652,qwen2.5-3b-instruct-q4_k_m.gguf,2179.95,2.79223,0.0,0.0
1780417575.041562,qwen2.5-3b-instruct-q4_k_m.gguf,2179.95,2.27455,0.0,0.0
1780417575.548109,qwen2.5-3b-instruct-q4_k_m.gguf,2179.97,2.86686,0.0,0.0
1780417576.0549812,qwen2.5-3b-instruct-q4_k_m.gguf,2179.97,3.0443000000000002,0.0,0.0
1780417576.5618,qwen2.5-3b-instruct-q4_k_m.gguf,2179.97,3.2508000000000004,0.0,0.0
1780417577.0693939,qwen2.5-3b-instruct-q4_k_m.gguf,2179.97,3.47223,0.0,0.0
1780417577.576632,qwen2.5-3b-instruct-q4_k_m.gguf,2179.97,3.85316,0.0,0.0
1780417578.0833778,qwen2.5-3b-instruct-q4_k_m.gguf,2179.97,3.30031,0.0,0.0
1780417578.590313,qwen2.5-3b-instruct-q4_k_m.gguf,2179.97,3.5298000000000003,0.0,0.0
1780417579.0974212,qwen2.5-3b-instruct-q4_k_m.gguf,2179.97,3.3617399999999997,0.0,0.0
1780417579.60479,qwen2.5-3b-instruct-q4_k_m.gguf,2179.97,3.60621,0.0,0.0
1780417580.111829,qwen2.5-3b-instruct-q4_k_m.gguf,2179.97,3.32333,0.0,0.0
1780417580.618964,qwen2.5-3b-instruct-q4_k_m.gguf,2179.97,3.0832100000000002,0.0,0.0
1780417581.125758,qwen2.5-3b-instruct-q4_k_m.gguf,2179.97,3.4308400000000003,0.0,0.0
1780417581.632877,qwen2.5-3b-instruct-q4_k_m.gguf,104.69,3.34081,0.0,0.0
1780417583.743433,qwen2.5-3b-instruct-q4_k_m.gguf,2172.78,3.45606,0.0,0.0
1780417584.2497652,qwen2.5-3b-instruct-q4_k_m.gguf,2172.78,2.37742,0.0,0.0
1780417584.757139,qwen2.5-3b-instruct-q4_k_m.gguf,2172.78,2.56566,0.0,0.0
1780417585.2638478,qwen2.5-3b-instruct-q4_k_m.gguf,2172.78,2.95314,0.0,0.0
1780417585.770991,qwen2.5-3b-instruct-q4_k_m.gguf,2172.8,3.23039,0.0,0.0
1780417586.2777228,qwen2.5-3b-instruct-q4_k_m.gguf,2172.81,3.76332,0.0,0.0
1780417586.784479,qwen2.5-3b-instruct-q4_k_m.gguf,2172.81,3.2454,0.0,0.0
1780417587.291719,qwen2.5-3b-instruct-q4_k_m.gguf,2172.81,3.552,0.0,0.0
1780417587.799252,qwen2.5-3b-instruct-q4_k_m.gguf,2172.81,3.48213,0.0,0.0
1780417588.30589,qwen2.5-3b-instruct-q4_k_m.gguf,2172.81,3.2905900000000003,0.0,0.0
1780417588.812626,qwen2.5-3b-instruct-q4_k_m.gguf,2172.81,3.41173,0.0,0.0
1780417589.319764,qwen2.5-3b-instruct-q4_k_m.gguf,2172.81,3.52337,0.0,0.0
1780417589.826764,qwen2.5-3b-instruct-q4_k_m.gguf,2172.81,3.27723,0.0,0.0
1780417590.3335512,qwen2.5-3b-instruct-q4_k_m.gguf,2172.81,3.58788,0.0,0.0
1780417590.840496,qwen2.5-3b-instruct-q4_k_m.gguf,97.53,3.35423,0.0,0.0
1780417592.971572,qwen2.5-3b-instruct-q4_k_m.gguf,2176.55,3.21189,0.0,0.0
1780417593.4786491,qwen2.5-3b-instruct-q4_k_m.gguf,2176.55,2.27253,0.0,0.0
1780417593.984648,qwen2.5-3b-instruct-q4_k_m.gguf,2176.55,2.74752,0.0,0.0
1780417594.491294,qwen2.5-3b-instruct-q4_k_m.gguf,2176.55,2.94759,0.0,0.0
1780417594.998175,qwen2.5-3b-instruct-q4_k_m.gguf,2176.55,3.21429,0.0,0.0
1780417595.503596,qwen2.5-3b-instruct-q4_k_m.gguf,2176.55,3.43161,0.0,0.0
1780417596.0103521,qwen2.5-3b-instruct-q4_k_m.gguf,2176.55,3.44114,0.0,0.0
1780417596.517369,qwen2.5-3b-instruct-q4_k_m.gguf,2176.53,3.31971,0.0,0.0
1780417597.024584,qwen2.5-3b-instruct-q4_k_m.gguf,2176.53,3.4183499999999998,0.0,0.0
1780417597.5322912,qwen2.5-3b-instruct-q4_k_m.gguf,2176.53,3.1417800000000002,0.0,0.0
1780417598.038656,qwen2.5-3b-instruct-q4_k_m.gguf,2176.53,3.36363,0.0,0.0
1780417598.545831,qwen2.5-3b-instruct-q4_k_m.gguf,2176.53,3.13781,0.0,0.0
1780417599.052612,qwen2.5-3b-instruct-q4_k_m.gguf,2176.53,3.38665,0.0,0.0
1780417599.5597599,qwen2.5-3b-instruct-q4_k_m.gguf,2176.53,3.5018800000000003,0.0,0.0
1780417601.8189309,qwen2.5-3b-instruct-q4_k_m.gguf,2193.89,2.67949,0.0,0.0
1780417602.3258529,qwen2.5-3b-instruct-q4_k_m.gguf,2193.89,2.27414,0.0,0.0
1780417602.831916,qwen2.5-3b-instruct-q4_k_m.gguf,2193.89,2.75692,0.0,0.0
1780417603.339138,qwen2.5-3b-instruct-q4_k_m.gguf,2193.89,3.29156,0.0,0.0
1780417603.846213,qwen2.5-3b-instruct-q4_k_m.gguf,2193.89,3.19185,0.0,0.0
1780417604.3534322,qwen2.5-3b-instruct-q4_k_m.gguf,2193.89,3.37791,0.0,0.0
1780417604.860667,qwen2.5-3b-instruct-q4_k_m.gguf,2193.89,3.62643,0.0,0.0
1780417605.367135,qwen2.5-3b-instruct-q4_k_m.gguf,2193.88,3.1905,0.0,0.0
1780417605.874465,qwen2.5-3b-instruct-q4_k_m.gguf,2193.89,3.4396799999999996,0.0,0.0
1780417606.381074,qwen2.5-3b-instruct-q4_k_m.gguf,2193.89,3.36042,0.0,0.0
1780417606.8882508,qwen2.5-3b-instruct-q4_k_m.gguf,2193.89,3.22369,0.0,0.0
1780417607.395509,qwen2.5-3b-instruct-q4_k_m.gguf,2193.89,4.41,0.0,0.0
1780417607.902844,qwen2.5-3b-instruct-q4_k_m.gguf,2193.89,3.3023800000000003,0.0,0.0
1780417608.409539,qwen2.5-3b-instruct-q4_k_m.gguf,2193.89,3.1048,0.0,0.0
1780417608.916648,qwen2.5-3b-instruct-q4_k_m.gguf,1582.0,3.30708,0.0,0.0
1780417784.670966,qwen2.5-3b-instruct-q4_k_m.gguf,2418.41,3.25885,0.0,0.0
1780417785.1765099,qwen2.5-3b-instruct-q4_k_m.gguf,2418.41,2.27728,0.0,0.0
1780417785.6830661,qwen2.5-3b-instruct-q4_k_m.gguf,2418.41,2.27873,0.0,0.0
1780417786.1894798,qwen2.5-3b-instruct-q4_k_m.gguf,2418.41,2.90346,0.0,0.0
1780417786.695366,qwen2.5-3b-instruct-q4_k_m.gguf,2418.41,3.50773,0.0,0.0
1780417787.2011049,qwen2.5-3b-instruct-q4_k_m.gguf,2418.41,3.64002,0.0,0.0
1780417787.7073312,qwen2.5-3b-instruct-q4_k_m.gguf,2418.41,3.66434,0.0,0.0
1780417788.213938,qwen2.5-3b-instruct-q4_k_m.gguf,2418.41,3.51735,0.0,0.0
1780417788.719449,qwen2.5-3b-instruct-q4_k_m.gguf,2418.41,3.7614,0.0,0.0
1780417789.225247,qwen2.5-3b-instruct-q4_k_m.gguf,2418.41,3.83636,0.0,0.0
1780417789.7311392,qwen2.5-3b-instruct-q4_k_m.gguf,2418.41,3.49448,0.0,0.0
1780417790.243722,qwen2.5-3b-instruct-q4_k_m.gguf,2418.47,3.65017,0.0,0.0
1780417790.7464058,qwen2.5-3b-instruct-q4_k_m.gguf,2418.67,3.68888,0.0,0.0
1780417791.252079,qwen2.5-3b-instruct-q4_k_m.gguf,2418.67,3.59232,0.0,0.0
1780417791.758154,qwen2.5-3b-instruct-q4_k_m.gguf,2418.67,3.6915,0.0,0.0
1780417792.264063,qwen2.5-3b-instruct-q4_k_m.gguf,2418.67,3.84697,0.0,0.0
1780417794.732018,qwen2.5-3b-instruct-q4_k_m.gguf,2405.88,3.0815,0.0,0.0
1780417795.2383602,qwen2.5-3b-instruct-q4_k_m.gguf,2405.89,2.64791,0.0,0.0
1780417795.745739,qwen2.5-3b-instruct-q4_k_m.gguf,2405.97,2.87421,0.0,0.0
1780417796.251668,qwen2.5-3b-instruct-q4_k_m.gguf,2405.97,3.82742,0.0,0.0
1780417796.757677,qwen2.5-3b-instruct-q4_k_m.gguf,2405.98,3.36032,0.0,0.0
1780417797.2631512,qwen2.5-3b-instruct-q4_k_m.gguf,2405.98,3.3065900000000004,0.0,0.0
1780417797.7697039,qwen2.5-3b-instruct-q4_k_m.gguf,2405.98,3.495,0.0,0.0
1780417798.275903,qwen2.5-3b-instruct-q4_k_m.gguf,2405.98,3.4551399999999997,0.0,0.0
1780417798.781687,qwen2.5-3b-instruct-q4_k_m.gguf,2405.98,3.38436,0.0,0.0
1780417799.287829,qwen2.5-3b-instruct-q4_k_m.gguf,2405.98,2.95383,0.0,0.0
1780417799.7928588,qwen2.5-3b-instruct-q4_k_m.gguf,2405.98,3.75704,0.0,0.0
1780417800.299812,qwen2.5-3b-instruct-q4_k_m.gguf,2406.28,4.31784,0.0,0.0
1780417800.8058639,qwen2.5-3b-instruct-q4_k_m.gguf,2406.28,3.80883,0.0,0.0
1780417801.312254,qwen2.5-3b-instruct-q4_k_m.gguf,2406.23,3.51885,0.0,0.0
1780417801.818174,qwen2.5-3b-instruct-q4_k_m.gguf,2406.23,3.17659,0.0,0.0
1780417802.332257,qwen2.5-3b-instruct-q4_k_m.gguf,2406.47,3.26085,0.0,0.0
1780417802.835087,qwen2.5-3b-instruct-q4_k_m.gguf,115.3,3.6721999999999997,0.0,0.0
1780417804.99606,qwen2.5-3b-instruct-q4_k_m.gguf,2395.58,2.7543,0.0,0.0
1780417805.502073,qwen2.5-3b-instruct-q4_k_m.gguf,2396.12,2.5438899999999998,0.0,0.0
1780417806.010426,qwen2.5-3b-instruct-q4_k_m.gguf,2396.34,3.10521,0.0,0.0
1780417806.5171468,qwen2.5-3b-instruct-q4_k_m.gguf,2396.34,4.695720000000001,0.0,0.0
1780417807.0237708,qwen2.5-3b-instruct-q4_k_m.gguf,2396.34,3.11676,0.0,0.0
1780417807.5288908,qwen2.5-3b-instruct-q4_k_m.gguf,2396.36,3.2656300000000003,0.0,0.0
1780417808.035211,qwen2.5-3b-instruct-q4_k_m.gguf,2396.36,3.23979,0.0,0.0
1780417808.54117,qwen2.5-3b-instruct-q4_k_m.gguf,2396.34,3.3079699999999996,0.0,0.0
1780417809.04728,qwen2.5-3b-instruct-q4_k_m.gguf,2396.34,2.99747,0.0,0.0
1780417809.5535529,qwen2.5-3b-instruct-q4_k_m.gguf,2396.34,3.44919,0.0,0.0
1780417810.0596192,qwen2.5-3b-instruct-q4_k_m.gguf,2396.36,3.6670100000000003,0.0,0.0
1780417810.566028,qwen2.5-3b-instruct-q4_k_m.gguf,2396.38,3.9049899999999997,0.0,0.0
1780417811.072151,qwen2.5-3b-instruct-q4_k_m.gguf,2396.38,3.65366,0.0,0.0
1780417811.577973,qwen2.5-3b-instruct-q4_k_m.gguf,2396.38,3.8548,0.0,0.0
1780417812.08394,qwen2.5-3b-instruct-q4_k_m.gguf,2396.38,3.38201,0.0,0.0
1780417812.590129,qwen2.5-3b-instruct-q4_k_m.gguf,2396.38,3.43212,0.0,0.0
1780417813.095666,qwen2.5-3b-instruct-q4_k_m.gguf,10373.28,3.53154,0.0,0.0
1780417815.129506,qwen2.5-3b-instruct-q4_k_m.gguf,2392.11,2.74397,0.0,0.0
1780417815.643116,qwen2.5-3b-instruct-q4_k_m.gguf,2392.36,2.53892,0.0,0.0
1780417816.147296,qwen2.5-3b-instruct-q4_k_m.gguf,2392.47,3.05197,0.0,0.0
1780417816.653165,qwen2.5-3b-instruct-q4_k_m.gguf,2392.47,3.02954,0.0,0.0
1780417817.1611211,qwen2.5-3b-instruct-q4_k_m.gguf,2392.48,3.68594,0.0,0.0
1780417817.66713,qwen2.5-3b-instruct-q4_k_m.gguf,2392.48,4.16874,0.0,0.0
1780417818.173085,qwen2.5-3b-instruct-q4_k_m.gguf,2392.48,3.39314,0.0,0.0
1780417818.679553,qwen2.5-3b-instruct-q4_k_m.gguf,2392.48,3.94996,0.0,0.0
1780417819.191623,qwen2.5-3b-instruct-q4_k_m.gguf,2392.55,3.76339,0.0,0.0
1780417819.6956449,qwen2.5-3b-instruct-q4_k_m.gguf,2392.55,3.8871100000000003,0.0,0.0
1780417820.2018921,qwen2.5-3b-instruct-q4_k_m.gguf,2392.56,3.0156199999999997,0.0,0.0
1780417820.708916,qwen2.5-3b-instruct-q4_k_m.gguf,2392.56,3.56513,0.0,0.0
1780417821.2148302,qwen2.5-3b-instruct-q4_k_m.gguf,2392.56,3.1659499999999996,0.0,0.0
1780417821.721212,qwen2.5-3b-instruct-q4_k_m.gguf,2392.56,3.2890300000000003,0.0,0.0
1780417822.227214,qwen2.5-3b-instruct-q4_k_m.gguf,2392.56,3.52122,0.0,0.0
1780417822.739199,qwen2.5-3b-instruct-q4_k_m.gguf,101.28,3.50532,0.0,0.0
1780417824.719146,qwen2.5-3b-instruct-q4_k_m.gguf,2407.16,2.78002,0.0,0.0
1780417825.225688,qwen2.5-3b-instruct-q4_k_m.gguf,2407.19,2.30126,0.0,0.0
1780417825.732221,qwen2.5-3b-instruct-q4_k_m.gguf,2407.41,3.04511,0.0,0.0
1780417826.237775,qwen2.5-3b-instruct-q4_k_m.gguf,2407.41,3.1088,0.0,0.0
1780417826.744118,qwen2.5-3b-instruct-q4_k_m.gguf,2407.41,3.51241,0.0,0.0
1780417827.2503161,qwen2.5-3b-instruct-q4_k_m.gguf,2407.41,3.8121799999999997,0.0,0.0
1780417827.75871,qwen2.5-3b-instruct-q4_k_m.gguf,2407.42,4.027699999999999,0.0,0.0
1780417828.265392,qwen2.5-3b-instruct-q4_k_m.gguf,2407.42,4.88984,0.0,0.0
1780417828.772793,qwen2.5-3b-instruct-q4_k_m.gguf,2407.42,2.67379,0.0,0.0
1780417829.279331,qwen2.5-3b-instruct-q4_k_m.gguf,2407.42,2.82479,0.0,0.0
1780417829.784909,qwen2.5-3b-instruct-q4_k_m.gguf,2407.44,3.20033,0.0,0.0
1780417830.291562,qwen2.5-3b-instruct-q4_k_m.gguf,2407.44,2.97439,0.0,0.0
1780417830.797415,qwen2.5-3b-instruct-q4_k_m.gguf,2407.44,3.77846,0.0,0.0
1780417831.303633,qwen2.5-3b-instruct-q4_k_m.gguf,2407.44,3.46363,0.0,0.0
1780417831.809497,qwen2.5-3b-instruct-q4_k_m.gguf,2407.44,3.5081100000000003,0.0,0.0
1780417832.315712,qwen2.5-3b-instruct-q4_k_m.gguf,2407.44,3.68862,0.0,0.0
1780417832.821345,qwen2.5-3b-instruct-q4_k_m.gguf,2407.44,3.6444699999999997,0.0,0.0
1780417833.3354151,qwen2.5-3b-instruct-q4_k_m.gguf,116.16,3.40762,0.0,0.0
1780417835.456654,qwen2.5-3b-instruct-q4_k_m.gguf,2417.11,2.78901,0.0,0.0
1780417835.963667,qwen2.5-3b-instruct-q4_k_m.gguf,2417.11,2.2563899999999997,0.0,0.0
1780417836.469532,qwen2.5-3b-instruct-q4_k_m.gguf,2417.11,2.7012899999999997,0.0,0.0
1780417836.9758332,qwen2.5-3b-instruct-q4_k_m.gguf,2417.11,3.0162600000000004,0.0,0.0
1780417837.481211,qwen2.5-3b-instruct-q4_k_m.gguf,2417.11,3.49304,0.0,0.0
1780417837.987455,qwen2.5-3b-instruct-q4_k_m.gguf,2417.11,3.58194,0.0,0.0
1780417838.493217,qwen2.5-3b-instruct-q4_k_m.gguf,2417.12,3.58915,0.0,0.0
1780417838.9991481,qwen2.5-3b-instruct-q4_k_m.gguf,2417.08,3.4852,0.0,0.0
1780417839.505044,qwen2.5-3b-instruct-q4_k_m.gguf,2417.08,3.55836,0.0,0.0
1780417840.010941,qwen2.5-3b-instruct-q4_k_m.gguf,2417.08,3.58545,0.0,0.0
1780417840.51669,qwen2.5-3b-instruct-q4_k_m.gguf,2417.08,3.54045,0.0,0.0
1780417841.022774,qwen2.5-3b-instruct-q4_k_m.gguf,2417.08,3.5409200000000003,0.0,0.0
1780417841.528743,qwen2.5-3b-instruct-q4_k_m.gguf,2417.08,3.60498,0.0,0.0
1780417842.034534,qwen2.5-3b-instruct-q4_k_m.gguf,2417.08,3.37108,0.0,0.0
1780417842.540521,qwen2.5-3b-instruct-q4_k_m.gguf,2417.08,3.6748000000000003,0.0,0.0
1780417843.046297,qwen2.5-3b-instruct-q4_k_m.gguf,2417.08,3.54707,0.0,0.0
1780417843.56367,qwen2.5-3b-instruct-q4_k_m.gguf,125.8,3.5025500000000003,0.0,0.0
1780417845.546357,qwen2.5-3b-instruct-q4_k_m.gguf,2415.91,2.58794,0.0,0.0
1780417846.052126,qwen2.5-3b-instruct-q4_k_m.gguf,2415.95,2.5710300000000004,0.0,0.0
1780417846.55954,qwen2.5-3b-instruct-q4_k_m.gguf,2415.97,2.86953,0.0,0.0
1780417847.064694,qwen2.5-3b-instruct-q4_k_m.gguf,2415.97,3.57875,0.0,0.0
1780417847.570379,qwen2.5-3b-instruct-q4_k_m.gguf,2415.97,3.2456300000000002,0.0,0.0
1780417848.076545,qwen2.5-3b-instruct-q4_k_m.gguf,2415.97,3.53329,0.0,0.0
1780417848.582515,qwen2.5-3b-instruct-q4_k_m.gguf,2415.97,3.7054099999999996,0.0,0.0
1780417849.088604,qwen2.5-3b-instruct-q4_k_m.gguf,2415.95,3.41689,0.0,0.0
1780417849.594799,qwen2.5-3b-instruct-q4_k_m.gguf,2415.95,3.42925,0.0,0.0
1780417850.1008499,qwen2.5-3b-instruct-q4_k_m.gguf,2415.95,3.76484,0.0,0.0
1780417850.6066198,qwen2.5-3b-instruct-q4_k_m.gguf,2415.95,3.3915100000000002,0.0,0.0
1780417851.1122088,qwen2.5-3b-instruct-q4_k_m.gguf,2415.95,3.66073,0.0,0.0
1780417851.618411,qwen2.5-3b-instruct-q4_k_m.gguf,2415.95,3.41101,0.0,0.0
1780417852.123959,qwen2.5-3b-instruct-q4_k_m.gguf,2415.95,3.48061,0.0,0.0
1780417852.629728,qwen2.5-3b-instruct-q4_k_m.gguf,2415.95,3.7687600000000003,0.0,0.0
1780417853.134885,qwen2.5-3b-instruct-q4_k_m.gguf,2415.95,3.69333,0.0,0.0
1780417853.64029,qwen2.5-3b-instruct-q4_k_m.gguf,2415.95,3.34427,0.0,0.0
1780417854.153858,qwen2.5-3b-instruct-q4_k_m.gguf,124.66,3.44075,0.0,0.0
1780417856.159737,qwen2.5-3b-instruct-q4_k_m.gguf,2387.14,3.39021,0.0,0.0
1780417856.6664672,qwen2.5-3b-instruct-q4_k_m.gguf,2387.16,2.50807,0.0,0.0
1780417857.171977,qwen2.5-3b-instruct-q4_k_m.gguf,2387.16,2.64298,0.0,0.0
1780417857.6784,qwen2.5-3b-instruct-q4_k_m.gguf,2387.16,3.04893,0.0,0.0
1780417858.1839292,qwen2.5-3b-instruct-q4_k_m.gguf,2387.16,3.3866199999999997,0.0,0.0
1780417858.690167,qwen2.5-3b-instruct-q4_k_m.gguf,2387.16,3.45411,0.0,0.0
1780417859.196364,qwen2.5-3b-instruct-q4_k_m.gguf,2387.16,3.6521500000000002,0.0,0.0
1780417859.7025652,qwen2.5-3b-instruct-q4_k_m.gguf,2387.11,3.68093,0.0,0.0
1780417860.208735,qwen2.5-3b-instruct-q4_k_m.gguf,2387.11,3.6918800000000003,0.0,0.0
1780417860.714912,qwen2.5-3b-instruct-q4_k_m.gguf,2387.11,3.7233400000000003,0.0,0.0
1780417861.2217631,qwen2.5-3b-instruct-q4_k_m.gguf,2387.11,3.17997,0.0,0.0
1780417861.727612,qwen2.5-3b-instruct-q4_k_m.gguf,2387.11,3.44102,0.0,0.0
1780417862.233263,qwen2.5-3b-instruct-q4_k_m.gguf,2387.11,3.5599000000000003,0.0,0.0
1780417862.7396102,qwen2.5-3b-instruct-q4_k_m.gguf,2387.11,3.41812,0.0,0.0
1780417863.2460191,qwen2.5-3b-instruct-q4_k_m.gguf,2387.11,3.74741,0.0,0.0
1780417863.751856,qwen2.5-3b-instruct-q4_k_m.gguf,2387.11,3.4541,0.0,0.0
1780417864.2579572,qwen2.5-3b-instruct-q4_k_m.gguf,2387.11,3.42877,0.0,0.0
1780417864.774946,qwen2.5-3b-instruct-q4_k_m.gguf,95.83,3.4898200000000004,0.0,0.0
1780417866.929677,qwen2.5-3b-instruct-q4_k_m.gguf,2390.05,2.9098,0.0,0.0
1780417867.435807,qwen2.5-3b-instruct-q4_k_m.gguf,2390.06,2.54974,0.0,0.0
1780417867.942683,qwen2.5-3b-instruct-q4_k_m.gguf,2390.06,2.54227,0.0,0.0
1780417868.4483662,qwen2.5-3b-instruct-q4_k_m.gguf,2390.06,3.29815,0.0,0.0
1780417868.954157,qwen2.5-3b-instruct-q4_k_m.gguf,2390.06,3.2291,0.0,0.0
1780417869.4602938,qwen2.5-3b-instruct-q4_k_m.gguf,2390.06,3.85685,0.0,0.0
1780417869.966272,qwen2.5-3b-instruct-q4_k_m.gguf,2390.06,3.75605,0.0,0.0
1780417870.471901,qwen2.5-3b-instruct-q4_k_m.gguf,2390.06,3.3897600000000003,0.0,0.0
1780417870.978025,qwen2.5-3b-instruct-q4_k_m.gguf,2390.06,3.2927600000000004,0.0,0.0
1780417871.484212,qwen2.5-3b-instruct-q4_k_m.gguf,2390.06,3.8091,0.0,0.0
1780417871.9899158,qwen2.5-3b-instruct-q4_k_m.gguf,2390.06,3.62071,0.0,0.0
1780417872.495905,qwen2.5-3b-instruct-q4_k_m.gguf,2390.06,3.44137,0.0,0.0
1780417873.001773,qwen2.5-3b-instruct-q4_k_m.gguf,2390.08,3.66805,0.0,0.0
1780417873.5084338,qwen2.5-3b-instruct-q4_k_m.gguf,2390.06,3.4442600000000003,0.0,0.0
1780417874.014745,qwen2.5-3b-instruct-q4_k_m.gguf,2390.06,3.72915,0.0,0.0
1780417874.52092,qwen2.5-3b-instruct-q4_k_m.gguf,2390.06,3.46367,0.0,0.0
1780417875.034058,qwen2.5-3b-instruct-q4_k_m.gguf,98.78,3.64741,0.0,0.0
1780417877.088036,qwen2.5-3b-instruct-q4_k_m.gguf,2396.98,3.01612,0.0,0.0
1780417877.5951009,qwen2.5-3b-instruct-q4_k_m.gguf,2397.05,2.3401300000000003,0.0,0.0
1780417878.1009228,qwen2.5-3b-instruct-q4_k_m.gguf,2397.05,2.93046,0.0,0.0
1780417878.606411,qwen2.5-3b-instruct-q4_k_m.gguf,2397.05,2.96521,0.0,0.0
1780417879.112247,qwen2.5-3b-instruct-q4_k_m.gguf,2397.05,3.55702,0.0,0.0
1780417879.618058,qwen2.5-3b-instruct-q4_k_m.gguf,2397.06,3.77292,0.0,0.0
1780417880.1240819,qwen2.5-3b-instruct-q4_k_m.gguf,2397.11,3.6662600000000003,0.0,0.0
1780417880.630164,qwen2.5-3b-instruct-q4_k_m.gguf,2397.11,3.6479,0.0,0.0
1780417881.135205,qwen2.5-3b-instruct-q4_k_m.gguf,2397.11,3.46856,0.0,0.0
1780417881.64158,qwen2.5-3b-instruct-q4_k_m.gguf,2397.11,3.5529699999999997,0.0,0.0
1780417882.147604,qwen2.5-3b-instruct-q4_k_m.gguf,2397.11,3.5422,0.0,0.0
1780417882.653962,qwen2.5-3b-instruct-q4_k_m.gguf,2397.11,3.61817,0.0,0.0
1780417883.1601212,qwen2.5-3b-instruct-q4_k_m.gguf,2397.11,3.34323,0.0,0.0
1780417883.6655931,qwen2.5-3b-instruct-q4_k_m.gguf,2397.11,3.73204,0.0,0.0
1780417884.171801,qwen2.5-3b-instruct-q4_k_m.gguf,2397.11,3.59806,0.0,0.0
1780417884.6778,qwen2.5-3b-instruct-q4_k_m.gguf,2397.11,3.55444,0.0,0.0
1780417885.1895869,qwen2.5-3b-instruct-q4_k_m.gguf,105.83,3.4316999999999998,0.0,0.0
1780417899.414429,qwen2.5-3b-instruct-q5_k_m.gguf,2457.77,4.06351,0.0,0.0
1780417899.9205592,qwen2.5-3b-instruct-q5_k_m.gguf,2457.77,2.99389,0.0,0.0
1780417900.426481,qwen2.5-3b-instruct-q5_k_m.gguf,2457.77,2.9797,0.0,0.0
1780417900.932121,qwen2.5-3b-instruct-q5_k_m.gguf,2457.77,3.4021,0.0,0.0
1780417901.43824,qwen2.5-3b-instruct-q5_k_m.gguf,2457.77,3.51419,0.0,0.0
1780417901.9436932,qwen2.5-3b-instruct-q5_k_m.gguf,2457.77,3.6644699999999997,0.0,0.0
1780417902.449512,qwen2.5-3b-instruct-q5_k_m.gguf,2457.77,4.1079,0.0,0.0
1780417902.9550872,qwen2.5-3b-instruct-q5_k_m.gguf,2457.72,4.06779,0.0,0.0
1780417903.460821,qwen2.5-3b-instruct-q5_k_m.gguf,2457.72,4.25329,0.0,0.0
1780417903.966893,qwen2.5-3b-instruct-q5_k_m.gguf,2457.72,4.104850000000001,0.0,0.0
1780417904.4729211,qwen2.5-3b-instruct-q5_k_m.gguf,2457.72,3.73937,0.0,0.0
1780417904.978417,qwen2.5-3b-instruct-q5_k_m.gguf,2457.72,3.68558,0.0,0.0
1780417905.485156,qwen2.5-3b-instruct-q5_k_m.gguf,2457.72,3.84471,0.0,0.0
1780417905.990208,qwen2.5-3b-instruct-q5_k_m.gguf,2457.72,3.3062,0.0,0.0
1780417906.495952,qwen2.5-3b-instruct-q5_k_m.gguf,2457.73,4.18919,0.0,0.0
1780417907.002229,qwen2.5-3b-instruct-q5_k_m.gguf,2457.73,4.0176799999999995,0.0,0.0
1780417907.507958,qwen2.5-3b-instruct-q5_k_m.gguf,2457.73,3.78416,0.0,0.0
1780417908.0140002,qwen2.5-3b-instruct-q5_k_m.gguf,2457.73,4.16591,0.0,0.0
1780417908.519479,qwen2.5-3b-instruct-q5_k_m.gguf,2457.73,3.8648000000000002,0.0,0.0
1780417909.025534,qwen2.5-3b-instruct-q5_k_m.gguf,2457.73,3.5565100000000003,0.0,0.0
1780417909.5311732,qwen2.5-3b-instruct-q5_k_m.gguf,2457.73,3.94197,0.0,0.0
1780417910.037166,qwen2.5-3b-instruct-q5_k_m.gguf,2457.73,3.87101,0.0,0.0
1780417912.018462,qwen2.5-3b-instruct-q5_k_m.gguf,2454.44,2.89073,0.0,0.0
1780417912.524024,qwen2.5-3b-instruct-q5_k_m.gguf,2454.44,2.45113,0.0,0.0
1780417913.0297441,qwen2.5-3b-instruct-q5_k_m.gguf,2454.44,3.21068,0.0,0.0
1780417913.5354738,qwen2.5-3b-instruct-q5_k_m.gguf,2454.44,3.68769,0.0,0.0
1780417914.041354,qwen2.5-3b-instruct-q5_k_m.gguf,2454.59,3.3652699999999998,0.0,0.0
1780417914.5475242,qwen2.5-3b-instruct-q5_k_m.gguf,2454.59,4.112970000000001,0.0,0.0
1780417915.052793,qwen2.5-3b-instruct-q5_k_m.gguf,2454.59,4.385350000000001,0.0,0.0
1780417915.559344,qwen2.5-3b-instruct-q5_k_m.gguf,2454.61,4.127020000000001,0.0,0.0
1780417916.065307,qwen2.5-3b-instruct-q5_k_m.gguf,2454.61,4.09351,0.0,0.0
1780417916.5715451,qwen2.5-3b-instruct-q5_k_m.gguf,2454.61,3.96048,0.0,0.0
1780417917.0769348,qwen2.5-3b-instruct-q5_k_m.gguf,2454.61,3.71345,0.0,0.0
1780417917.583113,qwen2.5-3b-instruct-q5_k_m.gguf,2454.61,4.06823,0.0,0.0
1780417918.0892491,qwen2.5-3b-instruct-q5_k_m.gguf,2454.61,3.83756,0.0,0.0
1780417918.59499,qwen2.5-3b-instruct-q5_k_m.gguf,2454.59,3.87801,0.0,0.0
1780417919.101024,qwen2.5-3b-instruct-q5_k_m.gguf,2454.59,3.73115,0.0,0.0
1780417919.606803,qwen2.5-3b-instruct-q5_k_m.gguf,2454.59,4.01398,0.0,0.0
1780417920.112658,qwen2.5-3b-instruct-q5_k_m.gguf,2454.59,3.8373000000000004,0.0,0.0
1780417920.618538,qwen2.5-3b-instruct-q5_k_m.gguf,2454.59,3.97966,0.0,0.0
1780417921.123903,qwen2.5-3b-instruct-q5_k_m.gguf,2454.59,3.90004,0.0,0.0
1780417921.6301508,qwen2.5-3b-instruct-q5_k_m.gguf,2454.59,4.04302,0.0,0.0
1780417922.135145,qwen2.5-3b-instruct-q5_k_m.gguf,2454.59,3.5995,0.0,0.0
1780417922.640629,qwen2.5-3b-instruct-q5_k_m.gguf,2454.59,3.68326,0.0,0.0
1780417923.146805,qwen2.5-3b-instruct-q5_k_m.gguf,2454.59,4.04948,0.0,0.0
1780417923.659616,qwen2.5-3b-instruct-q5_k_m.gguf,114.98,3.8351100000000002,0.0,0.0
1780417925.709266,qwen2.5-3b-instruct-q5_k_m.gguf,2471.03,3.46312,0.0,0.0
1780417926.214677,qwen2.5-3b-instruct-q5_k_m.gguf,2471.03,2.76694,0.0,0.0
1780417926.721708,qwen2.5-3b-instruct-q5_k_m.gguf,2471.03,3.08604,0.0,0.0
1780417927.2269409,qwen2.5-3b-instruct-q5_k_m.gguf,2471.03,3.4260900000000003,0.0,0.0
1780417927.732339,qwen2.5-3b-instruct-q5_k_m.gguf,2471.03,3.58133,0.0,0.0
1780417928.2382011,qwen2.5-3b-instruct-q5_k_m.gguf,2471.03,4.02173,0.0,0.0
1780417928.744341,qwen2.5-3b-instruct-q5_k_m.gguf,2471.03,3.39257,0.0,0.0
1780417929.250551,qwen2.5-3b-instruct-q5_k_m.gguf,2471.02,4.5055,0.0,0.0
1780417929.756097,qwen2.5-3b-instruct-q5_k_m.gguf,2471.02,3.9356999999999998,0.0,0.0
1780417930.262061,qwen2.5-3b-instruct-q5_k_m.gguf,2471.02,4.20712,0.0,0.0
1780417930.7681549,qwen2.5-3b-instruct-q5_k_m.gguf,2471.02,3.81098,0.0,0.0
1780417931.273705,qwen2.5-3b-instruct-q5_k_m.gguf,2471.02,3.79189,0.0,0.0
1780417931.7793338,qwen2.5-3b-instruct-q5_k_m.gguf,2471.02,3.97693,0.0,0.0
1780417932.2853491,qwen2.5-3b-instruct-q5_k_m.gguf,2471.02,3.9980100000000003,0.0,0.0
1780417932.7915862,qwen2.5-3b-instruct-q5_k_m.gguf,2471.02,3.92873,0.0,0.0
1780417933.297162,qwen2.5-3b-instruct-q5_k_m.gguf,2471.02,3.6316599999999997,0.0,0.0
1780417933.8028579,qwen2.5-3b-instruct-q5_k_m.gguf,2471.02,3.7205,0.0,0.0
1780417934.309088,qwen2.5-3b-instruct-q5_k_m.gguf,2471.02,3.85627,0.0,0.0
1780417934.814686,qwen2.5-3b-instruct-q5_k_m.gguf,2471.02,3.91209,0.0,0.0
1780417935.320309,qwen2.5-3b-instruct-q5_k_m.gguf,2471.02,3.81945,0.0,0.0
1780417935.826122,qwen2.5-3b-instruct-q5_k_m.gguf,2471.02,3.76117,0.0,0.0
1780417936.3323772,qwen2.5-3b-instruct-q5_k_m.gguf,2471.02,3.85361,0.0,0.0
1780417936.8380868,qwen2.5-3b-instruct-q5_k_m.gguf,2471.02,3.49404,0.0,0.0
1780417938.939563,qwen2.5-3b-instruct-q5_k_m.gguf,2448.52,2.83221,0.0,0.0
1780417939.445238,qwen2.5-3b-instruct-q5_k_m.gguf,2448.55,2.48613,0.0,0.0
1780417939.9509811,qwen2.5-3b-instruct-q5_k_m.gguf,2448.56,3.20618,0.0,0.0
1780417940.457182,qwen2.5-3b-instruct-q5_k_m.gguf,2448.56,3.6318699999999997,0.0,0.0
1780417940.963076,qwen2.5-3b-instruct-q5_k_m.gguf,2448.56,3.65616,0.0,0.0
1780417941.468746,qwen2.5-3b-instruct-q5_k_m.gguf,2448.56,4.12176,0.0,0.0
1780417941.974849,qwen2.5-3b-instruct-q5_k_m.gguf,2448.56,4.1392,0.0,0.0
1780417942.480203,qwen2.5-3b-instruct-q5_k_m.gguf,2448.56,4.148569999999999,0.0,0.0
1780417942.9857721,qwen2.5-3b-instruct-q5_k_m.gguf,2448.56,4.03852,0.0,0.0
1780417943.492196,qwen2.5-3b-instruct-q5_k_m.gguf,2448.56,3.91131,0.0,0.0
1780417943.998055,qwen2.5-3b-instruct-q5_k_m.gguf,2448.56,4.10329,0.0,0.0
1780417944.503754,qwen2.5-3b-instruct-q5_k_m.gguf,2448.56,3.3175700000000004,0.0,0.0
1780417945.009609,qwen2.5-3b-instruct-q5_k_m.gguf,2448.56,4.02194,0.0,0.0
1780417945.5156312,qwen2.5-3b-instruct-q5_k_m.gguf,2448.56,3.84904,0.0,0.0
1780417946.021395,qwen2.5-3b-instruct-q5_k_m.gguf,2448.56,3.6877,0.0,0.0
1780417946.527791,qwen2.5-3b-instruct-q5_k_m.gguf,2448.58,4.153,0.0,0.0
1780417947.0329652,qwen2.5-3b-instruct-q5_k_m.gguf,2448.58,3.88752,0.0,0.0
1780417947.538528,qwen2.5-3b-instruct-q5_k_m.gguf,2448.58,3.64762,0.0,0.0
1780417948.044246,qwen2.5-3b-instruct-q5_k_m.gguf,2448.58,3.98995,0.0,0.0
1780417948.550176,qwen2.5-3b-instruct-q5_k_m.gguf,2448.58,3.89705,0.0,0.0
1780417949.055748,qwen2.5-3b-instruct-q5_k_m.gguf,2448.56,3.70158,0.0,0.0
1780417949.562358,qwen2.5-3b-instruct-q5_k_m.gguf,2448.56,3.92419,0.0,0.0
1780417950.06773,qwen2.5-3b-instruct-q5_k_m.gguf,2448.56,3.7295100000000003,0.0,0.0
1780417950.574156,qwen2.5-3b-instruct-q5_k_m.gguf,2448.56,3.94536,0.0,0.0
1780417952.637293,qwen2.5-3b-instruct-q5_k_m.gguf,2445.17,2.74817,0.0,0.0
1780417953.142573,qwen2.5-3b-instruct-q5_k_m.gguf,2445.22,2.4854499999999997,0.0,0.0
1780417953.648294,qwen2.5-3b-instruct-q5_k_m.gguf,2445.25,3.05279,0.0,0.0
1780417954.154026,qwen2.5-3b-instruct-q5_k_m.gguf,2445.25,3.41558,0.0,0.0
1780417954.6601431,qwen2.5-3b-instruct-q5_k_m.gguf,2445.25,4.01322,0.0,0.0
1780417955.1658921,qwen2.5-3b-instruct-q5_k_m.gguf,2445.27,4.04606,0.0,0.0
1780417955.671715,qwen2.5-3b-instruct-q5_k_m.gguf,2445.27,4.021,0.0,0.0
1780417956.1776361,qwen2.5-3b-instruct-q5_k_m.gguf,2445.25,4.0288,0.0,0.0
1780417956.683251,qwen2.5-3b-instruct-q5_k_m.gguf,2445.25,3.97921,0.0,0.0
1780417957.188939,qwen2.5-3b-instruct-q5_k_m.gguf,2445.25,3.9349000000000003,0.0,0.0
1780417957.6947908,qwen2.5-3b-instruct-q5_k_m.gguf,2445.25,3.7491,0.0,0.0
1780417958.201144,qwen2.5-3b-instruct-q5_k_m.gguf,2445.25,3.7568099999999998,0.0,0.0
1780417958.7068071,qwen2.5-3b-instruct-q5_k_m.gguf,2445.25,3.7224899999999996,0.0,0.0
1780417959.213351,qwen2.5-3b-instruct-q5_k_m.gguf,2445.25,3.96589,0.0,0.0
1780417959.719148,qwen2.5-3b-instruct-q5_k_m.gguf,2445.25,3.4116999999999997,0.0,0.0
1780417960.2254,qwen2.5-3b-instruct-q5_k_m.gguf,2445.25,3.8775999999999997,0.0,0.0
1780417960.731457,qwen2.5-3b-instruct-q5_k_m.gguf,2445.25,3.93794,0.0,0.0
1780417961.237427,qwen2.5-3b-instruct-q5_k_m.gguf,2445.25,3.9148,0.0,0.0
1780417961.743625,qwen2.5-3b-instruct-q5_k_m.gguf,2445.25,3.96547,0.0,0.0
1780417962.249551,qwen2.5-3b-instruct-q5_k_m.gguf,2445.25,3.75695,0.0,0.0
1780417962.755235,qwen2.5-3b-instruct-q5_k_m.gguf,2445.25,3.78285,0.0,0.0
1780417963.261993,qwen2.5-3b-instruct-q5_k_m.gguf,2445.25,3.9020300000000003,0.0,0.0
1780417963.767576,qwen2.5-3b-instruct-q5_k_m.gguf,2445.25,3.49603,0.0,0.0
1780417964.273909,qwen2.5-3b-instruct-q5_k_m.gguf,105.59,3.86288,0.0,0.0
1780417966.3389912,qwen2.5-3b-instruct-q5_k_m.gguf,2451.8,3.08024,0.0,0.0
1780417966.844764,qwen2.5-3b-instruct-q5_k_m.gguf,2451.8,2.40764,0.0,0.0
1780417967.350736,qwen2.5-3b-instruct-q5_k_m.gguf,2451.8,2.98631,0.0,0.0
1780417967.85761,qwen2.5-3b-instruct-q5_k_m.gguf,2451.8,3.34544,0.0,0.0
1780417968.362389,qwen2.5-3b-instruct-q5_k_m.gguf,2451.8,3.7835799999999997,0.0,0.0
1780417968.868088,qwen2.5-3b-instruct-q5_k_m.gguf,2451.8,4.1858699999999995,0.0,0.0
1780417969.3738081,qwen2.5-3b-instruct-q5_k_m.gguf,2451.8,4.19612,0.0,0.0
1780417969.878756,qwen2.5-3b-instruct-q5_k_m.gguf,2451.8,4.19708,0.0,0.0
1780417970.385068,qwen2.5-3b-instruct-q5_k_m.gguf,2451.8,3.89786,0.0,0.0
1780417970.891404,qwen2.5-3b-instruct-q5_k_m.gguf,2451.8,3.5239499999999997,0.0,0.0
1780417971.397177,qwen2.5-3b-instruct-q5_k_m.gguf,2451.8,3.84741,0.0,0.0
1780417971.902775,qwen2.5-3b-instruct-q5_k_m.gguf,2451.8,3.78357,0.0,0.0
1780417972.408208,qwen2.5-3b-instruct-q5_k_m.gguf,2451.8,3.64081,0.0,0.0
1780417972.91418,qwen2.5-3b-instruct-q5_k_m.gguf,2451.8,3.9865399999999998,0.0,0.0
1780417973.420338,qwen2.5-3b-instruct-q5_k_m.gguf,2451.8,3.68406,0.0,0.0
1780417973.926504,qwen2.5-3b-instruct-q5_k_m.gguf,2451.8,3.78908,0.0,0.0
1780417974.431953,qwen2.5-3b-instruct-q5_k_m.gguf,2451.8,3.92233,0.0,0.0
1780417974.937975,qwen2.5-3b-instruct-q5_k_m.gguf,2451.8,3.98301,0.0,0.0
1780417975.443818,qwen2.5-3b-instruct-q5_k_m.gguf,2451.8,3.6264000000000003,0.0,0.0
1780417975.949984,qwen2.5-3b-instruct-q5_k_m.gguf,2451.8,3.82972,0.0,0.0
1780417976.4553,qwen2.5-3b-instruct-q5_k_m.gguf,2451.8,4.03455,0.0,0.0
1780417976.961917,qwen2.5-3b-instruct-q5_k_m.gguf,2451.8,3.99759,0.0,0.0
1780417977.4678059,qwen2.5-3b-instruct-q5_k_m.gguf,2451.8,3.5080500000000003,0.0,0.0
1780417977.984853,qwen2.5-3b-instruct-q5_k_m.gguf,112.14,3.58367,0.0,0.0
1780417980.035072,qwen2.5-3b-instruct-q5_k_m.gguf,2451.42,3.26213,0.0,0.0
1780417980.540213,qwen2.5-3b-instruct-q5_k_m.gguf,2451.42,2.6571700000000003,0.0,0.0
1780417981.045655,qwen2.5-3b-instruct-q5_k_m.gguf,2451.42,3.01247,0.0,0.0
1780417981.551808,qwen2.5-3b-instruct-q5_k_m.gguf,2451.42,3.30519,0.0,0.0
1780417982.057936,qwen2.5-3b-instruct-q5_k_m.gguf,2451.42,3.7252899999999998,0.0,0.0
1780417982.5641768,qwen2.5-3b-instruct-q5_k_m.gguf,2451.61,3.69525,0.0,0.0
1780417983.069746,qwen2.5-3b-instruct-q5_k_m.gguf,2451.61,4.22415,0.0,0.0
1780417983.576391,qwen2.5-3b-instruct-q5_k_m.gguf,2451.56,4.1536,0.0,0.0
1780417984.081737,qwen2.5-3b-instruct-q5_k_m.gguf,2451.56,4.4658500000000005,0.0,0.0
1780417984.5878599,qwen2.5-3b-instruct-q5_k_m.gguf,2451.56,3.53981,0.0,0.0
1780417985.094614,qwen2.5-3b-instruct-q5_k_m.gguf,2451.58,3.7262199999999996,0.0,0.0
1780417985.600188,qwen2.5-3b-instruct-q5_k_m.gguf,2451.58,3.74479,0.0,0.0
1780417986.105729,qwen2.5-3b-instruct-q5_k_m.gguf,2451.58,3.85371,0.0,0.0
1780417986.611743,qwen2.5-3b-instruct-q5_k_m.gguf,2451.58,3.76325,0.0,0.0
1780417987.117298,qwen2.5-3b-instruct-q5_k_m.gguf,2451.58,3.6373800000000003,0.0,0.0
1780417987.623405,qwen2.5-3b-instruct-q5_k_m.gguf,2451.59,3.80924,0.0,0.0
1780417988.128662,qwen2.5-3b-instruct-q5_k_m.gguf,2451.59,3.9827,0.0,0.0
1780417988.6344278,qwen2.5-3b-instruct-q5_k_m.gguf,2451.59,3.77738,0.0,0.0
1780417989.1405241,qwen2.5-3b-instruct-q5_k_m.gguf,2451.59,3.5596900000000002,0.0,0.0
1780417989.646525,qwen2.5-3b-instruct-q5_k_m.gguf,2451.59,3.83726,0.0,0.0
1780417990.1521358,qwen2.5-3b-instruct-q5_k_m.gguf,2451.59,3.5440300000000002,0.0,0.0
1780417990.657683,qwen2.5-3b-instruct-q5_k_m.gguf,2451.59,3.78546,0.0,0.0
1780417991.1637602,qwen2.5-3b-instruct-q5_k_m.gguf,2451.59,3.96454,0.0,0.0
1780417991.669447,qwen2.5-3b-instruct-q5_k_m.gguf,2451.59,3.52442,0.0,0.0
1780417993.805256,qwen2.5-3b-instruct-q5_k_m.gguf,2465.56,2.54621,0.0,0.0
1780417994.3116522,qwen2.5-3b-instruct-q5_k_m.gguf,2465.56,2.4004899999999996,0.0,0.0
1780417994.817229,qwen2.5-3b-instruct-q5_k_m.gguf,2465.56,2.98444,0.0,0.0
1780417995.3231559,qwen2.5-3b-instruct-q5_k_m.gguf,2465.56,3.56854,0.0,0.0
1780417995.8289201,qwen2.5-3b-instruct-q5_k_m.gguf,2465.56,3.79872,0.0,0.0
1780417996.33456,qwen2.5-3b-instruct-q5_k_m.gguf,2465.56,3.75659,0.0,0.0
1780417996.840331,qwen2.5-3b-instruct-q5_k_m.gguf,2465.56,4.06114,0.0,0.0
1780417997.3462038,qwen2.5-3b-instruct-q5_k_m.gguf,2465.52,4.097899999999999,0.0,0.0
1780417997.8521512,qwen2.5-3b-instruct-q5_k_m.gguf,2465.52,3.9070500000000004,0.0,0.0
1780417998.358214,qwen2.5-3b-instruct-q5_k_m.gguf,2465.52,3.7191300000000003,0.0,0.0
1780417998.864172,qwen2.5-3b-instruct-q5_k_m.gguf,2465.52,3.87344,0.0,0.0
1780417999.369601,qwen2.5-3b-instruct-q5_k_m.gguf,2465.52,3.7636,0.0,0.0
1780417999.876022,qwen2.5-3b-instruct-q5_k_m.gguf,2465.52,3.63395,0.0,0.0
1780418000.38164,qwen2.5-3b-instruct-q5_k_m.gguf,2465.52,3.80325,0.0,0.0
1780418000.887315,qwen2.5-3b-instruct-q5_k_m.gguf,2465.52,3.9876199999999997,0.0,0.0
1780418001.3930812,qwen2.5-3b-instruct-q5_k_m.gguf,2465.52,3.83977,0.0,0.0
1780418001.8986912,qwen2.5-3b-instruct-q5_k_m.gguf,2465.53,3.95898,0.0,0.0
1780418002.4044569,qwen2.5-3b-instruct-q5_k_m.gguf,2465.53,3.67781,0.0,0.0
1780418002.910528,qwen2.5-3b-instruct-q5_k_m.gguf,2465.53,3.7969299999999997,0.0,0.0
1780418003.416137,qwen2.5-3b-instruct-q5_k_m.gguf,2465.53,3.60994,0.0,0.0
1780418003.921511,qwen2.5-3b-instruct-q5_k_m.gguf,2465.53,3.8770300000000004,0.0,0.0
1780418004.4277408,qwen2.5-3b-instruct-q5_k_m.gguf,2465.53,3.9858800000000003,0.0,0.0
1780418004.9334211,qwen2.5-3b-instruct-q5_k_m.gguf,2465.55,3.70942,0.0,0.0
1780418005.439106,qwen2.5-3b-instruct-q5_k_m.gguf,125.92,3.84113,0.0,0.0
1780418007.463114,qwen2.5-3b-instruct-q5_k_m.gguf,2450.83,2.6142399999999997,0.0,0.0
1780418007.9691,qwen2.5-3b-instruct-q5_k_m.gguf,2450.89,2.55425,0.0,0.0
1780418008.474826,qwen2.5-3b-instruct-q5_k_m.gguf,2450.91,2.96084,0.0,0.0
1780418008.9813051,qwen2.5-3b-instruct-q5_k_m.gguf,2450.92,3.44578,0.0,0.0
1780418009.4868429,qwen2.5-3b-instruct-q5_k_m.gguf,2450.92,3.66705,0.0,0.0
1780418009.992349,qwen2.5-3b-instruct-q5_k_m.gguf,2450.92,4.13608,0.0,0.0
1780418010.498048,qwen2.5-3b-instruct-q5_k_m.gguf,2450.92,4.240279999999999,0.0,0.0
1780418011.003958,qwen2.5-3b-instruct-q5_k_m.gguf,2450.91,3.81135,0.0,0.0
1780418011.5100958,qwen2.5-3b-instruct-q5_k_m.gguf,2450.91,3.98325,0.0,0.0
1780418012.0157518,qwen2.5-3b-instruct-q5_k_m.gguf,2450.91,3.78417,0.0,0.0
1780418012.5214741,qwen2.5-3b-instruct-q5_k_m.gguf,2450.91,3.91115,0.0,0.0
1780418013.027176,qwen2.5-3b-instruct-q5_k_m.gguf,2450.91,3.7409499999999998,0.0,0.0
1780418013.53371,qwen2.5-3b-instruct-q5_k_m.gguf,2450.91,3.9111599999999997,0.0,0.0
1780418014.039308,qwen2.5-3b-instruct-q5_k_m.gguf,2450.91,3.675,0.0,0.0
1780418014.545141,qwen2.5-3b-instruct-q5_k_m.gguf,2450.91,3.9540900000000003,0.0,0.0
1780418015.0508292,qwen2.5-3b-instruct-q5_k_m.gguf,2450.91,3.75267,0.0,0.0
1780418015.556691,qwen2.5-3b-instruct-q5_k_m.gguf,2450.91,3.85499,0.0,0.0
1780418016.06263,qwen2.5-3b-instruct-q5_k_m.gguf,2450.91,3.79834,0.0,0.0
1780418016.568583,qwen2.5-3b-instruct-q5_k_m.gguf,2450.91,3.8072399999999997,0.0,0.0
1780418017.074334,qwen2.5-3b-instruct-q5_k_m.gguf,2450.91,3.84313,0.0,0.0
1780418017.58048,qwen2.5-3b-instruct-q5_k_m.gguf,2450.92,3.91146,0.0,0.0
1780418018.086072,qwen2.5-3b-instruct-q5_k_m.gguf,2450.94,3.79866,0.0,0.0
1780418018.591732,qwen2.5-3b-instruct-q5_k_m.gguf,2450.94,3.88606,0.0,0.0
1780418019.106474,qwen2.5-3b-instruct-q5_k_m.gguf,111.28,4.08486,0.0,0.0
1780418021.167603,qwen2.5-3b-instruct-q5_k_m.gguf,2438.41,3.30962,0.0,0.0
1780418021.672986,qwen2.5-3b-instruct-q5_k_m.gguf,2438.41,2.8505700000000003,0.0,0.0
1780418022.17939,qwen2.5-3b-instruct-q5_k_m.gguf,2438.41,2.87954,0.0,0.0
1780418022.685209,qwen2.5-3b-instruct-q5_k_m.gguf,2438.41,3.4477399999999996,0.0,0.0
1780418023.191453,qwen2.5-3b-instruct-q5_k_m.gguf,2438.41,4.01109,0.0,0.0
1780418023.697079,qwen2.5-3b-instruct-q5_k_m.gguf,2438.41,4.01869,0.0,0.0
1780418024.203499,qwen2.5-3b-instruct-q5_k_m.gguf,2438.41,3.87942,0.0,0.0
1780418024.709429,qwen2.5-3b-instruct-q5_k_m.gguf,2438.41,3.8043299999999998,0.0,0.0
1780418025.215169,qwen2.5-3b-instruct-q5_k_m.gguf,2438.44,3.98948,0.0,0.0
1780418025.721379,qwen2.5-3b-instruct-q5_k_m.gguf,2438.44,3.91317,0.0,0.0
1780418026.228083,qwen2.5-3b-instruct-q5_k_m.gguf,2438.44,3.92092,0.0,0.0
1780418026.733821,qwen2.5-3b-instruct-q5_k_m.gguf,2438.44,3.71285,0.0,0.0
1780418027.2397592,qwen2.5-3b-instruct-q5_k_m.gguf,2438.44,3.8415700000000004,0.0,0.0
1780418027.7452219,qwen2.5-3b-instruct-q5_k_m.gguf,2438.44,3.67867,0.0,0.0
1780418028.251178,qwen2.5-3b-instruct-q5_k_m.gguf,2438.44,4.03772,0.0,0.0
1780418028.7570581,qwen2.5-3b-instruct-q5_k_m.gguf,2438.44,3.62668,0.0,0.0
1780418029.263256,qwen2.5-3b-instruct-q5_k_m.gguf,2438.44,4.07393,0.0,0.0
1780418029.768815,qwen2.5-3b-instruct-q5_k_m.gguf,2438.44,3.49687,0.0,0.0
1780418030.2745779,qwen2.5-3b-instruct-q5_k_m.gguf,2438.44,3.8880500000000002,0.0,0.0
1780418030.780611,qwen2.5-3b-instruct-q5_k_m.gguf,2438.44,3.9124899999999996,0.0,0.0
1780418031.286603,qwen2.5-3b-instruct-q5_k_m.gguf,2438.44,2.9344200000000003,0.0,0.0
1780418031.792667,qwen2.5-3b-instruct-q5_k_m.gguf,2438.44,4.0039299999999995,0.0,0.0
1780418032.298429,qwen2.5-3b-instruct-q5_k_m.gguf,2438.44,4.03908,0.0,0.0
1780418079.811136,qwen2.5-3b-instruct-q5_k_m.gguf,2504.25,5.2603100000000005,0.0,0.0
1780418080.317187,qwen2.5-3b-instruct-q5_k_m.gguf,2504.25,3.52923,0.0,0.0
1780418080.822897,qwen2.5-3b-instruct-q5_k_m.gguf,2504.25,3.0585999999999998,0.0,0.0
1780418081.328701,qwen2.5-3b-instruct-q5_k_m.gguf,2504.25,3.15441,0.0,0.0
1780418081.834358,qwen2.5-3b-instruct-q5_k_m.gguf,2504.25,3.3195,0.0,0.0
1780418082.340692,qwen2.5-3b-instruct-q5_k_m.gguf,2504.25,3.79961,0.0,0.0
1780418082.845929,qwen2.5-3b-instruct-q5_k_m.gguf,2504.25,4.10354,0.0,0.0
1780418083.3519151,qwen2.5-3b-instruct-q5_k_m.gguf,2504.25,4.11578,0.0,0.0
1780418083.8576992,qwen2.5-3b-instruct-q5_k_m.gguf,2504.23,3.9137399999999998,0.0,0.0
1780418084.363091,qwen2.5-3b-instruct-q5_k_m.gguf,2504.23,4.28352,0.0,0.0
1780418084.868896,qwen2.5-3b-instruct-q5_k_m.gguf,2504.25,4.00444,0.0,0.0
1780418085.374604,qwen2.5-3b-instruct-q5_k_m.gguf,2504.25,3.84369,0.0,0.0
1780418085.880019,qwen2.5-3b-instruct-q5_k_m.gguf,2504.25,4.06897,0.0,0.0
1780418086.3860438,qwen2.5-3b-instruct-q5_k_m.gguf,2504.25,3.73002,0.0,0.0
1780418086.891983,qwen2.5-3b-instruct-q5_k_m.gguf,2504.25,3.6766,0.0,0.0
1780418087.3978162,qwen2.5-3b-instruct-q5_k_m.gguf,2504.25,3.70694,0.0,0.0
1780418087.903729,qwen2.5-3b-instruct-q5_k_m.gguf,2504.25,4.05478,0.0,0.0
1780418088.409339,qwen2.5-3b-instruct-q5_k_m.gguf,2504.25,3.7437,0.0,0.0
1780418088.9151092,qwen2.5-3b-instruct-q5_k_m.gguf,2504.25,3.93662,0.0,0.0
1780418089.420705,qwen2.5-3b-instruct-q5_k_m.gguf,2504.25,3.92846,0.0,0.0
1780418089.926683,qwen2.5-3b-instruct-q5_k_m.gguf,2504.25,4.0156,0.0,0.0
1780418090.432307,qwen2.5-3b-instruct-q5_k_m.gguf,2504.25,3.9838400000000003,0.0,0.0
1780418090.948138,qwen2.5-3b-instruct-q5_k_m.gguf,110.62,3.79466,0.0,0.0
1780418093.038102,qwen2.5-3b-instruct-q5_k_m.gguf,2516.11,3.92785,0.0,0.0
1780418093.5440729,qwen2.5-3b-instruct-q5_k_m.gguf,2516.11,2.62127,0.0,0.0
1780418094.0496378,qwen2.5-3b-instruct-q5_k_m.gguf,2516.11,3.2737,0.0,0.0
1780418094.556142,qwen2.5-3b-instruct-q5_k_m.gguf,2516.11,3.4312300000000002,0.0,0.0
1780418095.0616472,qwen2.5-3b-instruct-q5_k_m.gguf,2516.11,3.50029,0.0,0.0
1780418095.5671868,qwen2.5-3b-instruct-q5_k_m.gguf,2516.11,4.222060000000001,0.0,0.0
1780418096.073212,qwen2.5-3b-instruct-q5_k_m.gguf,2516.11,4.51532,0.0,0.0
1780418096.578825,qwen2.5-3b-instruct-q5_k_m.gguf,2516.09,4.3365,0.0,0.0
1780418097.084681,qwen2.5-3b-instruct-q5_k_m.gguf,2516.09,3.7228600000000003,0.0,0.0
1780418097.590397,qwen2.5-3b-instruct-q5_k_m.gguf,2516.09,3.7714299999999996,0.0,0.0
1780418098.0959811,qwen2.5-3b-instruct-q5_k_m.gguf,2516.09,4.30558,0.0,0.0
1780418098.601744,qwen2.5-3b-instruct-q5_k_m.gguf,2516.09,3.93703,0.0,0.0
1780418099.107649,qwen2.5-3b-instruct-q5_k_m.gguf,2516.09,3.6761399999999997,0.0,0.0
1780418099.6131022,qwen2.5-3b-instruct-q5_k_m.gguf,2516.11,3.7571,0.0,0.0
1780418100.119223,qwen2.5-3b-instruct-q5_k_m.gguf,2516.12,3.8575100000000004,0.0,0.0
1780418100.625568,qwen2.5-3b-instruct-q5_k_m.gguf,2516.14,3.72564,0.0,0.0
1780418101.130861,qwen2.5-3b-instruct-q5_k_m.gguf,2516.14,3.88994,0.0,0.0
1780418101.636843,qwen2.5-3b-instruct-q5_k_m.gguf,2516.14,4.00097,0.0,0.0
1780418102.1427991,qwen2.5-3b-instruct-q5_k_m.gguf,2516.14,3.87805,0.0,0.0
1780418102.648643,qwen2.5-3b-instruct-q5_k_m.gguf,2516.14,3.98392,0.0,0.0
1780418103.1543381,qwen2.5-3b-instruct-q5_k_m.gguf,2516.14,3.88742,0.0,0.0
1780418103.660634,qwen2.5-3b-instruct-q5_k_m.gguf,2516.14,3.92174,0.0,0.0
1780418104.1660721,qwen2.5-3b-instruct-q5_k_m.gguf,2516.14,3.7367399999999997,0.0,0.0
1780418106.288599,qwen2.5-3b-instruct-q5_k_m.gguf,2504.36,3.14106,0.0,0.0
1780418106.7958322,qwen2.5-3b-instruct-q5_k_m.gguf,2504.38,2.6801999999999997,0.0,0.0
1780418107.3007731,qwen2.5-3b-instruct-q5_k_m.gguf,2504.39,3.3159,0.0,0.0
1780418107.8069801,qwen2.5-3b-instruct-q5_k_m.gguf,2504.39,3.4708099999999997,0.0,0.0
1780418108.3125749,qwen2.5-3b-instruct-q5_k_m.gguf,2504.39,3.81825,0.0,0.0
1780418108.818382,qwen2.5-3b-instruct-q5_k_m.gguf,2504.39,4.06282,0.0,0.0
1780418109.323621,qwen2.5-3b-instruct-q5_k_m.gguf,2504.39,4.03963,0.0,0.0
1780418109.829674,qwen2.5-3b-instruct-q5_k_m.gguf,2504.59,4.24418,0.0,0.0
1780418110.33531,qwen2.5-3b-instruct-q5_k_m.gguf,2504.59,4.03257,0.0,0.0
1780418110.841671,qwen2.5-3b-instruct-q5_k_m.gguf,2504.59,3.94141,0.0,0.0
1780418111.3474581,qwen2.5-3b-instruct-q5_k_m.gguf,2504.61,3.7388600000000003,0.0,0.0
1780418111.854094,qwen2.5-3b-instruct-q5_k_m.gguf,2504.61,3.82342,0.0,0.0
1780418112.359516,qwen2.5-3b-instruct-q5_k_m.gguf,2504.61,3.8595,0.0,0.0
1780418112.8661199,qwen2.5-3b-instruct-q5_k_m.gguf,2504.61,6.8783900000000004,0.0,0.0
1780418113.372374,qwen2.5-3b-instruct-q5_k_m.gguf,2504.61,5.5855500000000005,0.0,0.0
1780418113.878504,qwen2.5-3b-instruct-q5_k_m.gguf,2504.61,2.59433,0.0,0.0
1780418114.384711,qwen2.5-3b-instruct-q5_k_m.gguf,2504.61,2.9063600000000003,0.0,0.0
1780418114.890678,qwen2.5-3b-instruct-q5_k_m.gguf,2504.61,2.9900300000000004,0.0,0.0
1780418115.396524,qwen2.5-3b-instruct-q5_k_m.gguf,2504.61,3.6456500000000003,0.0,0.0
1780418115.9018571,qwen2.5-3b-instruct-q5_k_m.gguf,2504.56,3.7293600000000002,0.0,0.0
1780418116.40769,qwen2.5-3b-instruct-q5_k_m.gguf,2504.56,4.22729,0.0,0.0
1780418116.9131808,qwen2.5-3b-instruct-q5_k_m.gguf,2504.56,4.29518,0.0,0.0
1780418117.4194171,qwen2.5-3b-instruct-q5_k_m.gguf,2504.56,3.95176,0.0,0.0
1780418117.925051,qwen2.5-3b-instruct-q5_k_m.gguf,110.92,3.6267,0.0,0.0
1780418119.993153,qwen2.5-3b-instruct-q5_k_m.gguf,2508.16,2.92465,0.0,0.0
1780418120.499003,qwen2.5-3b-instruct-q5_k_m.gguf,2508.16,2.6889600000000002,0.0,0.0
1780418121.003985,qwen2.5-3b-instruct-q5_k_m.gguf,2508.16,2.9272600000000004,0.0,0.0
1780418121.509964,qwen2.5-3b-instruct-q5_k_m.gguf,2508.23,3.4918,0.0,0.0
1780418122.015632,qwen2.5-3b-instruct-q5_k_m.gguf,2508.3,3.9031599999999997,0.0,0.0
1780418122.5217102,qwen2.5-3b-instruct-q5_k_m.gguf,2508.3,4.10887,0.0,0.0
1780418123.0274088,qwen2.5-3b-instruct-q5_k_m.gguf,2508.3,4.121239999999999,0.0,0.0
1780418123.533633,qwen2.5-3b-instruct-q5_k_m.gguf,2508.38,4.54675,0.0,0.0
1780418124.040231,qwen2.5-3b-instruct-q5_k_m.gguf,2508.38,4.85935,0.0,0.0
1780418124.546294,qwen2.5-3b-instruct-q5_k_m.gguf,2508.38,3.51116,0.0,0.0
1780418125.052948,qwen2.5-3b-instruct-q5_k_m.gguf,2508.39,4.64424,0.0,0.0
1780418125.5596511,qwen2.5-3b-instruct-q5_k_m.gguf,2508.39,5.72724,0.0,0.0
1780418126.066219,qwen2.5-3b-instruct-q5_k_m.gguf,2508.39,4.62352,0.0,0.0
1780418126.5729449,qwen2.5-3b-instruct-q5_k_m.gguf,2508.39,2.81588,0.0,0.0
1780418127.078754,qwen2.5-3b-instruct-q5_k_m.gguf,2508.39,3.08292,0.0,0.0
1780418127.584683,qwen2.5-3b-instruct-q5_k_m.gguf,2508.39,3.63374,0.0,0.0
1780418128.09083,qwen2.5-3b-instruct-q5_k_m.gguf,2508.39,3.63375,0.0,0.0
1780418128.5966568,qwen2.5-3b-instruct-q5_k_m.gguf,2508.39,4.11388,0.0,0.0
1780418129.1026208,qwen2.5-3b-instruct-q5_k_m.gguf,2508.39,3.90238,0.0,0.0
1780418129.608611,qwen2.5-3b-instruct-q5_k_m.gguf,2508.39,4.06992,0.0,0.0
1780418130.1145349,qwen2.5-3b-instruct-q5_k_m.gguf,2508.39,4.17825,0.0,0.0
1780418130.620148,qwen2.5-3b-instruct-q5_k_m.gguf,2508.39,3.73815,0.0,0.0
1780418131.12572,qwen2.5-3b-instruct-q5_k_m.gguf,2508.39,3.89073,0.0,0.0
1780418131.6408808,qwen2.5-3b-instruct-q5_k_m.gguf,114.77,4.0490900000000005,0.0,0.0
1780418133.675942,qwen2.5-3b-instruct-q5_k_m.gguf,2503.89,3.1606,0.0,0.0
1780418134.181615,qwen2.5-3b-instruct-q5_k_m.gguf,2503.89,2.37952,0.0,0.0
1780418134.6874769,qwen2.5-3b-instruct-q5_k_m.gguf,2503.91,3.0274,0.0,0.0
1780418135.1935859,qwen2.5-3b-instruct-q5_k_m.gguf,2503.91,3.62425,0.0,0.0
1780418135.699121,qwen2.5-3b-instruct-q5_k_m.gguf,2503.92,3.86693,0.0,0.0
1780418136.205039,qwen2.5-3b-instruct-q5_k_m.gguf,2503.92,3.75563,0.0,0.0
1780418136.7115068,qwen2.5-3b-instruct-q5_k_m.gguf,2503.94,4.1286700000000005,0.0,0.0
1780418137.2188249,qwen2.5-3b-instruct-q5_k_m.gguf,2503.94,3.8749499999999997,0.0,0.0
1780418137.726572,qwen2.5-3b-instruct-q5_k_m.gguf,2503.95,3.43394,0.0,0.0
1780418138.232911,qwen2.5-3b-instruct-q5_k_m.gguf,2503.95,3.75854,0.0,0.0
1780418138.740156,qwen2.5-3b-instruct-q5_k_m.gguf,2503.97,3.60053,0.0,0.0
1780418139.24807,qwen2.5-3b-instruct-q5_k_m.gguf,2503.97,4.4072,0.0,0.0
1780418139.755193,qwen2.5-3b-instruct-q5_k_m.gguf,2503.97,3.6512,0.0,0.0
1780418140.262463,qwen2.5-3b-instruct-q5_k_m.gguf,2503.97,3.3413000000000004,0.0,0.0
1780418140.769405,qwen2.5-3b-instruct-q5_k_m.gguf,2503.95,3.77812,0.0,0.0
1780418141.276083,qwen2.5-3b-instruct-q5_k_m.gguf,2503.95,3.64967,0.0,0.0
1780418141.783057,qwen2.5-3b-instruct-q5_k_m.gguf,2503.95,3.79144,0.0,0.0
1780418142.290109,qwen2.5-3b-instruct-q5_k_m.gguf,2503.97,3.81194,0.0,0.0
1780418142.7967281,qwen2.5-3b-instruct-q5_k_m.gguf,2503.97,3.76819,0.0,0.0
1780418143.303877,qwen2.5-3b-instruct-q5_k_m.gguf,2503.97,3.6253200000000003,0.0,0.0
1780418143.810805,qwen2.5-3b-instruct-q5_k_m.gguf,2503.97,3.74538,0.0,0.0
1780418145.9346519,qwen2.5-3b-instruct-q5_k_m.gguf,2497.12,3.56103,0.0,0.0
1780418146.441955,qwen2.5-3b-instruct-q5_k_m.gguf,2497.12,2.62154,0.0,0.0
1780418146.9486258,qwen2.5-3b-instruct-q5_k_m.gguf,2497.12,2.91294,0.0,0.0
1780418147.455882,qwen2.5-3b-instruct-q5_k_m.gguf,2497.12,3.76416,0.0,0.0
1780418147.962477,qwen2.5-3b-instruct-q5_k_m.gguf,2497.12,3.53038,0.0,0.0
1780418148.4699378,qwen2.5-3b-instruct-q5_k_m.gguf,2497.12,3.272,0.0,0.0
1780418148.976712,qwen2.5-3b-instruct-q5_k_m.gguf,2497.14,3.6721399999999997,0.0,0.0
1780418149.4841359,qwen2.5-3b-instruct-q5_k_m.gguf,2497.09,3.89807,0.0,0.0
1780418149.991043,qwen2.5-3b-instruct-q5_k_m.gguf,2497.09,3.75055,0.0,0.0
1780418150.498386,qwen2.5-3b-instruct-q5_k_m.gguf,2497.09,3.66257,0.0,0.0
1780418151.005482,qwen2.5-3b-instruct-q5_k_m.gguf,2497.09,3.75776,0.0,0.0
1780418151.5125399,qwen2.5-3b-instruct-q5_k_m.gguf,2497.09,3.86341,0.0,0.0
1780418152.019681,qwen2.5-3b-instruct-q5_k_m.gguf,2497.09,3.8799200000000003,0.0,0.0
1780418152.526975,qwen2.5-3b-instruct-q5_k_m.gguf,2497.09,3.74657,0.0,0.0
1780418153.0339048,qwen2.5-3b-instruct-q5_k_m.gguf,2497.09,3.39838,0.0,0.0
1780418153.5405471,qwen2.5-3b-instruct-q5_k_m.gguf,2497.09,3.71998,0.0,0.0
1780418154.0477362,qwen2.5-3b-instruct-q5_k_m.gguf,2497.09,3.8808499999999997,0.0,0.0
1780418154.5543182,qwen2.5-3b-instruct-q5_k_m.gguf,2497.09,3.62275,0.0,0.0
1780418155.061454,qwen2.5-3b-instruct-q5_k_m.gguf,2497.09,3.65863,0.0,0.0
1780418155.5758421,qwen2.5-3b-instruct-q5_k_m.gguf,103.47,3.88564,0.0,0.0
1780418157.737679,qwen2.5-3b-instruct-q5_k_m.gguf,2510.2,4.06676,0.0,0.0
1780418158.2453299,qwen2.5-3b-instruct-q5_k_m.gguf,2510.2,2.58675,0.0,0.0
1780418158.751703,qwen2.5-3b-instruct-q5_k_m.gguf,2510.2,2.8458,0.0,0.0
1780418159.259603,qwen2.5-3b-instruct-q5_k_m.gguf,2510.25,3.61869,0.0,0.0
1780418159.7654889,qwen2.5-3b-instruct-q5_k_m.gguf,2510.25,3.4260900000000003,0.0,0.0
1780418160.272345,qwen2.5-3b-instruct-q5_k_m.gguf,2510.25,3.49633,0.0,0.0
1780418160.77953,qwen2.5-3b-instruct-q5_k_m.gguf,2510.25,3.7626399999999998,0.0,0.0
1780418161.2862332,qwen2.5-3b-instruct-q5_k_m.gguf,2510.25,3.7658400000000003,0.0,0.0
1780418161.792983,qwen2.5-3b-instruct-q5_k_m.gguf,2510.23,3.96271,0.0,0.0
1780418162.300531,qwen2.5-3b-instruct-q5_k_m.gguf,2510.23,3.7919899999999997,0.0,0.0
1780418162.8074272,qwen2.5-3b-instruct-q5_k_m.gguf,2510.25,3.6420500000000002,0.0,0.0
1780418163.3149319,qwen2.5-3b-instruct-q5_k_m.gguf,2510.25,3.9239699999999997,0.0,0.0
1780418163.822143,qwen2.5-3b-instruct-q5_k_m.gguf,2510.25,3.58265,0.0,0.0
1780418164.3290172,qwen2.5-3b-instruct-q5_k_m.gguf,2510.25,3.8165999999999998,0.0,0.0
1780418164.8361442,qwen2.5-3b-instruct-q5_k_m.gguf,2510.25,3.63856,0.0,0.0
1780418165.3432598,qwen2.5-3b-instruct-q5_k_m.gguf,2510.25,3.66001,0.0,0.0
1780418165.850206,qwen2.5-3b-instruct-q5_k_m.gguf,2510.25,4.284,0.0,0.0
1780418166.357538,qwen2.5-3b-instruct-q5_k_m.gguf,2510.25,3.61754,0.0,0.0
1780418166.864355,qwen2.5-3b-instruct-q5_k_m.gguf,2510.25,3.69495,0.0,0.0
1780418167.3710709,qwen2.5-3b-instruct-q5_k_m.gguf,116.59,4.14777,0.0,0.0
1780418169.482985,qwen2.5-3b-instruct-q5_k_m.gguf,2492.55,3.6600900000000003,0.0,0.0
1780418169.9897778,qwen2.5-3b-instruct-q5_k_m.gguf,2492.56,2.72171,0.0,0.0
1780418170.496866,qwen2.5-3b-instruct-q5_k_m.gguf,2492.58,3.49088,0.0,0.0
1780418171.004072,qwen2.5-3b-instruct-q5_k_m.gguf,2492.58,3.31193,0.0,0.0
1780418171.509553,qwen2.5-3b-instruct-q5_k_m.gguf,2492.58,3.7602800000000003,0.0,0.0
1780418172.0173929,qwen2.5-3b-instruct-q5_k_m.gguf,2492.58,3.8580900000000002,0.0,0.0
1780418172.5242271,qwen2.5-3b-instruct-q5_k_m.gguf,2492.58,3.7164099999999998,0.0,0.0
1780418173.030636,qwen2.5-3b-instruct-q5_k_m.gguf,2492.59,3.88014,0.0,0.0
1780418173.537633,qwen2.5-3b-instruct-q5_k_m.gguf,2492.58,3.88165,0.0,0.0
1780418174.044479,qwen2.5-3b-instruct-q5_k_m.gguf,2492.58,3.67425,0.0,0.0
1780418174.5514922,qwen2.5-3b-instruct-q5_k_m.gguf,2492.58,3.79928,0.0,0.0
1780418175.0591161,qwen2.5-3b-instruct-q5_k_m.gguf,2492.58,3.81705,0.0,0.0
1780418175.5657432,qwen2.5-3b-instruct-q5_k_m.gguf,2492.58,3.69062,0.0,0.0
1780418176.0729249,qwen2.5-3b-instruct-q5_k_m.gguf,2492.58,3.64379,0.0,0.0
1780418176.58026,qwen2.5-3b-instruct-q5_k_m.gguf,2492.58,3.93764,0.0,0.0
1780418177.0878341,qwen2.5-3b-instruct-q5_k_m.gguf,2492.58,3.67956,0.0,0.0
1780418177.594903,qwen2.5-3b-instruct-q5_k_m.gguf,2492.58,4.3553999999999995,0.0,0.0
1780418178.102023,qwen2.5-3b-instruct-q5_k_m.gguf,2492.58,3.88887,0.0,0.0
1780418178.608947,qwen2.5-3b-instruct-q5_k_m.gguf,2492.58,3.6514499999999996,0.0,0.0
1780418179.116061,qwen2.5-3b-instruct-q5_k_m.gguf,2492.58,3.80276,0.0,0.0
1780418181.3143091,qwen2.5-3b-instruct-q5_k_m.gguf,2509.91,3.4931900000000002,0.0,0.0
1780418181.8200152,qwen2.5-3b-instruct-q5_k_m.gguf,2509.91,2.53511,0.0,0.0
1780418182.3269298,qwen2.5-3b-instruct-q5_k_m.gguf,2509.95,2.8964299999999996,0.0,0.0
1780418182.833954,qwen2.5-3b-instruct-q5_k_m.gguf,2509.95,3.7075,0.0,0.0
1780418183.340847,qwen2.5-3b-instruct-q5_k_m.gguf,2509.95,3.4873600000000002,0.0,0.0
1780418183.847712,qwen2.5-3b-instruct-q5_k_m.gguf,2509.95,3.38835,0.0,0.0
1780418184.355027,qwen2.5-3b-instruct-q5_k_m.gguf,2509.95,4.03441,0.0,0.0
1780418184.862541,qwen2.5-3b-instruct-q5_k_m.gguf,2509.95,3.81337,0.0,0.0
1780418185.369913,qwen2.5-3b-instruct-q5_k_m.gguf,2509.91,3.6447800000000004,0.0,0.0
1780418185.876742,qwen2.5-3b-instruct-q5_k_m.gguf,2509.91,3.80556,0.0,0.0
1780418186.3834612,qwen2.5-3b-instruct-q5_k_m.gguf,2509.92,4.12266,0.0,0.0
1780418186.890537,qwen2.5-3b-instruct-q5_k_m.gguf,2509.92,3.77554,0.0,0.0
1780418187.397436,qwen2.5-3b-instruct-q5_k_m.gguf,2509.92,4.22351,0.0,0.0
1780418187.904105,qwen2.5-3b-instruct-q5_k_m.gguf,2509.92,3.35873,0.0,0.0
1780418188.41137,qwen2.5-3b-instruct-q5_k_m.gguf,2509.92,3.93416,0.0,0.0
1780418188.9182131,qwen2.5-3b-instruct-q5_k_m.gguf,2509.92,3.7712800000000004,0.0,0.0
1780418189.425108,qwen2.5-3b-instruct-q5_k_m.gguf,2509.92,3.78146,0.0,0.0
1780418189.93227,qwen2.5-3b-instruct-q5_k_m.gguf,2509.92,3.72311,0.0,0.0
1780418190.438147,qwen2.5-3b-instruct-q5_k_m.gguf,2509.92,3.87856,0.0,0.0
1780418190.954448,qwen2.5-3b-instruct-q5_k_m.gguf,116.3,3.58917,0.0,0.0
1780418193.074633,qwen2.5-3b-instruct-q5_k_m.gguf,2503.55,4.28097,0.0,0.0
1780418193.581846,qwen2.5-3b-instruct-q5_k_m.gguf,2503.55,2.99111,0.0,0.0
1780418194.088759,qwen2.5-3b-instruct-q5_k_m.gguf,2503.55,2.7541700000000002,0.0,0.0
1780418194.595378,qwen2.5-3b-instruct-q5_k_m.gguf,2503.55,3.0604699999999996,0.0,0.0
1780418195.102587,qwen2.5-3b-instruct-q5_k_m.gguf,2503.55,3.79338,0.0,0.0
1780418195.610042,qwen2.5-3b-instruct-q5_k_m.gguf,2503.55,3.4024,0.0,0.0
1780418196.116844,qwen2.5-3b-instruct-q5_k_m.gguf,2503.55,4.01543,0.0,0.0
1780418196.6236491,qwen2.5-3b-instruct-q5_k_m.gguf,2503.55,3.83584,0.0,0.0
1780418197.13062,qwen2.5-3b-instruct-q5_k_m.gguf,2503.55,4.00491,0.0,0.0
1780418197.6379268,qwen2.5-3b-instruct-q5_k_m.gguf,2503.55,4.10079,0.0,0.0
1780418198.144968,qwen2.5-3b-instruct-q5_k_m.gguf,2503.55,3.6341300000000003,0.0,0.0
1780418198.651944,qwen2.5-3b-instruct-q5_k_m.gguf,2503.55,3.9336599999999997,0.0,0.0
1780418199.159301,qwen2.5-3b-instruct-q5_k_m.gguf,2503.55,3.8346799999999996,0.0,0.0
1780418199.666035,qwen2.5-3b-instruct-q5_k_m.gguf,2503.55,3.63831,0.0,0.0
1780418200.173677,qwen2.5-3b-instruct-q5_k_m.gguf,2503.56,3.5757,0.0,0.0
1780418200.680855,qwen2.5-3b-instruct-q5_k_m.gguf,2503.56,3.68417,0.0,0.0
1780418201.1876469,qwen2.5-3b-instruct-q5_k_m.gguf,2503.56,3.6425799999999997,0.0,0.0
1780418201.6956758,qwen2.5-3b-instruct-q5_k_m.gguf,2503.56,3.83305,0.0,0.0
1780418202.2019122,qwen2.5-3b-instruct-q5_k_m.gguf,2503.56,3.92229,0.0,0.0
1780418369.689112,qwen2.5-3b-instruct-q5_k_m.gguf,2716.5,4.24392,0.0,0.0
1780418370.1963038,qwen2.5-3b-instruct-q5_k_m.gguf,2716.5,2.86667,0.0,0.0
1780418370.7035031,qwen2.5-3b-instruct-q5_k_m.gguf,2716.5,2.99078,0.0,0.0
1780418371.2103329,qwen2.5-3b-instruct-q5_k_m.gguf,2716.5,3.24354,0.0,0.0
1780418371.717061,qwen2.5-3b-instruct-q5_k_m.gguf,2716.5,3.64512,0.0,0.0
1780418372.224055,qwen2.5-3b-instruct-q5_k_m.gguf,2716.5,3.74921,0.0,0.0
1780418372.731127,qwen2.5-3b-instruct-q5_k_m.gguf,2716.5,4.12985,0.0,0.0
1780418373.238004,qwen2.5-3b-instruct-q5_k_m.gguf,2716.5,3.64389,0.0,0.0
1780418373.744725,qwen2.5-3b-instruct-q5_k_m.gguf,2716.5,4.022530000000001,0.0,0.0
1780418374.2516868,qwen2.5-3b-instruct-q5_k_m.gguf,2716.5,3.85671,0.0,0.0
1780418374.75843,qwen2.5-3b-instruct-q5_k_m.gguf,2716.5,3.94339,0.0,0.0
1780418375.265426,qwen2.5-3b-instruct-q5_k_m.gguf,2716.52,3.90055,0.0,0.0
1780418375.7725608,qwen2.5-3b-instruct-q5_k_m.gguf,2716.52,3.75766,0.0,0.0
1780418376.2799628,qwen2.5-3b-instruct-q5_k_m.gguf,2716.52,3.78159,0.0,0.0
1780418376.7872021,qwen2.5-3b-instruct-q5_k_m.gguf,2716.53,3.9590799999999997,0.0,0.0
1780418377.294472,qwen2.5-3b-instruct-q5_k_m.gguf,2716.53,4.04786,0.0,0.0
1780418377.801308,qwen2.5-3b-instruct-q5_k_m.gguf,2716.53,3.7528200000000003,0.0,0.0
1780418378.308434,qwen2.5-3b-instruct-q5_k_m.gguf,2716.53,3.66563,0.0,0.0
1780418378.822159,qwen2.5-3b-instruct-q5_k_m.gguf,106.88,3.61276,0.0,0.0
1780418380.834208,qwen2.5-3b-instruct-q5_k_m.gguf,2725.94,4.0092,0.0,0.0
1780418381.3411572,qwen2.5-3b-instruct-q5_k_m.gguf,2725.95,2.94775,0.0,0.0
1780418381.848037,qwen2.5-3b-instruct-q5_k_m.gguf,2725.98,3.16456,0.0,0.0
1780418382.355156,qwen2.5-3b-instruct-q5_k_m.gguf,2725.98,3.2616199999999997,0.0,0.0
1780418382.8628402,qwen2.5-3b-instruct-q5_k_m.gguf,2725.98,3.60455,0.0,0.0
1780418383.370314,qwen2.5-3b-instruct-q5_k_m.gguf,2725.98,4.1389,0.0,0.0
1780418383.877561,qwen2.5-3b-instruct-q5_k_m.gguf,2725.98,3.7402800000000003,0.0,0.0
1780418384.384473,qwen2.5-3b-instruct-q5_k_m.gguf,2725.97,3.58493,0.0,0.0
1780418384.891156,qwen2.5-3b-instruct-q5_k_m.gguf,2725.98,3.97031,0.0,0.0
1780418385.398323,qwen2.5-3b-instruct-q5_k_m.gguf,2725.98,4.58207,0.0,0.0
1780418385.905726,qwen2.5-3b-instruct-q5_k_m.gguf,2725.98,3.79171,0.0,0.0
1780418386.412587,qwen2.5-3b-instruct-q5_k_m.gguf,2725.98,3.76601,0.0,0.0
1780418386.9192011,qwen2.5-3b-instruct-q5_k_m.gguf,2725.98,3.74689,0.0,0.0
1780418387.426267,qwen2.5-3b-instruct-q5_k_m.gguf,2725.98,3.74731,0.0,0.0
1780418387.933198,qwen2.5-3b-instruct-q5_k_m.gguf,2726.0,3.90109,0.0,0.0
1780418388.438852,qwen2.5-3b-instruct-q5_k_m.gguf,2726.0,3.86719,0.0,0.0
1780418388.945461,qwen2.5-3b-instruct-q5_k_m.gguf,2726.0,3.69558,0.0,0.0
1780418389.453465,qwen2.5-3b-instruct-q5_k_m.gguf,2726.0,3.8659,0.0,0.0
1780418389.9603488,qwen2.5-3b-instruct-q5_k_m.gguf,2726.0,3.7389099999999997,0.0,0.0
1780418392.035368,qwen2.5-3b-instruct-q5_k_m.gguf,2709.7,3.53946,0.0,0.0
1780418392.546595,qwen2.5-3b-instruct-q5_k_m.gguf,2709.77,2.7765,0.0,0.0
1780418393.048754,qwen2.5-3b-instruct-q5_k_m.gguf,2709.77,2.90646,0.0,0.0
1780418393.555435,qwen2.5-3b-instruct-q5_k_m.gguf,2709.77,3.41539,0.0,0.0
1780418394.062474,qwen2.5-3b-instruct-q5_k_m.gguf,2709.77,3.48627,0.0,0.0
1780418394.5696158,qwen2.5-3b-instruct-q5_k_m.gguf,2709.77,3.6666999999999996,0.0,0.0
1780418395.076758,qwen2.5-3b-instruct-q5_k_m.gguf,2709.77,3.55739,0.0,0.0
1780418395.583997,qwen2.5-3b-instruct-q5_k_m.gguf,2709.77,3.98872,0.0,0.0
1780418396.0911858,qwen2.5-3b-instruct-q5_k_m.gguf,2709.73,3.57582,0.0,0.0
1780418396.598017,qwen2.5-3b-instruct-q5_k_m.gguf,2709.73,4.46561,0.0,0.0
1780418397.105025,qwen2.5-3b-instruct-q5_k_m.gguf,2709.73,3.78735,0.0,0.0
1780418397.6121001,qwen2.5-3b-instruct-q5_k_m.gguf,2709.73,3.5845700000000003,0.0,0.0
1780418398.119107,qwen2.5-3b-instruct-q5_k_m.gguf,2709.73,3.9083099999999997,0.0,0.0
1780418398.626356,qwen2.5-3b-instruct-q5_k_m.gguf,2709.73,3.63619,0.0,0.0
1780418399.133638,qwen2.5-3b-instruct-q5_k_m.gguf,2709.73,4.0043,0.0,0.0
1780418399.6402318,qwen2.5-3b-instruct-q5_k_m.gguf,2709.73,3.7012600000000004,0.0,0.0
1780418400.147094,qwen2.5-3b-instruct-q5_k_m.gguf,2709.73,3.82559,0.0,0.0
1780418400.6542568,qwen2.5-3b-instruct-q5_k_m.gguf,2709.73,3.7607399999999997,0.0,0.0
1780418401.1608698,qwen2.5-3b-instruct-q5_k_m.gguf,2709.73,3.6398699999999997,0.0,0.0
1780418401.677639,qwen2.5-3b-instruct-q5_k_m.gguf,100.12,3.8529,0.0,0.0
1780418403.798422,qwen2.5-3b-instruct-q5_k_m.gguf,2708.59,4.62131,0.0,0.0
1780418404.3050072,qwen2.5-3b-instruct-q5_k_m.gguf,2708.61,3.22309,0.0,0.0
1780418404.811651,qwen2.5-3b-instruct-q5_k_m.gguf,2708.61,3.19036,0.0,0.0
1780418405.318632,qwen2.5-3b-instruct-q5_k_m.gguf,2708.61,3.38653,0.0,0.0
1780418405.826078,qwen2.5-3b-instruct-q5_k_m.gguf,2708.61,3.41867,0.0,0.0
1780418406.333188,qwen2.5-3b-instruct-q5_k_m.gguf,2708.62,3.96334,0.0,0.0
1780418406.840215,qwen2.5-3b-instruct-q5_k_m.gguf,2708.62,3.62205,0.0,0.0
1780418407.347382,qwen2.5-3b-instruct-q5_k_m.gguf,2708.62,3.5782399999999996,0.0,0.0
1780418407.8546822,qwen2.5-3b-instruct-q5_k_m.gguf,2708.61,3.74354,0.0,0.0
1780418408.361349,qwen2.5-3b-instruct-q5_k_m.gguf,2708.61,3.7696300000000003,0.0,0.0
1780418408.868259,qwen2.5-3b-instruct-q5_k_m.gguf,2708.61,4.00281,0.0,0.0
1780418409.375487,qwen2.5-3b-instruct-q5_k_m.gguf,2708.61,3.96823,0.0,0.0
1780418409.8821812,qwen2.5-3b-instruct-q5_k_m.gguf,2708.62,3.80865,0.0,0.0
1780418410.388814,qwen2.5-3b-instruct-q5_k_m.gguf,2708.62,3.65191,0.0,0.0
1780418410.896734,qwen2.5-3b-instruct-q5_k_m.gguf,2708.62,3.7292199999999998,0.0,0.0
1780418411.403344,qwen2.5-3b-instruct-q5_k_m.gguf,2708.62,3.75725,0.0,0.0
1780418411.9100292,qwen2.5-3b-instruct-q5_k_m.gguf,2708.62,3.4981999999999998,0.0,0.0
1780418412.4171982,qwen2.5-3b-instruct-q5_k_m.gguf,2708.62,3.82209,0.0,0.0
1780418412.9246762,qwen2.5-3b-instruct-q5_k_m.gguf,2708.62,3.78194,0.0,0.0
1780418415.1216562,qwen2.5-3b-instruct-q5_k_m.gguf,2711.59,3.7648699999999997,0.0,0.0
1780418415.628384,qwen2.5-3b-instruct-q5_k_m.gguf,2711.59,2.8726,0.0,0.0
1780418416.135255,qwen2.5-3b-instruct-q5_k_m.gguf,2711.59,3.12428,0.0,0.0
1780418416.6418922,qwen2.5-3b-instruct-q5_k_m.gguf,2711.62,3.27604,0.0,0.0
1780418417.1480892,qwen2.5-3b-instruct-q5_k_m.gguf,2711.62,3.8983499999999998,0.0,0.0
1780418417.654985,qwen2.5-3b-instruct-q5_k_m.gguf,2711.62,3.49062,0.0,0.0
1780418418.161717,qwen2.5-3b-instruct-q5_k_m.gguf,2711.62,3.73896,0.0,0.0
1780418418.66891,qwen2.5-3b-instruct-q5_k_m.gguf,2711.62,3.9301500000000003,0.0,0.0
1780418419.175741,qwen2.5-3b-instruct-q5_k_m.gguf,2711.58,3.65071,0.0,0.0
1780418419.682627,qwen2.5-3b-instruct-q5_k_m.gguf,2711.58,3.9688600000000003,0.0,0.0
1780418420.188808,qwen2.5-3b-instruct-q5_k_m.gguf,2711.58,3.70532,0.0,0.0
1780418420.696081,qwen2.5-3b-instruct-q5_k_m.gguf,2711.58,3.9217,0.0,0.0
1780418421.203186,qwen2.5-3b-instruct-q5_k_m.gguf,2711.59,3.7209,0.0,0.0
1780418421.710495,qwen2.5-3b-instruct-q5_k_m.gguf,2711.59,3.6198200000000003,0.0,0.0
1780418422.217283,qwen2.5-3b-instruct-q5_k_m.gguf,2711.59,3.78571,0.0,0.0
1780418422.7245271,qwen2.5-3b-instruct-q5_k_m.gguf,2711.59,3.78755,0.0,0.0
1780418423.232207,qwen2.5-3b-instruct-q5_k_m.gguf,2711.59,3.6414,0.0,0.0
1780418423.73973,qwen2.5-3b-instruct-q5_k_m.gguf,2711.59,3.74954,0.0,0.0
1780418424.2467132,qwen2.5-3b-instruct-q5_k_m.gguf,2711.59,3.70762,0.0,0.0
1780418426.433017,qwen2.5-3b-instruct-q5_k_m.gguf,2715.88,3.2950500000000003,0.0,0.0
1780418426.9406981,qwen2.5-3b-instruct-q5_k_m.gguf,2715.89,2.6073000000000004,0.0,0.0
1780418427.447548,qwen2.5-3b-instruct-q5_k_m.gguf,2715.91,2.59354,0.0,0.0
1780418427.9544902,qwen2.5-3b-instruct-q5_k_m.gguf,2715.92,3.38594,0.0,0.0
1780418428.461646,qwen2.5-3b-instruct-q5_k_m.gguf,2715.92,3.6840300000000004,0.0,0.0
1780418428.968898,qwen2.5-3b-instruct-q5_k_m.gguf,2715.92,3.95721,0.0,0.0
1780418429.476038,qwen2.5-3b-instruct-q5_k_m.gguf,2715.92,3.65448,0.0,0.0
1780418429.983372,qwen2.5-3b-instruct-q5_k_m.gguf,2715.88,4.14327,0.0,0.0
1780418430.490249,qwen2.5-3b-instruct-q5_k_m.gguf,2715.88,3.7185,0.0,0.0
1780418430.997366,qwen2.5-3b-instruct-q5_k_m.gguf,2715.88,3.99158,0.0,0.0
1780418431.5040052,qwen2.5-3b-instruct-q5_k_m.gguf,2715.88,3.7508600000000003,0.0,0.0
1780418432.011422,qwen2.5-3b-instruct-q5_k_m.gguf,2715.88,3.94665,0.0,0.0
1780418432.5183098,qwen2.5-3b-instruct-q5_k_m.gguf,2715.88,3.64453,0.0,0.0
1780418433.024419,qwen2.5-3b-instruct-q5_k_m.gguf,2715.88,3.3983600000000003,0.0,0.0
1780418433.5320342,qwen2.5-3b-instruct-q5_k_m.gguf,2715.88,4.08511,0.0,0.0
1780418434.038453,qwen2.5-3b-instruct-q5_k_m.gguf,2715.88,3.7654699999999997,0.0,0.0
1780418434.5453598,qwen2.5-3b-instruct-q5_k_m.gguf,2715.88,3.76979,0.0,0.0
1780418435.0526028,qwen2.5-3b-instruct-q5_k_m.gguf,2715.88,3.93985,0.0,0.0
1780418435.558878,qwen2.5-3b-instruct-q5_k_m.gguf,2715.88,3.80553,0.0,0.0
1780418436.066025,qwen2.5-3b-instruct-q5_k_m.gguf,106.25,3.72896,0.0,0.0
1780418438.175107,qwen2.5-3b-instruct-q5_k_m.gguf,2714.06,3.93378,0.0,0.0
1780418438.6818528,qwen2.5-3b-instruct-q5_k_m.gguf,2714.11,2.5953600000000003,0.0,0.0
1780418439.18883,qwen2.5-3b-instruct-q5_k_m.gguf,2714.11,2.9155100000000003,0.0,0.0
1780418439.6960452,qwen2.5-3b-instruct-q5_k_m.gguf,2714.11,3.22358,0.0,0.0
1780418440.203085,qwen2.5-3b-instruct-q5_k_m.gguf,2714.11,3.525,0.0,0.0
1780418440.7100391,qwen2.5-3b-instruct-q5_k_m.gguf,2714.11,3.6958,0.0,0.0
1780418441.2169962,qwen2.5-3b-instruct-q5_k_m.gguf,2714.12,3.8486599999999997,0.0,0.0
1780418441.7240992,qwen2.5-3b-instruct-q5_k_m.gguf,2714.12,3.97351,0.0,0.0
1780418442.231262,qwen2.5-3b-instruct-q5_k_m.gguf,2714.08,3.89064,0.0,0.0
1780418442.738945,qwen2.5-3b-instruct-q5_k_m.gguf,2714.09,3.5692199999999996,0.0,0.0
1780418443.245614,qwen2.5-3b-instruct-q5_k_m.gguf,2714.09,4.08495,0.0,0.0
1780418443.752873,qwen2.5-3b-instruct-q5_k_m.gguf,2714.09,3.7679099999999996,0.0,0.0
1780418444.26027,qwen2.5-3b-instruct-q5_k_m.gguf,2714.09,3.92801,0.0,0.0
1780418444.7672079,qwen2.5-3b-instruct-q5_k_m.gguf,2714.09,3.86669,0.0,0.0
1780418445.274721,qwen2.5-3b-instruct-q5_k_m.gguf,2714.09,3.59379,0.0,0.0
1780418445.7821372,qwen2.5-3b-instruct-q5_k_m.gguf,2714.09,3.5813099999999998,0.0,0.0
1780418446.2892108,qwen2.5-3b-instruct-q5_k_m.gguf,2714.09,3.87263,0.0,0.0
1780418446.796385,qwen2.5-3b-instruct-q5_k_m.gguf,2714.09,3.60894,0.0,0.0
1780418447.303529,qwen2.5-3b-instruct-q5_k_m.gguf,2714.09,4.14495,0.0,0.0
1780418449.453863,qwen2.5-3b-instruct-q5_k_m.gguf,2717.7,3.3972399999999996,0.0,0.0
1780418449.960542,qwen2.5-3b-instruct-q5_k_m.gguf,2717.7,2.58582,0.0,0.0
1780418450.467425,qwen2.5-3b-instruct-q5_k_m.gguf,2717.7,2.86838,0.0,0.0
1780418450.974091,qwen2.5-3b-instruct-q5_k_m.gguf,2717.7,3.40148,0.0,0.0
1780418451.48155,qwen2.5-3b-instruct-q5_k_m.gguf,2717.7,3.97888,0.0,0.0
1780418451.9871202,qwen2.5-3b-instruct-q5_k_m.gguf,2717.7,3.70295,0.0,0.0
1780418452.494144,qwen2.5-3b-instruct-q5_k_m.gguf,2717.72,3.72948,0.0,0.0
1780418453.001633,qwen2.5-3b-instruct-q5_k_m.gguf,2717.72,3.85152,0.0,0.0
1780418453.508335,qwen2.5-3b-instruct-q5_k_m.gguf,2717.72,3.92746,0.0,0.0
1780418454.015125,qwen2.5-3b-instruct-q5_k_m.gguf,2717.72,3.64101,0.0,0.0
1780418454.521981,qwen2.5-3b-instruct-q5_k_m.gguf,2717.72,3.87979,0.0,0.0
1780418455.0293021,qwen2.5-3b-instruct-q5_k_m.gguf,2717.72,3.88656,0.0,0.0
1780418455.536541,qwen2.5-3b-instruct-q5_k_m.gguf,2717.72,3.7345,0.0,0.0
1780418456.0435789,qwen2.5-3b-instruct-q5_k_m.gguf,2717.72,3.8328200000000003,0.0,0.0
1780418456.5510569,qwen2.5-3b-instruct-q5_k_m.gguf,2717.73,4.00922,0.0,0.0
1780418457.0577579,qwen2.5-3b-instruct-q5_k_m.gguf,2717.73,3.7221599999999997,0.0,0.0
1780418457.565229,qwen2.5-3b-instruct-q5_k_m.gguf,2717.75,4.153449999999999,0.0,0.0
1780418458.072242,qwen2.5-3b-instruct-q5_k_m.gguf,2717.75,3.3415700000000004,0.0,0.0
1780418458.579357,qwen2.5-3b-instruct-q5_k_m.gguf,2717.75,3.7060999999999997,0.0,0.0
1780418459.092553,qwen2.5-3b-instruct-q5_k_m.gguf,108.12,3.56045,0.0,0.0
1780418461.258327,qwen2.5-3b-instruct-q5_k_m.gguf,2708.08,4.3225299999999995,0.0,0.0
1780418461.7646809,qwen2.5-3b-instruct-q5_k_m.gguf,2708.08,3.14736,0.0,0.0
1780418462.271447,qwen2.5-3b-instruct-q5_k_m.gguf,2708.08,2.69559,0.0,0.0
1780418462.7787578,qwen2.5-3b-instruct-q5_k_m.gguf,2708.08,3.1066599999999998,0.0,0.0
1780418463.285743,qwen2.5-3b-instruct-q5_k_m.gguf,2708.08,3.70781,0.0,0.0
1780418463.792447,qwen2.5-3b-instruct-q5_k_m.gguf,2708.09,3.4309499999999997,0.0,0.0
1780418464.299375,qwen2.5-3b-instruct-q5_k_m.gguf,2708.09,4.11284,0.0,0.0
1780418464.806729,qwen2.5-3b-instruct-q5_k_m.gguf,2708.09,4.04277,0.0,0.0
1780418465.3139572,qwen2.5-3b-instruct-q5_k_m.gguf,2708.06,3.70107,0.0,0.0
1780418465.820865,qwen2.5-3b-instruct-q5_k_m.gguf,2708.06,3.80235,0.0,0.0
1780418466.327581,qwen2.5-3b-instruct-q5_k_m.gguf,2708.06,4.07318,0.0,0.0
1780418466.834496,qwen2.5-3b-instruct-q5_k_m.gguf,2708.06,4.01581,0.0,0.0
1780418467.3415601,qwen2.5-3b-instruct-q5_k_m.gguf,2708.06,3.7345,0.0,0.0
1780418467.8486972,qwen2.5-3b-instruct-q5_k_m.gguf,2708.06,3.74685,0.0,0.0
1780418468.353955,qwen2.5-3b-instruct-q5_k_m.gguf,2708.06,3.6086799999999997,0.0,0.0
1780418468.8605802,qwen2.5-3b-instruct-q5_k_m.gguf,2708.08,4.46593,0.0,0.0
1780418469.3673642,qwen2.5-3b-instruct-q5_k_m.gguf,2708.08,5.57376,0.0,0.0
1780418469.874515,qwen2.5-3b-instruct-q5_k_m.gguf,2708.08,3.25696,0.0,0.0
1780418470.3815942,qwen2.5-3b-instruct-q5_k_m.gguf,2708.08,3.6723000000000003,0.0,0.0
1780418472.5599139,qwen2.5-3b-instruct-q5_k_m.gguf,2707.09,3.33786,0.0,0.0
1780418473.067358,qwen2.5-3b-instruct-q5_k_m.gguf,2707.11,2.60473,0.0,0.0
1780418473.573925,qwen2.5-3b-instruct-q5_k_m.gguf,2707.11,2.84843,0.0,0.0
1780418474.0813398,qwen2.5-3b-instruct-q5_k_m.gguf,2707.11,3.52373,0.0,0.0
1780418474.5885582,qwen2.5-3b-instruct-q5_k_m.gguf,2707.11,3.59663,0.0,0.0
1780418475.095496,qwen2.5-3b-instruct-q5_k_m.gguf,2707.11,3.88233,0.0,0.0
1780418475.601486,qwen2.5-3b-instruct-q5_k_m.gguf,2707.12,3.8362399999999997,0.0,0.0
1780418476.108515,qwen2.5-3b-instruct-q5_k_m.gguf,2707.12,4.09151,0.0,0.0
1780418476.615527,qwen2.5-3b-instruct-q5_k_m.gguf,2707.08,3.8325,0.0,0.0
1780418477.122581,qwen2.5-3b-instruct-q5_k_m.gguf,2707.08,3.9681100000000002,0.0,0.0
1780418477.629428,qwen2.5-3b-instruct-q5_k_m.gguf,2707.09,3.9932600000000003,0.0,0.0
1780418478.13727,qwen2.5-3b-instruct-q5_k_m.gguf,2707.09,4.43846,0.0,0.0
1780418478.644332,qwen2.5-3b-instruct-q5_k_m.gguf,2707.09,3.45731,0.0,0.0
1780418479.151501,qwen2.5-3b-instruct-q5_k_m.gguf,2707.09,3.7453000000000003,0.0,0.0
1780418479.65889,qwen2.5-3b-instruct-q5_k_m.gguf,2707.09,3.6238699999999997,0.0,0.0
1780418480.165592,qwen2.5-3b-instruct-q5_k_m.gguf,2707.09,3.87633,0.0,0.0
1780418480.672665,qwen2.5-3b-instruct-q5_k_m.gguf,2707.09,3.87813,0.0,0.0
1780418481.179622,qwen2.5-3b-instruct-q5_k_m.gguf,2707.09,3.84474,0.0,0.0
1780418481.68676,qwen2.5-3b-instruct-q5_k_m.gguf,2707.09,3.93402,0.0,0.0
1780418482.202184,qwen2.5-3b-instruct-q5_k_m.gguf,97.48,3.86239,0.0,0.0
1780418494.058327,qwen2.5-3b-instruct-q8_0.gguf,3561.17,4.54622,0.0,0.0
1780418494.565275,qwen2.5-3b-instruct-q8_0.gguf,3561.19,2.74523,0.0,0.0
1780418495.072074,qwen2.5-3b-instruct-q8_0.gguf,3561.19,1.86976,0.0,0.0
1780418495.5793338,qwen2.5-3b-instruct-q8_0.gguf,3561.19,2.3172800000000002,0.0,0.0
1780418496.084249,qwen2.5-3b-instruct-q8_0.gguf,3561.19,2.51783,0.0,0.0
1780418496.591098,qwen2.5-3b-instruct-q8_0.gguf,3561.19,2.6518699999999997,0.0,0.0
1780418497.09795,qwen2.5-3b-instruct-q8_0.gguf,3561.19,3.09167,0.0,0.0
1780418497.604794,qwen2.5-3b-instruct-q8_0.gguf,3561.2,2.93013,0.0,0.0
1780418498.1120179,qwen2.5-3b-instruct-q8_0.gguf,3561.16,3.0995100000000004,0.0,0.0
1780418498.6191602,qwen2.5-3b-instruct-q8_0.gguf,3561.16,3.23116,0.0,0.0
1780418499.126771,qwen2.5-3b-instruct-q8_0.gguf,3561.16,2.6892,0.0,0.0
1780418499.633448,qwen2.5-3b-instruct-q8_0.gguf,3561.16,3.03153,0.0,0.0
1780418500.140617,qwen2.5-3b-instruct-q8_0.gguf,3561.16,2.96798,0.0,0.0
1780418500.6480808,qwen2.5-3b-instruct-q8_0.gguf,3561.16,2.80235,0.0,0.0
1780418501.15462,qwen2.5-3b-instruct-q8_0.gguf,3561.16,2.85246,0.0,0.0
1780418501.6617138,qwen2.5-3b-instruct-q8_0.gguf,3561.16,2.88525,0.0,0.0
1780418502.168597,qwen2.5-3b-instruct-q8_0.gguf,3561.16,3.08183,0.0,0.0
1780418502.676673,qwen2.5-3b-instruct-q8_0.gguf,3561.16,2.83662,0.0,0.0
1780418503.183429,qwen2.5-3b-instruct-q8_0.gguf,3561.16,2.69273,0.0,0.0
1780418503.690538,qwen2.5-3b-instruct-q8_0.gguf,3561.17,2.96711,0.0,0.0
1780418504.1980531,qwen2.5-3b-instruct-q8_0.gguf,3561.17,2.74336,0.0,0.0
1780418506.4578161,qwen2.5-3b-instruct-q8_0.gguf,3577.36,2.35069,0.0,0.0
1780418506.964428,qwen2.5-3b-instruct-q8_0.gguf,3577.38,2.06085,0.0,0.0
1780418507.470989,qwen2.5-3b-instruct-q8_0.gguf,3577.41,2.91928,0.0,0.0
1780418507.9763598,qwen2.5-3b-instruct-q8_0.gguf,3577.42,2.55637,0.0,0.0
1780418508.483184,qwen2.5-3b-instruct-q8_0.gguf,3577.42,3.10513,0.0,0.0
1780418508.989934,qwen2.5-3b-instruct-q8_0.gguf,3577.42,2.87721,0.0,0.0
1780418509.49775,qwen2.5-3b-instruct-q8_0.gguf,3577.42,2.8270399999999998,0.0,0.0
1780418510.004259,qwen2.5-3b-instruct-q8_0.gguf,3577.42,2.802,0.0,0.0
1780418510.5111082,qwen2.5-3b-instruct-q8_0.gguf,3577.42,3.1851,0.0,0.0
1780418511.018162,qwen2.5-3b-instruct-q8_0.gguf,3577.42,3.3278600000000003,0.0,0.0
1780418511.525462,qwen2.5-3b-instruct-q8_0.gguf,3577.42,2.51359,0.0,0.0
1780418512.0324092,qwen2.5-3b-instruct-q8_0.gguf,3577.42,2.97354,0.0,0.0
1780418512.5390441,qwen2.5-3b-instruct-q8_0.gguf,3577.42,2.85609,0.0,0.0
1780418513.045915,qwen2.5-3b-instruct-q8_0.gguf,3577.44,2.9460100000000002,0.0,0.0
1780418513.552732,qwen2.5-3b-instruct-q8_0.gguf,3577.44,2.74288,0.0,0.0
1780418514.0604532,qwen2.5-3b-instruct-q8_0.gguf,3577.44,2.97112,0.0,0.0
1780418514.567421,qwen2.5-3b-instruct-q8_0.gguf,3577.44,2.94475,0.0,0.0
1780418515.074194,qwen2.5-3b-instruct-q8_0.gguf,3577.44,2.61259,0.0,0.0
1780418515.581086,qwen2.5-3b-instruct-q8_0.gguf,3577.44,3.146,0.0,0.0
1780418516.0879219,qwen2.5-3b-instruct-q8_0.gguf,3577.44,2.89822,0.0,0.0
1780418516.5949152,qwen2.5-3b-instruct-q8_0.gguf,3577.44,3.01896,0.0,0.0
1780418517.100851,qwen2.5-3b-instruct-q8_0.gguf,114.97,3.04622,0.0,0.0
1780418519.4381351,qwen2.5-3b-instruct-q8_0.gguf,3559.39,3.4558899999999997,0.0,0.0
1780418519.946254,qwen2.5-3b-instruct-q8_0.gguf,3559.41,2.38804,0.0,0.0
1780418520.4526432,qwen2.5-3b-instruct-q8_0.gguf,3559.41,2.3694499999999996,0.0,0.0
1780418520.9605079,qwen2.5-3b-instruct-q8_0.gguf,3559.41,2.59145,0.0,0.0
1780418521.467044,qwen2.5-3b-instruct-q8_0.gguf,3559.41,2.76475,0.0,0.0
1780418521.9740548,qwen2.5-3b-instruct-q8_0.gguf,3559.42,3.00872,0.0,0.0
1780418522.4816651,qwen2.5-3b-instruct-q8_0.gguf,3559.42,2.89308,0.0,0.0
1780418522.989148,qwen2.5-3b-instruct-q8_0.gguf,3559.44,2.91127,0.0,0.0
1780418523.496487,qwen2.5-3b-instruct-q8_0.gguf,3559.45,2.87871,0.0,0.0
1780418524.003052,qwen2.5-3b-instruct-q8_0.gguf,3559.45,2.84898,0.0,0.0
1780418524.510731,qwen2.5-3b-instruct-q8_0.gguf,3559.45,2.66947,0.0,0.0
1780418525.0175529,qwen2.5-3b-instruct-q8_0.gguf,3559.45,2.94418,0.0,0.0
1780418525.524545,qwen2.5-3b-instruct-q8_0.gguf,3559.45,3.12502,0.0,0.0
1780418526.031424,qwen2.5-3b-instruct-q8_0.gguf,3559.41,2.9706799999999998,0.0,0.0
1780418526.5381382,qwen2.5-3b-instruct-q8_0.gguf,3559.41,2.81759,0.0,0.0
1780418527.045196,qwen2.5-3b-instruct-q8_0.gguf,3559.41,2.53556,0.0,0.0
1780418527.5516648,qwen2.5-3b-instruct-q8_0.gguf,3559.41,3.1023,0.0,0.0
1780418528.0589492,qwen2.5-3b-instruct-q8_0.gguf,3559.41,2.89748,0.0,0.0
1780418528.565959,qwen2.5-3b-instruct-q8_0.gguf,3559.41,2.80453,0.0,0.0
1780418529.0726001,qwen2.5-3b-instruct-q8_0.gguf,3559.41,3.10187,0.0,0.0
1780418529.581432,qwen2.5-3b-instruct-q8_0.gguf,96.97,3.13637,0.0,0.0
1780418531.73205,qwen2.5-3b-instruct-q8_0.gguf,3571.05,2.5401700000000003,0.0,0.0
1780418532.238864,qwen2.5-3b-instruct-q8_0.gguf,3571.06,2.4063000000000003,0.0,0.0
1780418532.746578,qwen2.5-3b-instruct-q8_0.gguf,3571.06,2.69883,0.0,0.0
1780418533.252751,qwen2.5-3b-instruct-q8_0.gguf,3571.06,2.7143699999999997,0.0,0.0
1780418533.760015,qwen2.5-3b-instruct-q8_0.gguf,3571.06,2.92169,0.0,0.0
1780418534.2670422,qwen2.5-3b-instruct-q8_0.gguf,3571.06,3.0852399999999998,0.0,0.0
1780418534.7735748,qwen2.5-3b-instruct-q8_0.gguf,3571.06,2.67575,0.0,0.0
1780418535.280313,qwen2.5-3b-instruct-q8_0.gguf,3571.06,3.21814,0.0,0.0
1780418535.7874,qwen2.5-3b-instruct-q8_0.gguf,3571.06,2.9613400000000003,0.0,0.0
1780418536.294317,qwen2.5-3b-instruct-q8_0.gguf,3571.06,2.97112,0.0,0.0
1780418536.8015978,qwen2.5-3b-instruct-q8_0.gguf,3571.06,2.9270300000000002,0.0,0.0
1780418537.3084102,qwen2.5-3b-instruct-q8_0.gguf,3571.06,3.04695,0.0,0.0
1780418537.815446,qwen2.5-3b-instruct-q8_0.gguf,3571.06,3.17874,0.0,0.0
1780418538.322145,qwen2.5-3b-instruct-q8_0.gguf,3571.06,2.77609,0.0,0.0
1780418538.8300369,qwen2.5-3b-instruct-q8_0.gguf,3571.06,2.7962800000000003,0.0,0.0
1780418539.3370209,qwen2.5-3b-instruct-q8_0.gguf,3571.06,2.8279,0.0,0.0
1780418539.843971,qwen2.5-3b-instruct-q8_0.gguf,3571.06,2.96951,0.0,0.0
1780418540.350658,qwen2.5-3b-instruct-q8_0.gguf,3571.06,3.21517,0.0,0.0
1780418540.857774,qwen2.5-3b-instruct-q8_0.gguf,3571.06,2.77062,0.0,0.0
1780418541.364887,qwen2.5-3b-instruct-q8_0.gguf,3571.06,3.05779,0.0,0.0
1780418541.871716,qwen2.5-3b-instruct-q8_0.gguf,3571.06,2.8816599999999997,0.0,0.0
1780418542.388303,qwen2.5-3b-instruct-q8_0.gguf,108.59,2.85845,0.0,0.0
1780418544.364224,qwen2.5-3b-instruct-q8_0.gguf,3559.69,3.3184699999999996,0.0,0.0
1780418544.871983,qwen2.5-3b-instruct-q8_0.gguf,3559.69,2.29301,0.0,0.0
1780418545.378751,qwen2.5-3b-instruct-q8_0.gguf,3559.69,2.61086,0.0,0.0
1780418545.885206,qwen2.5-3b-instruct-q8_0.gguf,3559.72,2.67535,0.0,0.0
1780418546.39272,qwen2.5-3b-instruct-q8_0.gguf,3559.72,2.69821,0.0,0.0
1780418546.899276,qwen2.5-3b-instruct-q8_0.gguf,3559.72,3.02779,0.0,0.0
1780418547.406144,qwen2.5-3b-instruct-q8_0.gguf,3559.72,3.1228200000000004,0.0,0.0
1780418547.9135911,qwen2.5-3b-instruct-q8_0.gguf,3559.73,2.98565,0.0,0.0
1780418548.420371,qwen2.5-3b-instruct-q8_0.gguf,3559.73,2.88782,0.0,0.0
1780418548.925964,qwen2.5-3b-instruct-q8_0.gguf,3559.73,2.6449000000000003,0.0,0.0
1780418549.432757,qwen2.5-3b-instruct-q8_0.gguf,3559.75,2.9116999999999997,0.0,0.0
1780418549.9431171,qwen2.5-3b-instruct-q8_0.gguf,3559.75,2.96743,0.0,0.0
1780418550.44964,qwen2.5-3b-instruct-q8_0.gguf,3559.75,2.70976,0.0,0.0
1780418550.956384,qwen2.5-3b-instruct-q8_0.gguf,3559.75,2.79911,0.0,0.0
1780418551.464082,qwen2.5-3b-instruct-q8_0.gguf,3559.75,2.66881,0.0,0.0
1780418551.97067,qwen2.5-3b-instruct-q8_0.gguf,3559.75,3.1215300000000004,0.0,0.0
1780418552.478163,qwen2.5-3b-instruct-q8_0.gguf,3559.75,2.9809,0.0,0.0
1780418552.98495,qwen2.5-3b-instruct-q8_0.gguf,3559.75,2.9565900000000003,0.0,0.0
1780418553.491936,qwen2.5-3b-instruct-q8_0.gguf,3559.75,2.7495700000000003,0.0,0.0
1780418553.999273,qwen2.5-3b-instruct-q8_0.gguf,3559.75,2.82122,0.0,0.0
1780418554.5082839,qwen2.5-3b-instruct-q8_0.gguf,97.31,3.04773,0.0,0.0
1780418556.661599,qwen2.5-3b-instruct-q8_0.gguf,3559.56,2.89669,0.0,0.0
1780418557.168746,qwen2.5-3b-instruct-q8_0.gguf,3559.56,2.02093,0.0,0.0
1780418557.675893,qwen2.5-3b-instruct-q8_0.gguf,3559.56,2.49167,0.0,0.0
1780418558.182684,qwen2.5-3b-instruct-q8_0.gguf,3559.56,2.5908,0.0,0.0
1780418558.6898959,qwen2.5-3b-instruct-q8_0.gguf,3559.56,3.0064699999999998,0.0,0.0
1780418559.196588,qwen2.5-3b-instruct-q8_0.gguf,3559.56,2.8769099999999996,0.0,0.0
1780418559.7039008,qwen2.5-3b-instruct-q8_0.gguf,3559.56,3.22915,0.0,0.0
1780418560.211714,qwen2.5-3b-instruct-q8_0.gguf,3559.58,2.92121,0.0,0.0
1780418560.718274,qwen2.5-3b-instruct-q8_0.gguf,3559.53,2.9266300000000003,0.0,0.0
1780418561.225208,qwen2.5-3b-instruct-q8_0.gguf,3559.53,2.9105700000000003,0.0,0.0
1780418561.732477,qwen2.5-3b-instruct-q8_0.gguf,3559.53,2.98936,0.0,0.0
1780418562.23932,qwen2.5-3b-instruct-q8_0.gguf,3559.53,2.89977,0.0,0.0
1780418562.746367,qwen2.5-3b-instruct-q8_0.gguf,3559.53,3.0155700000000003,0.0,0.0
1780418563.253376,qwen2.5-3b-instruct-q8_0.gguf,3559.55,2.88057,0.0,0.0
1780418563.760242,qwen2.5-3b-instruct-q8_0.gguf,3559.55,2.9815300000000002,0.0,0.0
1780418564.2669098,qwen2.5-3b-instruct-q8_0.gguf,3559.55,2.9526,0.0,0.0
1780418564.774011,qwen2.5-3b-instruct-q8_0.gguf,3559.55,2.9194899999999997,0.0,0.0
1780418565.280869,qwen2.5-3b-instruct-q8_0.gguf,3559.55,3.13258,0.0,0.0
1780418565.7879019,qwen2.5-3b-instruct-q8_0.gguf,3559.55,3.01552,0.0,0.0
1780418566.295326,qwen2.5-3b-instruct-q8_0.gguf,3559.55,2.8218400000000003,0.0,0.0
1780418566.802055,qwen2.5-3b-instruct-q8_0.gguf,3559.56,2.9738,0.0,0.0
1780418569.1888561,qwen2.5-3b-instruct-q8_0.gguf,3562.44,3.20145,0.0,0.0
1780418569.695884,qwen2.5-3b-instruct-q8_0.gguf,3562.44,2.31177,0.0,0.0
1780418570.202841,qwen2.5-3b-instruct-q8_0.gguf,3562.45,2.50559,0.0,0.0
1780418570.710154,qwen2.5-3b-instruct-q8_0.gguf,3562.45,2.80299,0.0,0.0
1780418571.2168581,qwen2.5-3b-instruct-q8_0.gguf,3562.45,2.8425,0.0,0.0
1780418571.723903,qwen2.5-3b-instruct-q8_0.gguf,3562.45,2.85287,0.0,0.0
1780418572.2308621,qwen2.5-3b-instruct-q8_0.gguf,3562.45,3.2306399999999997,0.0,0.0
1780418572.737646,qwen2.5-3b-instruct-q8_0.gguf,3562.45,3.09078,0.0,0.0
1780418573.2453609,qwen2.5-3b-instruct-q8_0.gguf,3562.45,2.85371,0.0,0.0
1780418573.751436,qwen2.5-3b-instruct-q8_0.gguf,3562.45,2.7935,0.0,0.0
1780418574.258503,qwen2.5-3b-instruct-q8_0.gguf,3562.45,3.03423,0.0,0.0
1780418574.7657301,qwen2.5-3b-instruct-q8_0.gguf,3562.45,3.0668200000000003,0.0,0.0
1780418575.2725692,qwen2.5-3b-instruct-q8_0.gguf,3562.45,2.92752,0.0,0.0
1780418575.779279,qwen2.5-3b-instruct-q8_0.gguf,3562.45,2.96446,0.0,0.0
1780418576.286289,qwen2.5-3b-instruct-q8_0.gguf,3562.45,3.5096100000000003,0.0,0.0
1780418576.7932339,qwen2.5-3b-instruct-q8_0.gguf,3562.45,2.94898,0.0,0.0
1780418577.300151,qwen2.5-3b-instruct-q8_0.gguf,3562.45,2.81356,0.0,0.0
1780418577.8072598,qwen2.5-3b-instruct-q8_0.gguf,3562.45,2.68996,0.0,0.0
1780418578.3143091,qwen2.5-3b-instruct-q8_0.gguf,3562.45,2.8527199999999997,0.0,0.0
1780418578.8209898,qwen2.5-3b-instruct-q8_0.gguf,3562.44,2.9957800000000003,0.0,0.0
1780418579.340236,qwen2.5-3b-instruct-q8_0.gguf,99.97,2.97411,0.0,0.0
1780418581.459004,qwen2.5-3b-instruct-q8_0.gguf,3565.77,3.6351199999999997,0.0,0.0
1780418581.96623,qwen2.5-3b-instruct-q8_0.gguf,3565.8,2.55361,0.0,0.0
1780418582.4728231,qwen2.5-3b-instruct-q8_0.gguf,3565.8,2.48217,0.0,0.0
1780418582.980628,qwen2.5-3b-instruct-q8_0.gguf,3565.8,2.61158,0.0,0.0
1780418583.4874308,qwen2.5-3b-instruct-q8_0.gguf,3565.8,2.95601,0.0,0.0
1780418583.9949691,qwen2.5-3b-instruct-q8_0.gguf,3565.8,2.85177,0.0,0.0
1780418584.501892,qwen2.5-3b-instruct-q8_0.gguf,3565.8,2.9126999999999996,0.0,0.0
1780418585.008986,qwen2.5-3b-instruct-q8_0.gguf,3565.8,2.92532,0.0,0.0
1780418585.515023,qwen2.5-3b-instruct-q8_0.gguf,3565.8,3.20887,0.0,0.0
1780418586.021882,qwen2.5-3b-instruct-q8_0.gguf,3565.8,2.96183,0.0,0.0
1780418586.5287402,qwen2.5-3b-instruct-q8_0.gguf,3565.8,3.0849699999999998,0.0,0.0
1780418587.035553,qwen2.5-3b-instruct-q8_0.gguf,3565.8,3.09414,0.0,0.0
1780418587.542797,qwen2.5-3b-instruct-q8_0.gguf,3565.81,3.37546,0.0,0.0
1780418588.049819,qwen2.5-3b-instruct-q8_0.gguf,3565.81,2.9159,0.0,0.0
1780418588.5567129,qwen2.5-3b-instruct-q8_0.gguf,3565.83,2.8453000000000004,0.0,0.0
1780418589.063781,qwen2.5-3b-instruct-q8_0.gguf,3565.83,3.0975300000000003,0.0,0.0
1780418589.570797,qwen2.5-3b-instruct-q8_0.gguf,3565.83,3.0343,0.0,0.0
1780418590.077643,qwen2.5-3b-instruct-q8_0.gguf,3565.83,2.8188400000000002,0.0,0.0
1780418590.5847309,qwen2.5-3b-instruct-q8_0.gguf,3565.83,2.94018,0.0,0.0
1780418591.09187,qwen2.5-3b-instruct-q8_0.gguf,3565.83,3.0271500000000002,0.0,0.0
1780418591.6087291,qwen2.5-3b-instruct-q8_0.gguf,103.39,3.36781,0.0,0.0
1780418593.552085,qwen2.5-3b-instruct-q8_0.gguf,3557.72,3.18912,0.0,0.0
1780418594.059393,qwen2.5-3b-instruct-q8_0.gguf,3557.73,2.1308200000000004,0.0,0.0
1780418594.5670688,qwen2.5-3b-instruct-q8_0.gguf,3557.75,2.1909699999999996,0.0,0.0
1780418595.0733151,qwen2.5-3b-instruct-q8_0.gguf,3557.75,2.59516,0.0,0.0
1780418595.579732,qwen2.5-3b-instruct-q8_0.gguf,3557.75,2.97647,0.0,0.0
1780418596.08709,qwen2.5-3b-instruct-q8_0.gguf,3557.75,3.00981,0.0,0.0
1780418596.594316,qwen2.5-3b-instruct-q8_0.gguf,3557.75,2.98472,0.0,0.0
1780418597.101047,qwen2.5-3b-instruct-q8_0.gguf,3557.75,3.0114099999999997,0.0,0.0
1780418597.6084852,qwen2.5-3b-instruct-q8_0.gguf,3557.73,3.05682,0.0,0.0
1780418598.115205,qwen2.5-3b-instruct-q8_0.gguf,3557.75,3.2276100000000003,0.0,0.0
1780418598.6225688,qwen2.5-3b-instruct-q8_0.gguf,3557.75,3.16665,0.0,0.0
1780418599.130451,qwen2.5-3b-instruct-q8_0.gguf,3557.75,3.27069,0.0,0.0
1780418599.6359448,qwen2.5-3b-instruct-q8_0.gguf,3557.75,3.17171,0.0,0.0
1780418600.14379,qwen2.5-3b-instruct-q8_0.gguf,3557.77,3.42611,0.0,0.0
1780418600.6507251,qwen2.5-3b-instruct-q8_0.gguf,3557.77,2.76778,0.0,0.0
1780418601.157353,qwen2.5-3b-instruct-q8_0.gguf,3557.77,3.10604,0.0,0.0
1780418601.664345,qwen2.5-3b-instruct-q8_0.gguf,3557.77,3.19493,0.0,0.0
1780418602.171181,qwen2.5-3b-instruct-q8_0.gguf,3557.77,3.12026,0.0,0.0
1780418602.678648,qwen2.5-3b-instruct-q8_0.gguf,3557.77,2.84619,0.0,0.0
1780418603.1858659,qwen2.5-3b-instruct-q8_0.gguf,3557.77,2.8080100000000003,0.0,0.0
1780418603.6931431,qwen2.5-3b-instruct-q8_0.gguf,3557.78,3.1328,0.0,0.0
1780418605.9062998,qwen2.5-3b-instruct-q8_0.gguf,3559.91,2.45075,0.0,0.0
1780418606.413502,qwen2.5-3b-instruct-q8_0.gguf,3559.91,2.4027,0.0,0.0
1780418606.9202812,qwen2.5-3b-instruct-q8_0.gguf,3559.91,2.3687,0.0,0.0
1780418607.427414,qwen2.5-3b-instruct-q8_0.gguf,3559.91,2.85571,0.0,0.0
1780418607.9343958,qwen2.5-3b-instruct-q8_0.gguf,3559.91,3.10995,0.0,0.0
1780418608.4412549,qwen2.5-3b-instruct-q8_0.gguf,3559.91,2.87866,0.0,0.0
1780418608.947972,qwen2.5-3b-instruct-q8_0.gguf,3559.91,3.24321,0.0,0.0
1780418609.454921,qwen2.5-3b-instruct-q8_0.gguf,3559.86,2.9766999999999997,0.0,0.0
1780418609.962435,qwen2.5-3b-instruct-q8_0.gguf,3559.86,3.0458000000000003,0.0,0.0
1780418610.469344,qwen2.5-3b-instruct-q8_0.gguf,3559.86,3.06608,0.0,0.0
1780418610.976835,qwen2.5-3b-instruct-q8_0.gguf,3559.86,3.34009,0.0,0.0
1780418611.4844632,qwen2.5-3b-instruct-q8_0.gguf,3559.86,3.10452,0.0,0.0
1780418611.991586,qwen2.5-3b-instruct-q8_0.gguf,3559.86,2.96785,0.0,0.0
1780418612.498719,qwen2.5-3b-instruct-q8_0.gguf,3559.88,3.14295,0.0,0.0
1780418613.0067918,qwen2.5-3b-instruct-q8_0.gguf,3559.88,2.69985,0.0,0.0
1780418613.51265,qwen2.5-3b-instruct-q8_0.gguf,3559.88,2.94808,0.0,0.0
1780418614.0193899,qwen2.5-3b-instruct-q8_0.gguf,3559.88,3.36027,0.0,0.0
1780418614.529535,qwen2.5-3b-instruct-q8_0.gguf,3559.88,2.8776599999999997,0.0,0.0
1780418615.0353038,qwen2.5-3b-instruct-q8_0.gguf,3559.88,2.97774,0.0,0.0
1780418615.542542,qwen2.5-3b-instruct-q8_0.gguf,3559.88,2.78239,0.0,0.0
1780418616.049458,qwen2.5-3b-instruct-q8_0.gguf,3559.88,3.00331,0.0,0.0
1780418651.670979,qwen2.5-3b-instruct-q8_0.gguf,3645.17,6.90107,0.0,0.0
1780418652.1778471,qwen2.5-3b-instruct-q8_0.gguf,3645.17,3.91102,0.0,0.0
1780418652.685344,qwen2.5-3b-instruct-q8_0.gguf,3645.17,2.34351,0.0,0.0
1780418653.1920562,qwen2.5-3b-instruct-q8_0.gguf,3645.17,2.15222,0.0,0.0
1780418653.698792,qwen2.5-3b-instruct-q8_0.gguf,3645.17,2.32165,0.0,0.0
1780418654.2059891,qwen2.5-3b-instruct-q8_0.gguf,3645.17,2.69035,0.0,0.0
1780418654.7126029,qwen2.5-3b-instruct-q8_0.gguf,3645.17,3.0772600000000003,0.0,0.0
1780418655.2194371,qwen2.5-3b-instruct-q8_0.gguf,3645.19,3.31577,0.0,0.0
1780418655.7272599,qwen2.5-3b-instruct-q8_0.gguf,3645.17,2.8825100000000003,0.0,0.0
1780418656.234096,qwen2.5-3b-instruct-q8_0.gguf,3645.19,3.21413,0.0,0.0
1780418656.7412531,qwen2.5-3b-instruct-q8_0.gguf,3645.19,3.2787800000000002,0.0,0.0
1780418657.248815,qwen2.5-3b-instruct-q8_0.gguf,3645.19,2.99164,0.0,0.0
1780418657.755806,qwen2.5-3b-instruct-q8_0.gguf,3645.19,2.75834,0.0,0.0
1780418658.262712,qwen2.5-3b-instruct-q8_0.gguf,3645.19,2.80048,0.0,0.0
1780418658.769374,qwen2.5-3b-instruct-q8_0.gguf,3645.19,3.13469,0.0,0.0
1780418659.276638,qwen2.5-3b-instruct-q8_0.gguf,3645.19,3.08166,0.0,0.0
1780418659.783436,qwen2.5-3b-instruct-q8_0.gguf,3645.19,3.21619,0.0,0.0
1780418660.2902899,qwen2.5-3b-instruct-q8_0.gguf,3645.19,2.89765,0.0,0.0
1780418660.7975638,qwen2.5-3b-instruct-q8_0.gguf,3645.19,2.97012,0.0,0.0
1780418661.304648,qwen2.5-3b-instruct-q8_0.gguf,3645.19,2.94742,0.0,0.0
1780418663.61794,qwen2.5-3b-instruct-q8_0.gguf,3621.25,2.71142,0.0,0.0
1780418664.124321,qwen2.5-3b-instruct-q8_0.gguf,3621.28,2.22067,0.0,0.0
1780418664.631318,qwen2.5-3b-instruct-q8_0.gguf,3621.3,2.37373,0.0,0.0
1780418665.138251,qwen2.5-3b-instruct-q8_0.gguf,3621.3,2.8767600000000004,0.0,0.0
1780418665.6440341,qwen2.5-3b-instruct-q8_0.gguf,3621.3,2.92234,0.0,0.0
1780418666.1503549,qwen2.5-3b-instruct-q8_0.gguf,3621.3,3.54089,0.0,0.0
1780418666.657439,qwen2.5-3b-instruct-q8_0.gguf,3621.3,3.32068,0.0,0.0
1780418667.1639569,qwen2.5-3b-instruct-q8_0.gguf,3621.3,3.0134000000000003,0.0,0.0
1780418667.670719,qwen2.5-3b-instruct-q8_0.gguf,3621.25,2.9652600000000002,0.0,0.0
1780418668.178487,qwen2.5-3b-instruct-q8_0.gguf,3621.25,2.90579,0.0,0.0
1780418668.685062,qwen2.5-3b-instruct-q8_0.gguf,3621.25,3.00105,0.0,0.0
1780418669.190888,qwen2.5-3b-instruct-q8_0.gguf,3621.25,3.0028200000000003,0.0,0.0
1780418669.6985312,qwen2.5-3b-instruct-q8_0.gguf,3621.25,2.92681,0.0,0.0
1780418670.204791,qwen2.5-3b-instruct-q8_0.gguf,3621.25,3.0382800000000003,0.0,0.0
1780418670.712508,qwen2.5-3b-instruct-q8_0.gguf,3621.25,2.99757,0.0,0.0
1780418671.217878,qwen2.5-3b-instruct-q8_0.gguf,3621.25,2.98694,0.0,0.0
1780418671.7251441,qwen2.5-3b-instruct-q8_0.gguf,3621.25,3.08816,0.0,0.0
1780418672.23211,qwen2.5-3b-instruct-q8_0.gguf,3621.25,3.0023,0.0,0.0
1780418672.739097,qwen2.5-3b-instruct-q8_0.gguf,3621.25,3.06171,0.0,0.0
1780418673.2460768,qwen2.5-3b-instruct-q8_0.gguf,3621.25,2.88228,0.0,0.0
1780418673.75315,qwen2.5-3b-instruct-q8_0.gguf,3621.25,3.19185,0.0,0.0
1780418675.9281542,qwen2.5-3b-instruct-q8_0.gguf,3613.5,2.72733,0.0,0.0
1780418676.434637,qwen2.5-3b-instruct-q8_0.gguf,3613.53,2.27626,0.0,0.0
1780418676.940507,qwen2.5-3b-instruct-q8_0.gguf,3613.56,2.5035100000000003,0.0,0.0
1780418677.447753,qwen2.5-3b-instruct-q8_0.gguf,3613.56,2.59478,0.0,0.0
1780418677.954575,qwen2.5-3b-instruct-q8_0.gguf,3613.56,3.23014,0.0,0.0
1780418678.461513,qwen2.5-3b-instruct-q8_0.gguf,3613.56,3.2056799999999996,0.0,0.0
1780418678.9688041,qwen2.5-3b-instruct-q8_0.gguf,3613.56,3.01282,0.0,0.0
1780418679.4758542,qwen2.5-3b-instruct-q8_0.gguf,3613.56,2.98971,0.0,0.0
1780418679.982995,qwen2.5-3b-instruct-q8_0.gguf,3613.55,3.13125,0.0,0.0
1780418680.4898071,qwen2.5-3b-instruct-q8_0.gguf,3613.55,2.65767,0.0,0.0
1780418680.997207,qwen2.5-3b-instruct-q8_0.gguf,3613.55,3.0105,0.0,0.0
1780418681.503795,qwen2.5-3b-instruct-q8_0.gguf,3613.55,3.0438,0.0,0.0
1780418682.011115,qwen2.5-3b-instruct-q8_0.gguf,3613.55,2.8855500000000003,0.0,0.0
1780418682.517886,qwen2.5-3b-instruct-q8_0.gguf,3613.55,3.03907,0.0,0.0
1780418683.0250869,qwen2.5-3b-instruct-q8_0.gguf,3613.56,3.10521,0.0,0.0
1780418683.532189,qwen2.5-3b-instruct-q8_0.gguf,3613.56,3.01212,0.0,0.0
1780418684.0391161,qwen2.5-3b-instruct-q8_0.gguf,3613.56,2.89434,0.0,0.0
1780418684.5461981,qwen2.5-3b-instruct-q8_0.gguf,3613.56,2.9997,0.0,0.0
1780418685.052916,qwen2.5-3b-instruct-q8_0.gguf,3613.56,3.03627,0.0,0.0
1780418685.5601332,qwen2.5-3b-instruct-q8_0.gguf,3613.56,3.04667,0.0,0.0
1780418686.066983,qwen2.5-3b-instruct-q8_0.gguf,3613.56,3.05368,0.0,0.0
1780418688.287222,qwen2.5-3b-instruct-q8_0.gguf,3625.69,3.0840300000000003,0.0,0.0
1780418688.793893,qwen2.5-3b-instruct-q8_0.gguf,3625.69,2.21402,0.0,0.0
1780418689.300968,qwen2.5-3b-instruct-q8_0.gguf,3625.69,2.3991,0.0,0.0
1780418689.808265,qwen2.5-3b-instruct-q8_0.gguf,3625.69,2.7498899999999997,0.0,0.0
1780418690.3149471,qwen2.5-3b-instruct-q8_0.gguf,3625.69,2.91005,0.0,0.0
1780418690.8215702,qwen2.5-3b-instruct-q8_0.gguf,3625.7,3.261,0.0,0.0
1780418691.329443,qwen2.5-3b-instruct-q8_0.gguf,3625.7,2.7056799999999996,0.0,0.0
1780418691.8360069,qwen2.5-3b-instruct-q8_0.gguf,3625.7,2.90281,0.0,0.0
1780418692.342871,qwen2.5-3b-instruct-q8_0.gguf,3625.7,2.83024,0.0,0.0
1780418692.849935,qwen2.5-3b-instruct-q8_0.gguf,3625.7,3.00242,0.0,0.0
1780418693.3568919,qwen2.5-3b-instruct-q8_0.gguf,3625.7,3.08955,0.0,0.0
1780418693.8637471,qwen2.5-3b-instruct-q8_0.gguf,3625.7,3.01271,0.0,0.0
1780418694.3706188,qwen2.5-3b-instruct-q8_0.gguf,3625.7,2.8882,0.0,0.0
1780418694.875886,qwen2.5-3b-instruct-q8_0.gguf,3625.7,2.96162,0.0,0.0
1780418695.382686,qwen2.5-3b-instruct-q8_0.gguf,3625.69,2.96076,0.0,0.0
1780418695.88972,qwen2.5-3b-instruct-q8_0.gguf,3625.69,3.17793,0.0,0.0
1780418696.396735,qwen2.5-3b-instruct-q8_0.gguf,3625.69,3.14988,0.0,0.0
1780418696.9035368,qwen2.5-3b-instruct-q8_0.gguf,3625.69,3.04021,0.0,0.0
1780418697.411208,qwen2.5-3b-instruct-q8_0.gguf,3625.69,2.96071,0.0,0.0
1780418697.91797,qwen2.5-3b-instruct-q8_0.gguf,3625.69,3.01849,0.0,0.0
1780418698.425131,qwen2.5-3b-instruct-q8_0.gguf,109.22,2.92954,0.0,0.0
1780418700.5843031,qwen2.5-3b-instruct-q8_0.gguf,3639.36,2.91813,0.0,0.0
1780418701.0910358,qwen2.5-3b-instruct-q8_0.gguf,3639.36,2.2833200000000002,0.0,0.0
1780418701.5981069,qwen2.5-3b-instruct-q8_0.gguf,3639.36,2.47812,0.0,0.0
1780418702.105456,qwen2.5-3b-instruct-q8_0.gguf,3639.36,2.59425,0.0,0.0
1780418702.611868,qwen2.5-3b-instruct-q8_0.gguf,3639.36,3.05702,0.0,0.0
1780418703.1187782,qwen2.5-3b-instruct-q8_0.gguf,3639.36,2.97199,0.0,0.0
1780418703.625773,qwen2.5-3b-instruct-q8_0.gguf,3639.36,3.2070700000000003,0.0,0.0
1780418704.133076,qwen2.5-3b-instruct-q8_0.gguf,3639.36,3.1051100000000003,0.0,0.0
1780418704.639889,qwen2.5-3b-instruct-q8_0.gguf,3639.36,2.89923,0.0,0.0
1780418705.1469572,qwen2.5-3b-instruct-q8_0.gguf,3639.36,2.9889200000000002,0.0,0.0
1780418705.653795,qwen2.5-3b-instruct-q8_0.gguf,3639.36,2.90004,0.0,0.0
1780418706.1614962,qwen2.5-3b-instruct-q8_0.gguf,3639.36,2.9449699999999996,0.0,0.0
1780418706.6680791,qwen2.5-3b-instruct-q8_0.gguf,3639.36,3.1038099999999997,0.0,0.0
1780418707.174897,qwen2.5-3b-instruct-q8_0.gguf,3639.36,2.81127,0.0,0.0
1780418707.6818602,qwen2.5-3b-instruct-q8_0.gguf,3639.36,3.13463,0.0,0.0
1780418708.189013,qwen2.5-3b-instruct-q8_0.gguf,3639.36,2.9314400000000003,0.0,0.0
1780418708.695741,qwen2.5-3b-instruct-q8_0.gguf,3639.36,3.0898600000000003,0.0,0.0
1780418709.202393,qwen2.5-3b-instruct-q8_0.gguf,3639.36,2.83844,0.0,0.0
1780418709.709651,qwen2.5-3b-instruct-q8_0.gguf,3639.36,3.15696,0.0,0.0
1780418710.216518,qwen2.5-3b-instruct-q8_0.gguf,3639.36,3.07451,0.0,0.0
1780418710.7236328,qwen2.5-3b-instruct-q8_0.gguf,1299.48,3.1336999999999997,0.0,0.0
1780418712.849922,qwen2.5-3b-instruct-q8_0.gguf,3624.47,2.94553,0.0,0.0
1780418713.356138,qwen2.5-3b-instruct-q8_0.gguf,3624.48,2.40157,0.0,0.0
1780418713.863701,qwen2.5-3b-instruct-q8_0.gguf,3624.48,2.3371,0.0,0.0
1780418714.370304,qwen2.5-3b-instruct-q8_0.gguf,3624.64,2.6379,0.0,0.0
1780418714.878418,qwen2.5-3b-instruct-q8_0.gguf,3624.64,2.9558400000000002,0.0,0.0
1780418715.3847628,qwen2.5-3b-instruct-q8_0.gguf,3624.64,3.1136,0.0,0.0
1780418715.8918521,qwen2.5-3b-instruct-q8_0.gguf,3624.64,2.92746,0.0,0.0
1780418716.399425,qwen2.5-3b-instruct-q8_0.gguf,3624.64,3.16692,0.0,0.0
1780418716.9064262,qwen2.5-3b-instruct-q8_0.gguf,3624.62,2.98466,0.0,0.0
1780418717.414099,qwen2.5-3b-instruct-q8_0.gguf,3624.62,3.6062600000000002,0.0,0.0
1780418717.921201,qwen2.5-3b-instruct-q8_0.gguf,3624.62,3.8154899999999996,0.0,0.0
1780418718.428556,qwen2.5-3b-instruct-q8_0.gguf,3624.62,2.97577,0.0,0.0
1780418718.935036,qwen2.5-3b-instruct-q8_0.gguf,3624.62,2.73931,0.0,0.0
1780418719.4424598,qwen2.5-3b-instruct-q8_0.gguf,3624.64,2.73959,0.0,0.0
1780418719.9493818,qwen2.5-3b-instruct-q8_0.gguf,3624.64,2.80782,0.0,0.0
1780418720.456436,qwen2.5-3b-instruct-q8_0.gguf,3624.64,2.97633,0.0,0.0
1780418720.963373,qwen2.5-3b-instruct-q8_0.gguf,3624.64,2.9977300000000002,0.0,0.0
1780418721.47,qwen2.5-3b-instruct-q8_0.gguf,3624.64,2.9824200000000003,0.0,0.0
1780418721.977667,qwen2.5-3b-instruct-q8_0.gguf,3624.64,2.93125,0.0,0.0
1780418722.484322,qwen2.5-3b-instruct-q8_0.gguf,3624.64,3.0901199999999998,0.0,0.0
1780418722.991436,qwen2.5-3b-instruct-q8_0.gguf,3624.64,2.93065,0.0,0.0
1780418725.1783512,qwen2.5-3b-instruct-q8_0.gguf,3613.06,2.53329,0.0,0.0
1780418725.68533,qwen2.5-3b-instruct-q8_0.gguf,3613.06,2.02584,0.0,0.0
1780418726.193065,qwen2.5-3b-instruct-q8_0.gguf,3613.06,2.40269,0.0,0.0
1780418726.6997461,qwen2.5-3b-instruct-q8_0.gguf,3613.08,2.9707199999999996,0.0,0.0
1780418727.206531,qwen2.5-3b-instruct-q8_0.gguf,3613.08,3.11808,0.0,0.0
1780418727.71361,qwen2.5-3b-instruct-q8_0.gguf,3613.08,2.6878699999999998,0.0,0.0
1780418728.220334,qwen2.5-3b-instruct-q8_0.gguf,3613.08,3.4318299999999997,0.0,0.0
1780418728.7275462,qwen2.5-3b-instruct-q8_0.gguf,3613.08,2.71493,0.0,0.0
1780418729.234595,qwen2.5-3b-instruct-q8_0.gguf,3613.03,3.25625,0.0,0.0
1780418729.7417269,qwen2.5-3b-instruct-q8_0.gguf,3613.03,2.8401300000000003,0.0,0.0
1780418730.24845,qwen2.5-3b-instruct-q8_0.gguf,3613.03,2.9955100000000003,0.0,0.0
1780418730.755489,qwen2.5-3b-instruct-q8_0.gguf,3613.03,2.93507,0.0,0.0
1780418731.262462,qwen2.5-3b-instruct-q8_0.gguf,3613.03,2.7239,0.0,0.0
1780418731.769372,qwen2.5-3b-instruct-q8_0.gguf,3613.05,3.06735,0.0,0.0
1780418732.276942,qwen2.5-3b-instruct-q8_0.gguf,3613.05,2.97571,0.0,0.0
1780418732.783956,qwen2.5-3b-instruct-q8_0.gguf,3613.05,3.0105399999999998,0.0,0.0
1780418733.289608,qwen2.5-3b-instruct-q8_0.gguf,3613.05,2.8980799999999998,0.0,0.0
1780418733.796594,qwen2.5-3b-instruct-q8_0.gguf,3613.05,2.8048800000000003,0.0,0.0
1780418734.303482,qwen2.5-3b-instruct-q8_0.gguf,3613.05,2.94604,0.0,0.0
1780418734.810879,qwen2.5-3b-instruct-q8_0.gguf,3613.05,2.9474299999999998,0.0,0.0
1780418735.31808,qwen2.5-3b-instruct-q8_0.gguf,3613.05,2.96364,0.0,0.0
1780418737.5306659,qwen2.5-3b-instruct-q8_0.gguf,3624.2,2.72743,0.0,0.0
1780418738.037189,qwen2.5-3b-instruct-q8_0.gguf,3624.22,2.09403,0.0,0.0
1780418738.54461,qwen2.5-3b-instruct-q8_0.gguf,3624.23,2.42484,0.0,0.0
1780418739.051101,qwen2.5-3b-instruct-q8_0.gguf,3624.28,2.56037,0.0,0.0
1780418739.558374,qwen2.5-3b-instruct-q8_0.gguf,3624.28,3.07943,0.0,0.0
1780418740.065155,qwen2.5-3b-instruct-q8_0.gguf,3624.28,2.99656,0.0,0.0
1780418740.572238,qwen2.5-3b-instruct-q8_0.gguf,3624.28,3.11591,0.0,0.0
1780418741.0797582,qwen2.5-3b-instruct-q8_0.gguf,3624.28,3.02211,0.0,0.0
1780418741.586334,qwen2.5-3b-instruct-q8_0.gguf,3624.23,3.17454,0.0,0.0
1780418742.093622,qwen2.5-3b-instruct-q8_0.gguf,3624.23,2.80981,0.0,0.0
1780418742.600569,qwen2.5-3b-instruct-q8_0.gguf,3624.23,3.27348,0.0,0.0
1780418743.1077518,qwen2.5-3b-instruct-q8_0.gguf,3624.23,2.70756,0.0,0.0
1780418743.614898,qwen2.5-3b-instruct-q8_0.gguf,3624.23,2.87906,0.0,0.0
1780418744.121747,qwen2.5-3b-instruct-q8_0.gguf,3624.23,3.04155,0.0,0.0
1780418744.6289978,qwen2.5-3b-instruct-q8_0.gguf,3624.23,2.81274,0.0,0.0
1780418745.13613,qwen2.5-3b-instruct-q8_0.gguf,3624.23,3.23196,0.0,0.0
1780418745.643007,qwen2.5-3b-instruct-q8_0.gguf,3624.23,2.6713,0.0,0.0
1780418746.150016,qwen2.5-3b-instruct-q8_0.gguf,3624.23,3.1461,0.0,0.0
1780418746.659127,qwen2.5-3b-instruct-q8_0.gguf,3624.23,3.02434,0.0,0.0
1780418747.167098,qwen2.5-3b-instruct-q8_0.gguf,3624.23,2.9999499999999997,0.0,0.0
1780418747.673887,qwen2.5-3b-instruct-q8_0.gguf,3624.23,2.87568,0.0,0.0
1780418750.018859,qwen2.5-3b-instruct-q8_0.gguf,3632.67,3.2594600000000002,0.0,0.0
1780418750.525208,qwen2.5-3b-instruct-q8_0.gguf,3632.67,2.38095,0.0,0.0
1780418751.032043,qwen2.5-3b-instruct-q8_0.gguf,3632.72,2.40409,0.0,0.0
1780418751.539521,qwen2.5-3b-instruct-q8_0.gguf,3632.72,2.59964,0.0,0.0
1780418752.047214,qwen2.5-3b-instruct-q8_0.gguf,3632.72,2.93732,0.0,0.0
1780418752.553772,qwen2.5-3b-instruct-q8_0.gguf,3632.72,3.15141,0.0,0.0
1780418753.059225,qwen2.5-3b-instruct-q8_0.gguf,3632.75,3.0921,0.0,0.0
1780418753.565995,qwen2.5-3b-instruct-q8_0.gguf,3632.75,3.02077,0.0,0.0
1780418754.072917,qwen2.5-3b-instruct-q8_0.gguf,3632.75,2.91092,0.0,0.0
1780418754.580511,qwen2.5-3b-instruct-q8_0.gguf,3632.75,2.80871,0.0,0.0
1780418755.086911,qwen2.5-3b-instruct-q8_0.gguf,3632.75,3.0206399999999998,0.0,0.0
1780418755.5944052,qwen2.5-3b-instruct-q8_0.gguf,3632.75,3.00084,0.0,0.0
1780418756.1010199,qwen2.5-3b-instruct-q8_0.gguf,3632.75,3.39744,0.0,0.0
1780418756.607827,qwen2.5-3b-instruct-q8_0.gguf,3632.75,3.10339,0.0,0.0
1780418757.115218,qwen2.5-3b-instruct-q8_0.gguf,3632.75,2.97743,0.0,0.0
1780418757.622273,qwen2.5-3b-instruct-q8_0.gguf,3632.75,3.34452,0.0,0.0
1780418758.129266,qwen2.5-3b-instruct-q8_0.gguf,3632.75,2.7669699999999997,0.0,0.0
1780418758.636238,qwen2.5-3b-instruct-q8_0.gguf,3632.75,3.12867,0.0,0.0
1780418759.1433449,qwen2.5-3b-instruct-q8_0.gguf,3632.75,2.9357399999999996,0.0,0.0
1780418759.6509922,qwen2.5-3b-instruct-q8_0.gguf,3632.75,3.02754,0.0,0.0
1780418760.166495,qwen2.5-3b-instruct-q8_0.gguf,116.31,3.5077,0.0,0.0
1780418762.160392,qwen2.5-3b-instruct-q8_0.gguf,3619.86,2.88252,0.0,0.0
1780418762.666946,qwen2.5-3b-instruct-q8_0.gguf,3619.88,2.22299,0.0,0.0
1780418763.1757429,qwen2.5-3b-instruct-q8_0.gguf,3619.91,2.78239,0.0,0.0
1780418763.684293,qwen2.5-3b-instruct-q8_0.gguf,3619.92,4.85146,0.0,0.0
1780418764.1899981,qwen2.5-3b-instruct-q8_0.gguf,3619.92,3.25392,0.0,0.0
1780418764.6969972,qwen2.5-3b-instruct-q8_0.gguf,3619.92,2.4724899999999996,0.0,0.0
1780418765.203775,qwen2.5-3b-instruct-q8_0.gguf,3619.92,2.61422,0.0,0.0
1780418765.7110898,qwen2.5-3b-instruct-q8_0.gguf,3619.92,2.80906,0.0,0.0
1780418766.2177222,qwen2.5-3b-instruct-q8_0.gguf,3619.91,2.9386799999999997,0.0,0.0
1780418766.72534,qwen2.5-3b-instruct-q8_0.gguf,3619.91,3.0323800000000003,0.0,0.0
1780418767.232726,qwen2.5-3b-instruct-q8_0.gguf,3619.92,3.20971,0.0,0.0
1780418767.740257,qwen2.5-3b-instruct-q8_0.gguf,3619.92,3.6047800000000003,0.0,0.0
1780418768.247709,qwen2.5-3b-instruct-q8_0.gguf,3619.92,2.60995,0.0,0.0
1780418768.7548149,qwen2.5-3b-instruct-q8_0.gguf,3619.92,2.8627,0.0,0.0
1780418769.2619,qwen2.5-3b-instruct-q8_0.gguf,3619.92,2.9553499999999997,0.0,0.0
1780418769.768647,qwen2.5-3b-instruct-q8_0.gguf,3619.92,2.99204,0.0,0.0
1780418770.275753,qwen2.5-3b-instruct-q8_0.gguf,3619.92,2.912,0.0,0.0
1780418770.783227,qwen2.5-3b-instruct-q8_0.gguf,3619.92,2.96313,0.0,0.0
1780418771.289887,qwen2.5-3b-instruct-q8_0.gguf,3619.92,3.17574,0.0,0.0
1780418771.797594,qwen2.5-3b-instruct-q8_0.gguf,3619.92,2.99117,0.0,0.0
1780418772.3041542,qwen2.5-3b-instruct-q8_0.gguf,3619.92,2.9674899999999997,0.0,0.0
1780418772.820677,qwen2.5-3b-instruct-q8_0.gguf,103.48,2.92164,0.0,0.0
1780418923.9486709,qwen2.5-3b-instruct-q8_0.gguf,3842.3,5.35881,0.0,0.0
1780418924.456168,qwen2.5-3b-instruct-q8_0.gguf,3842.31,3.14175,0.0,0.0
1780418924.964632,qwen2.5-3b-instruct-q8_0.gguf,3842.31,2.0938600000000003,0.0,0.0
1780418925.470766,qwen2.5-3b-instruct-q8_0.gguf,3842.31,2.3010900000000003,0.0,0.0
1780418925.977899,qwen2.5-3b-instruct-q8_0.gguf,3842.31,2.5511,0.0,0.0
1780418926.484687,qwen2.5-3b-instruct-q8_0.gguf,3842.33,2.9625100000000004,0.0,0.0
1780418926.989176,qwen2.5-3b-instruct-q8_0.gguf,3842.33,2.91861,0.0,0.0
1780418927.496337,qwen2.5-3b-instruct-q8_0.gguf,3842.33,3.02175,0.0,0.0
1780418928.0032241,qwen2.5-3b-instruct-q8_0.gguf,3842.33,3.21292,0.0,0.0
1780418928.510444,qwen2.5-3b-instruct-q8_0.gguf,3842.33,3.19648,0.0,0.0
1780418929.0172641,qwen2.5-3b-instruct-q8_0.gguf,3842.33,3.0875700000000004,0.0,0.0
1780418929.5243342,qwen2.5-3b-instruct-q8_0.gguf,3842.33,3.11436,0.0,0.0
1780418930.0312269,qwen2.5-3b-instruct-q8_0.gguf,3842.33,3.29743,0.0,0.0
1780418930.537987,qwen2.5-3b-instruct-q8_0.gguf,3842.33,3.21718,0.0,0.0
1780418931.044213,qwen2.5-3b-instruct-q8_0.gguf,3842.33,2.8374099999999998,0.0,0.0
1780418931.5510762,qwen2.5-3b-instruct-q8_0.gguf,3842.33,2.89256,0.0,0.0
1780418932.0576131,qwen2.5-3b-instruct-q8_0.gguf,3842.33,3.05832,0.0,0.0
1780418932.5649762,qwen2.5-3b-instruct-q8_0.gguf,3842.33,2.8981399999999997,0.0,0.0
1780418933.071819,qwen2.5-3b-instruct-q8_0.gguf,3842.33,2.8216,0.0,0.0
1780418933.578656,qwen2.5-3b-instruct-q8_0.gguf,3842.33,3.02244,0.0,0.0
1780418934.096044,qwen2.5-3b-instruct-q8_0.gguf,109.86,2.88565,0.0,0.0
1780418936.047889,qwen2.5-3b-instruct-q8_0.gguf,3842.67,3.69291,0.0,0.0
1780418936.555017,qwen2.5-3b-instruct-q8_0.gguf,3842.67,3.11465,0.0,0.0
1780418937.062206,qwen2.5-3b-instruct-q8_0.gguf,3842.67,2.39804,0.0,0.0
1780418937.568941,qwen2.5-3b-instruct-q8_0.gguf,3842.67,2.63459,0.0,0.0
1780418938.076288,qwen2.5-3b-instruct-q8_0.gguf,3842.67,2.70722,0.0,0.0
1780418938.583128,qwen2.5-3b-instruct-q8_0.gguf,3842.67,3.24721,0.0,0.0
1780418939.090047,qwen2.5-3b-instruct-q8_0.gguf,3842.67,2.89585,0.0,0.0
1780418939.597343,qwen2.5-3b-instruct-q8_0.gguf,3842.67,3.16558,0.0,0.0
1780418940.104299,qwen2.5-3b-instruct-q8_0.gguf,3842.67,2.83514,0.0,0.0
1780418940.611319,qwen2.5-3b-instruct-q8_0.gguf,3842.67,2.85784,0.0,0.0
1780418941.118337,qwen2.5-3b-instruct-q8_0.gguf,3842.67,2.6694400000000003,0.0,0.0
1780418941.625669,qwen2.5-3b-instruct-q8_0.gguf,3842.67,2.9585,0.0,0.0
1780418942.132328,qwen2.5-3b-instruct-q8_0.gguf,3842.67,3.14725,0.0,0.0
1780418942.6396108,qwen2.5-3b-instruct-q8_0.gguf,3842.67,3.4387399999999997,0.0,0.0
1780418943.146608,qwen2.5-3b-instruct-q8_0.gguf,3842.67,2.95371,0.0,0.0
1780418943.653314,qwen2.5-3b-instruct-q8_0.gguf,3842.67,2.7328699999999997,0.0,0.0
1780418944.160216,qwen2.5-3b-instruct-q8_0.gguf,3842.67,3.13444,0.0,0.0
1780418944.6674619,qwen2.5-3b-instruct-q8_0.gguf,3842.67,2.97112,0.0,0.0
1780418945.173928,qwen2.5-3b-instruct-q8_0.gguf,3842.67,3.06938,0.0,0.0
1780418945.6813529,qwen2.5-3b-instruct-q8_0.gguf,3842.67,3.07558,0.0,0.0
1780418946.1879911,qwen2.5-3b-instruct-q8_0.gguf,3842.67,2.98319,0.0,0.0
1780418948.396412,qwen2.5-3b-instruct-q8_0.gguf,3827.89,3.01142,0.0,0.0
1780418948.902838,qwen2.5-3b-instruct-q8_0.gguf,3827.91,2.34879,0.0,0.0
1780418949.410309,qwen2.5-3b-instruct-q8_0.gguf,3827.92,2.42525,0.0,0.0
1780418949.9166532,qwen2.5-3b-instruct-q8_0.gguf,3827.92,2.9332,0.0,0.0
1780418950.4236102,qwen2.5-3b-instruct-q8_0.gguf,3827.92,2.8834400000000002,0.0,0.0
1780418950.930578,qwen2.5-3b-instruct-q8_0.gguf,3827.92,3.20391,0.0,0.0
1780418951.4371982,qwen2.5-3b-instruct-q8_0.gguf,3827.92,3.43213,0.0,0.0
1780418951.944458,qwen2.5-3b-instruct-q8_0.gguf,3827.97,2.8208200000000003,0.0,0.0
1780418952.4519029,qwen2.5-3b-instruct-q8_0.gguf,3827.92,2.79725,0.0,0.0
1780418952.958316,qwen2.5-3b-instruct-q8_0.gguf,3827.92,2.98956,0.0,0.0
1780418953.465773,qwen2.5-3b-instruct-q8_0.gguf,3827.94,3.17163,0.0,0.0
1780418953.972857,qwen2.5-3b-instruct-q8_0.gguf,3827.94,2.957,0.0,0.0
1780418954.4801888,qwen2.5-3b-instruct-q8_0.gguf,3827.94,2.96273,0.0,0.0
1780418954.987242,qwen2.5-3b-instruct-q8_0.gguf,3827.95,2.98263,0.0,0.0
1780418955.4947479,qwen2.5-3b-instruct-q8_0.gguf,3827.95,3.1308499999999997,0.0,0.0
1780418956.00136,qwen2.5-3b-instruct-q8_0.gguf,3827.95,3.0893200000000003,0.0,0.0
1780418956.5086389,qwen2.5-3b-instruct-q8_0.gguf,3827.95,3.03057,0.0,0.0
1780418957.0155342,qwen2.5-3b-instruct-q8_0.gguf,3827.95,3.08503,0.0,0.0
1780418957.5229282,qwen2.5-3b-instruct-q8_0.gguf,3827.95,3.0299,0.0,0.0
1780418958.0299048,qwen2.5-3b-instruct-q8_0.gguf,3827.95,3.08749,0.0,0.0
1780418958.537063,qwen2.5-3b-instruct-q8_0.gguf,3827.95,2.89368,0.0,0.0
1780418959.052449,qwen2.5-3b-instruct-q8_0.gguf,95.52,2.88983,0.0,0.0
1780418961.17327,qwen2.5-3b-instruct-q8_0.gguf,3838.62,3.89273,0.0,0.0
1780418961.680067,qwen2.5-3b-instruct-q8_0.gguf,3838.62,2.7793099999999997,0.0,0.0
1780418962.187219,qwen2.5-3b-instruct-q8_0.gguf,3838.62,2.55209,0.0,0.0
1780418962.694294,qwen2.5-3b-instruct-q8_0.gguf,3838.62,2.49871,0.0,0.0
1780418963.2010822,qwen2.5-3b-instruct-q8_0.gguf,3838.62,2.70612,0.0,0.0
1780418963.708163,qwen2.5-3b-instruct-q8_0.gguf,3838.62,3.01973,0.0,0.0
1780418964.214772,qwen2.5-3b-instruct-q8_0.gguf,3838.62,3.0099699999999996,0.0,0.0
1780418964.721777,qwen2.5-3b-instruct-q8_0.gguf,3838.62,2.76609,0.0,0.0
1780418965.229321,qwen2.5-3b-instruct-q8_0.gguf,3838.58,2.8447199999999997,0.0,0.0
1780418965.7361422,qwen2.5-3b-instruct-q8_0.gguf,3838.58,2.89631,0.0,0.0
1780418966.243297,qwen2.5-3b-instruct-q8_0.gguf,3838.58,3.33176,0.0,0.0
1780418966.7510989,qwen2.5-3b-instruct-q8_0.gguf,3838.58,3.2043000000000004,0.0,0.0
1780418967.257586,qwen2.5-3b-instruct-q8_0.gguf,3838.58,3.04445,0.0,0.0
1780418967.765142,qwen2.5-3b-instruct-q8_0.gguf,3838.58,3.20727,0.0,0.0
1780418968.271504,qwen2.5-3b-instruct-q8_0.gguf,3838.58,2.98818,0.0,0.0
1780418968.778433,qwen2.5-3b-instruct-q8_0.gguf,3838.58,2.77954,0.0,0.0
1780418969.285146,qwen2.5-3b-instruct-q8_0.gguf,3838.59,2.89756,0.0,0.0
1780418969.792259,qwen2.5-3b-instruct-q8_0.gguf,3838.59,3.25133,0.0,0.0
1780418970.299671,qwen2.5-3b-instruct-q8_0.gguf,3838.59,3.03669,0.0,0.0
1780418970.806415,qwen2.5-3b-instruct-q8_0.gguf,3838.59,2.85604,0.0,0.0
1780418971.313472,qwen2.5-3b-instruct-q8_0.gguf,3838.59,3.01938,0.0,0.0
1780418973.593191,qwen2.5-3b-instruct-q8_0.gguf,3837.28,3.1461300000000003,0.0,0.0
1780418974.0999858,qwen2.5-3b-instruct-q8_0.gguf,3837.3,2.35999,0.0,0.0
1780418974.6070158,qwen2.5-3b-instruct-q8_0.gguf,3837.3,2.31976,0.0,0.0
1780418975.114866,qwen2.5-3b-instruct-q8_0.gguf,3837.3,2.59811,0.0,0.0
1780418975.621911,qwen2.5-3b-instruct-q8_0.gguf,3837.3,2.88883,0.0,0.0
1780418976.128556,qwen2.5-3b-instruct-q8_0.gguf,3837.3,3.01702,0.0,0.0
1780418976.635057,qwen2.5-3b-instruct-q8_0.gguf,3837.31,3.30927,0.0,0.0
1780418977.142326,qwen2.5-3b-instruct-q8_0.gguf,3837.31,2.97053,0.0,0.0
1780418977.649646,qwen2.5-3b-instruct-q8_0.gguf,3837.31,3.1373,0.0,0.0
1780418978.157036,qwen2.5-3b-instruct-q8_0.gguf,3837.31,2.8836,0.0,0.0
1780418978.664343,qwen2.5-3b-instruct-q8_0.gguf,3837.31,3.1088299999999998,0.0,0.0
1780418979.1713011,qwen2.5-3b-instruct-q8_0.gguf,3837.31,2.66791,0.0,0.0
1780418979.678699,qwen2.5-3b-instruct-q8_0.gguf,3837.31,2.85996,0.0,0.0
1780418980.1853309,qwen2.5-3b-instruct-q8_0.gguf,3837.31,2.80002,0.0,0.0
1780418980.692844,qwen2.5-3b-instruct-q8_0.gguf,3837.31,3.0332,0.0,0.0
1780418981.199604,qwen2.5-3b-instruct-q8_0.gguf,3837.31,2.96547,0.0,0.0
1780418981.706584,qwen2.5-3b-instruct-q8_0.gguf,3837.31,2.72214,0.0,0.0
1780418982.2141812,qwen2.5-3b-instruct-q8_0.gguf,3837.31,3.26188,0.0,0.0
1780418982.720754,qwen2.5-3b-instruct-q8_0.gguf,3837.31,3.06392,0.0,0.0
1780418983.227679,qwen2.5-3b-instruct-q8_0.gguf,3837.31,2.938,0.0,0.0
1780418983.735934,qwen2.5-3b-instruct-q8_0.gguf,104.88,3.25061,0.0,0.0
1780418985.817934,qwen2.5-3b-instruct-q8_0.gguf,3847.39,3.1495900000000003,0.0,0.0
1780418986.323179,qwen2.5-3b-instruct-q8_0.gguf,3847.39,2.17574,0.0,0.0
1780418986.831253,qwen2.5-3b-instruct-q8_0.gguf,3847.41,2.125,0.0,0.0
1780418987.337541,qwen2.5-3b-instruct-q8_0.gguf,3847.41,2.84589,0.0,0.0
1780418987.844702,qwen2.5-3b-instruct-q8_0.gguf,3847.41,3.00082,0.0,0.0
1780418988.3525288,qwen2.5-3b-instruct-q8_0.gguf,3847.41,3.1505300000000003,0.0,0.0
1780418988.8589308,qwen2.5-3b-instruct-q8_0.gguf,3847.41,3.1359899999999996,0.0,0.0
1780418989.365993,qwen2.5-3b-instruct-q8_0.gguf,3847.41,3.00882,0.0,0.0
1780418989.873009,qwen2.5-3b-instruct-q8_0.gguf,3847.39,2.8811,0.0,0.0
1780418990.3800929,qwen2.5-3b-instruct-q8_0.gguf,3847.39,2.7821,0.0,0.0
1780418990.8869288,qwen2.5-3b-instruct-q8_0.gguf,3847.39,2.99919,0.0,0.0
1780418991.394636,qwen2.5-3b-instruct-q8_0.gguf,3847.39,3.0223299999999997,0.0,0.0
1780418991.901493,qwen2.5-3b-instruct-q8_0.gguf,3847.39,3.2929899999999996,0.0,0.0
1780418992.408545,qwen2.5-3b-instruct-q8_0.gguf,3847.39,2.7126,0.0,0.0
1780418992.91591,qwen2.5-3b-instruct-q8_0.gguf,3847.39,3.03946,0.0,0.0
1780418993.422782,qwen2.5-3b-instruct-q8_0.gguf,3847.39,2.80826,0.0,0.0
1780418993.929832,qwen2.5-3b-instruct-q8_0.gguf,3847.39,3.05187,0.0,0.0
1780418994.435999,qwen2.5-3b-instruct-q8_0.gguf,3847.39,2.92096,0.0,0.0
1780418994.9431858,qwen2.5-3b-instruct-q8_0.gguf,3847.39,2.97098,0.0,0.0
1780418995.45024,qwen2.5-3b-instruct-q8_0.gguf,3847.39,3.01704,0.0,0.0
1780418995.95739,qwen2.5-3b-instruct-q8_0.gguf,3847.39,2.87017,0.0,0.0
1780418998.534246,qwen2.5-3b-instruct-q8_0.gguf,3849.55,3.73144,0.0,0.0
1780418999.0408041,qwen2.5-3b-instruct-q8_0.gguf,3849.55,2.5265500000000003,0.0,0.0
1780418999.5481138,qwen2.5-3b-instruct-q8_0.gguf,3849.55,2.49451,0.0,0.0
1780419000.05473,qwen2.5-3b-instruct-q8_0.gguf,3849.55,2.67519,0.0,0.0
1780419000.563391,qwen2.5-3b-instruct-q8_0.gguf,3849.56,2.83723,0.0,0.0
1780419001.069459,qwen2.5-3b-instruct-q8_0.gguf,3849.56,2.9940700000000002,0.0,0.0
1780419001.576824,qwen2.5-3b-instruct-q8_0.gguf,3849.56,2.7790100000000004,0.0,0.0
1780419002.083615,qwen2.5-3b-instruct-q8_0.gguf,3849.56,3.25483,0.0,0.0
1780419002.5905879,qwen2.5-3b-instruct-q8_0.gguf,3849.56,3.0564400000000003,0.0,0.0
1780419003.0973089,qwen2.5-3b-instruct-q8_0.gguf,3849.56,2.9482,0.0,0.0
1780419003.604118,qwen2.5-3b-instruct-q8_0.gguf,3849.56,2.85734,0.0,0.0
1780419004.112023,qwen2.5-3b-instruct-q8_0.gguf,3849.56,2.8918600000000003,0.0,0.0
1780419004.6182349,qwen2.5-3b-instruct-q8_0.gguf,3849.56,3.1274,0.0,0.0
1780419005.125159,qwen2.5-3b-instruct-q8_0.gguf,3849.56,2.64693,0.0,0.0
1780419005.63262,qwen2.5-3b-instruct-q8_0.gguf,3849.56,3.19547,0.0,0.0
1780419006.1398542,qwen2.5-3b-instruct-q8_0.gguf,3849.56,3.06808,0.0,0.0
1780419006.646579,qwen2.5-3b-instruct-q8_0.gguf,3849.56,2.90244,0.0,0.0
1780419007.15345,qwen2.5-3b-instruct-q8_0.gguf,3849.56,2.87493,0.0,0.0
1780419007.660905,qwen2.5-3b-instruct-q8_0.gguf,3849.56,2.76022,0.0,0.0
1780419008.174352,qwen2.5-3b-instruct-q8_0.gguf,117.12,3.26756,0.0,0.0
1780419010.447999,qwen2.5-3b-instruct-q8_0.gguf,3849.56,3.65769,0.0,0.0
1780419010.954485,qwen2.5-3b-instruct-q8_0.gguf,3849.58,2.39422,0.0,0.0
1780419011.461899,qwen2.5-3b-instruct-q8_0.gguf,3849.58,2.5835100000000004,0.0,0.0
1780419011.9686,qwen2.5-3b-instruct-q8_0.gguf,3849.58,2.66168,0.0,0.0
1780419012.4757519,qwen2.5-3b-instruct-q8_0.gguf,3849.58,2.81179,0.0,0.0
1780419012.98268,qwen2.5-3b-instruct-q8_0.gguf,3849.61,3.02196,0.0,0.0
1780419013.489734,qwen2.5-3b-instruct-q8_0.gguf,3849.61,2.94095,0.0,0.0
1780419013.997201,qwen2.5-3b-instruct-q8_0.gguf,3849.61,3.0712800000000002,0.0,0.0
1780419014.5037131,qwen2.5-3b-instruct-q8_0.gguf,3849.61,3.14094,0.0,0.0
1780419015.011394,qwen2.5-3b-instruct-q8_0.gguf,3849.61,2.87438,0.0,0.0
1780419015.5180569,qwen2.5-3b-instruct-q8_0.gguf,3849.61,3.11985,0.0,0.0
1780419016.025318,qwen2.5-3b-instruct-q8_0.gguf,3849.61,2.86971,0.0,0.0
1780419016.532126,qwen2.5-3b-instruct-q8_0.gguf,3849.61,2.84637,0.0,0.0
1780419017.0383072,qwen2.5-3b-instruct-q8_0.gguf,3849.61,3.03296,0.0,0.0
1780419017.5452008,qwen2.5-3b-instruct-q8_0.gguf,3849.56,3.09794,0.0,0.0
1780419018.051836,qwen2.5-3b-instruct-q8_0.gguf,3849.56,2.75235,0.0,0.0
1780419018.559008,qwen2.5-3b-instruct-q8_0.gguf,3849.56,2.96079,0.0,0.0
1780419019.066072,qwen2.5-3b-instruct-q8_0.gguf,3849.56,2.9505100000000004,0.0,0.0
1780419019.5732648,qwen2.5-3b-instruct-q8_0.gguf,3849.56,3.0063899999999997,0.0,0.0
1780419020.080704,qwen2.5-3b-instruct-q8_0.gguf,3849.56,2.91925,0.0,0.0
1780419020.595142,qwen2.5-3b-instruct-q8_0.gguf,117.12,3.1184499999999997,0.0,0.0
1780419022.727797,qwen2.5-3b-instruct-q8_0.gguf,3846.17,3.2078,0.0,0.0
1780419023.234421,qwen2.5-3b-instruct-q8_0.gguf,3846.2,2.2408099999999997,0.0,0.0
1780419023.741756,qwen2.5-3b-instruct-q8_0.gguf,3846.25,2.38056,0.0,0.0
1780419024.2483041,qwen2.5-3b-instruct-q8_0.gguf,3846.25,2.43265,0.0,0.0
1780419024.7548642,qwen2.5-3b-instruct-q8_0.gguf,3846.25,2.96857,0.0,0.0
1780419025.2620292,qwen2.5-3b-instruct-q8_0.gguf,3846.25,3.03994,0.0,0.0
1780419025.769428,qwen2.5-3b-instruct-q8_0.gguf,3846.25,3.0129699999999997,0.0,0.0
1780419026.2773929,qwen2.5-3b-instruct-q8_0.gguf,3846.25,3.15639,0.0,0.0
1780419026.7843971,qwen2.5-3b-instruct-q8_0.gguf,3846.2,3.06587,0.0,0.0
1780419027.291868,qwen2.5-3b-instruct-q8_0.gguf,3846.2,3.3251,0.0,0.0
1780419027.799159,qwen2.5-3b-instruct-q8_0.gguf,3846.2,2.99625,0.0,0.0
1780419028.306029,qwen2.5-3b-instruct-q8_0.gguf,3846.22,2.7729,0.0,0.0
1780419028.813119,qwen2.5-3b-instruct-q8_0.gguf,3846.22,3.0975300000000003,0.0,0.0
1780419029.319715,qwen2.5-3b-instruct-q8_0.gguf,3846.22,3.0973200000000003,0.0,0.0
1780419029.826921,qwen2.5-3b-instruct-q8_0.gguf,3846.22,2.82597,0.0,0.0
1780419030.334367,qwen2.5-3b-instruct-q8_0.gguf,3846.22,2.8057399999999997,0.0,0.0
1780419030.840757,qwen2.5-3b-instruct-q8_0.gguf,3846.22,3.06598,0.0,0.0
1780419031.347968,qwen2.5-3b-instruct-q8_0.gguf,3846.22,2.99683,0.0,0.0
1780419031.85439,qwen2.5-3b-instruct-q8_0.gguf,3846.22,2.96304,0.0,0.0
1780419032.361579,qwen2.5-3b-instruct-q8_0.gguf,3846.22,3.1329499999999997,0.0,0.0
1780419032.868599,qwen2.5-3b-instruct-q8_0.gguf,3846.22,3.0939099999999997,0.0,0.0
1780419035.03741,qwen2.5-3b-instruct-q8_0.gguf,3847.41,2.77262,0.0,0.0
1780419035.5443652,qwen2.5-3b-instruct-q8_0.gguf,3847.41,2.1997,0.0,0.0
1780419036.0501509,qwen2.5-3b-instruct-q8_0.gguf,3847.44,2.73078,0.0,0.0
1780419036.5573199,qwen2.5-3b-instruct-q8_0.gguf,3847.45,3.0444400000000003,0.0,0.0
1780419037.064079,qwen2.5-3b-instruct-q8_0.gguf,3847.45,2.7802399999999996,0.0,0.0
1780419037.5708318,qwen2.5-3b-instruct-q8_0.gguf,3847.45,3.4963200000000003,0.0,0.0
1780419038.0782259,qwen2.5-3b-instruct-q8_0.gguf,3847.45,2.7689899999999996,0.0,0.0
1780419038.584713,qwen2.5-3b-instruct-q8_0.gguf,3847.45,2.8145700000000002,0.0,0.0
1780419039.0917802,qwen2.5-3b-instruct-q8_0.gguf,3847.45,2.476,0.0,0.0
1780419039.599123,qwen2.5-3b-instruct-q8_0.gguf,3847.45,3.2382,0.0,0.0
1780419040.105887,qwen2.5-3b-instruct-q8_0.gguf,3847.45,2.91156,0.0,0.0
1780419040.6131241,qwen2.5-3b-instruct-q8_0.gguf,3847.45,2.96626,0.0,0.0
1780419041.1203341,qwen2.5-3b-instruct-q8_0.gguf,3847.45,3.11165,0.0,0.0
1780419041.627502,qwen2.5-3b-instruct-q8_0.gguf,3847.45,3.26325,0.0,0.0
1780419042.13308,qwen2.5-3b-instruct-q8_0.gguf,3847.44,3.0765700000000002,0.0,0.0
1780419042.6400142,qwen2.5-3b-instruct-q8_0.gguf,3847.44,2.94763,0.0,0.0
1780419043.1467168,qwen2.5-3b-instruct-q8_0.gguf,3847.44,2.9880500000000003,0.0,0.0
1780419043.653492,qwen2.5-3b-instruct-q8_0.gguf,3847.44,2.9777199999999997,0.0,0.0
1780419044.160765,qwen2.5-3b-instruct-q8_0.gguf,3847.45,2.95161,0.0,0.0
1780419044.667209,qwen2.5-3b-instruct-q8_0.gguf,3847.45,3.07179,0.0,0.0
1780419045.174122,qwen2.5-3b-instruct-q8_0.gguf,3847.45,3.03405,0.0,0.0
